:020000022000DC
:10600000C0980020C5B102005FA70400B1B1020032
:10601000B1B10200B1B10200B1B102000000000054
:10602000000000000000000000000000D5B20200E7
:10603000B1B102000000000045B20200B1B102009F
:10604000E5B4020005D90300E5B40200E5B402009E
:10605000E5B40200E5B40200E5B40200E5B40200D4
:10606000E5B40200E5B40200E5B40200E5B40200C4
:10607000E5B40200E5B40200E5B40200E5B40200B4
:10608000E5B40200E5B40200E5B40200E5B40200A4
:10609000E5B40200E5B40200E5B40200E5B4020094
:1060A000E5B40200E5B40200E5B40200E5B4020084
:1060B000E5B40200E5B40200E5B40200E5B4020074
:1060C000E5B40200E5B40200E5B40200E5B4020064
:1060D000E5B40200E5B40200E5B40200E5B4020054
:1060E000E5B40200E5B40200E5B40200E5B4020044
:1060F000E5B40200E5B40200E5B40200E5B4020034
:1061000053B94AB9002908BF00281CBF4FF0FF311E
:106110004FF0FF3000F00CB8ADF1080C6DE904CE83
:1061200000F022F8DDF804E0DDE9022304B0704756
:10613000704700BF10F8012B11F8013B012A28BF5E
:106140009A42F7D0D01A7047034611F8012B03F892
:10615000012B002AF9D17047034613F8012B002ABE
:10616000FBD1181A013870472DE9F04786468C4656
:106170000846089E154674461946002B40F0C2801A
:106180008542B2FA82F245D94AB1C2F1200300FA3F
:1061900002FC2EFA03F3954043EA0C0C94404FEABC
:1061A000154EA8B2BCFBFEF8230C0EFB18CC08FB66
:1061B00000F943EA0C43994528D9EB1808F1FF3759
:1061C00004D2994502D9A8F102072B44A3EB090395
:1061D000A4B2B3FBFEFC0EFB1C330CFB00F044EA44
:1061E0000344A04214D92C190CF1FF3304D2A0426D
:1061F00002D9ACF102032C44241A43EA07401EB131
:10620000D440002334607360BDE8F0874746DDE783
:106210006346F1E792BB431B01214FEA154EAFB233
:10622000B3FBFEFC200C0EFB1C330CFB07F840EA12
:106230000343984562D9EB180CF1FF3004D298451E
:1062400002D9ACF102002B44A3EB0803A4B2B3FBC8
:10625000FEFC0EFB1C330CFB07F744EA0344A74289
:106260004ED92C190CF1FF3304D2A74202D9ACF15C
:1062700002032C44E41B43EA0040C0E7C2F12003C0
:1062800020FA03F1954090402EFA03F303434FEABE
:10629000154EAFB2B1FBFEFC0EFB1C10190C0CFB33
:1062A00007F841EA0041884504FA02F422D9691846
:1062B0000CF1FF3004D2884502D9ACF10200294428
:1062C000A1EB08019BB2B1FBFEFC0EFB1C110CFB09
:1062D00007F743EA01439F420ED9EB180CF1FF3157
:1062E00004D29F4202D9ACF102012B44DB1B41EAEC
:1062F000004192E76046E3E76146F7E76046A3E7BF
:106300006346B7E7834206D916B9002108467BE702
:10631000C6E900E0F9E7B3FA83F78FB9834201D306
:10632000724508D8BEEB020460EB030301209C46D3
:106330001EB9002168E73846FAE7C6E9004CF8E7DD
:10634000C7F1200CBB4022FA0CF41C432EFA0CF1CE
:1063500020FA0CF3B84001434FEA14490EFA07F54E
:10636000B3FBF9F81FFA84FE09FB18300B0C08FB8D
:106370000EFA43EA00439A4502FA07F240D9E318BD
:1063800008F1FF3004D29A4502D9A8F10200234453
:10639000A3EB0A0389B2B3FBF9F809FB183308FB36
:1063A0000EFE41EA03418E452CD9611808F1FF33F6
:1063B00004D28E4502D9A8F10203214443EA0040E9
:1063C000A0FB0298A1EB0E014145CE46434602D305
:1063D00006D14D4504D2B9EB020E68EB0403013837
:1063E000002EA6D0B5EB0E0261EB030101FA0CFC06
:1063F00022FA07F34CEA0303F940C6E9003198E7B3
:106400004046C5E74346D9E7F7B5002101AA40F663
:10641000034006F061F90446002869D10198C36879
:106420001B788BB9BFF35B8FB94B1A68BFF35B8FD7
:1064300002F00902BFF35B8F53E8001F43E800241A
:10644000002CF9D1BFF35B8F05F0B0FA01AA00214F
:1064500041F2030006F040F90446002848D1019AB1
:10646000AC4DD168D1F80100D1F8051005F17803E1
:1064700003C3104605F09AFA214601AA41F2010031
:1064800006F02AF9044698BB0198C3685A7885F843
:1064900070205A88A5F872201A7985F87120B3F80F
:1064A0000720A5F87420B3F80530A5F8763005F07C
:1064B0007DFA214601AA41F2020006F00DF90446D8
:1064C000B0B9019FFA6805F18006531C4132186883
:1064D0005968344603C4083393422646F7D13846F8
:1064E00005F064FA95F87C305B0604D46FF0120472
:1064F000204603B0F0BD01AA002142F2030006F0DD
:10650000EBF804460028F3D1019B834EDA68D2F8F9
:106510000100D2F8051003C6184605F047FA2146D7
:1065200001AA42F2020006F0D7F804460028DFD1A3
:10653000019CE368B3F8012091B249B1D97839B12F
:10654000A5F80421DA78114606F1280029F030FC7C
:10655000204605F02BFA95F87C601F2316F02006E4
:10656000A5F8203118D1022140F66D4005F01EFF3C
:106570000446002800F0C48002210C3024F09FF96A
:106580000123037046702146324640F66D4006F006
:10659000A3F804460028ABD195F89C301F0712D50C
:1065A00001AA002142F21C0006F096F804460028D9
:1065B0009ED10198C368D3F80120D3F80530C5E90E
:1065C000382305F0F3F995F8D8309E0624D50DF15F
:1065D0000201684624F0F3FD0446002888D1042116
:1065E00042F2240005F0E2FE0646002800F0888012
:1065F00004210C3024F063F9BDF800300380BDF8AD
:10660000023043802246314642F2240006F064F80C
:10661000044600287FF46CAF95F8D8305C0610D59E
:1066200001AA002142F22A0006F056F8044600288A
:106630007FF45EAF0198C3685B7885F8223105F07E
:10664000B5F9082142F2010005F0B0FE0446002829
:1066500056D008210C3024F032F995F8D81011F0FA
:10666000400F024640F2022308BF032388074CBFB5
:1066700043F02C0043F00C0095F8D9308F0648BF4A
:1066800040F0400013F0090F18BF40F40060CE073F
:1066900048BF40F01000002124F083FB2146002277
:1066A00042F2010006F018F8044600287FF420AFFB
:1066B00095F87C30B5F80411980624D4C9B901AA1C
:1066C00041F2050006F008F8044600287FF410AFF8
:1066D000B5F80431019C4BB9E368B3F80120A5F883
:1066E00004219A880D48114629F062FB204605F0E6
:1066F0005DF9082140F6014005F058FE044678B9DE
:106700006FF06804F4E60029F3D16FF00404EFE6BB
:10671000D400002000000020D80000200801002044
:1067200008210C3024F0CBF895F8D830D907024670
:1067300053BF4FF000512CA1D1E90001284824F0AB
:1067400030FB2146002240F6014005F0C5FF04461B
:1067500000287FF4CDAE014601AA4FF6014005F0B6
:10676000BBFF044620BB019805F020F9214601AA91
:106770004FF6024005F0B0FF0446C8B90198C3685F
:10678000B3F80130A5F8C13005F010F995F8C13023
:106790005B070DD501AA21464FF6034005F09CFF8B
:1067A00030B90198C3685B7885F8C03005F0FEF811
:1067B00024F0DCFE044600287FF49AAE08F076F858
:1067C000044600287FF494AEEB79002B3FF490AEA2
:1067D0000821044824F047FA05F0CEFE88E600BF01
:1067E00010880002D4000020908800020080002061
:1067F0002DE9F843D0E90738856903EB08042F3405
:10680000A5420F46164619D8DFF87080A3FB080191
:1068100017A3D3E90023FFF773FC0346601BA0FB1B
:10682000080123F07F4412A3D3E90023FFF768FC9B
:1068300020F07F403C603060BDE8F883DFF83C909A
:106840000BA3D3E90023A5FB0901FFF759FC20F0B6
:106850007F4409480A2106A3D3E90023E8FB090184
:10686000FFF74EFC20F07F403C603060BDE8F883CD
:106870008D49FD1A0700000000166BF100CA9A3B13
:106880009FED097B0E4B0F4A0F4983ED007B9FED77
:10689000087B82ED007B9FED087B0C4B002281ED95
:1068A000007B1A600EF0D0BAFFFFFFFFFF1F000051
:1068B00000000000000000001F00000000000000B9
:1068C00090010020E81E002088010020F0440020F4
:1068D000002800F05F812DE9F04FB54C94F86A2054
:1068E00012F001058DB040F0A68194F82500FF2339
:1068F00000F0030084F8263016F0DEFB94F86A00FE
:10690000420727D494F8292094F8353004EB82020A
:1069100004EB8303D66AD3F8388086B1A4483146A5
:1069200010F06CF833785B0605D506210BF01CFAE5
:10693000002800F082819E48414610F05FF83378CD
:1069400013F00E0F40F0B780236A93B10C200DB006
:10695000BDE8F08F2A4604F16B01C0F3C00016F0C9
:1069600023FDFF2884F82600CCD0284616F0BEFB75
:10697000C8E70DF03BFD8146002800F06C810DF06A
:1069800041FD8246002800F0638110F03FFB054680
:10699000002800F06281D0F894004FF6FF732B8638
:1069A00005F11C0B002800F04E8105F1840105F172
:1069B00088020BF0E5F9B5F882307E4A23F4EF63E4
:1069C00023F0070343F48C7343F00103A5F88230EE
:1069D0001346D2F80120C5F8AB21C5F8B12113F850
:1069E000012B9B88A5F8AF31A5F8B53195F8AA31F0
:1069F00002F0010262F3000362F3410385F8AA3159
:106A000095F8433003F03F0363F07F0385F843308C
:106A100095F89A3023F0070385F89A3095F84830B6
:106A200023F00F03002785F848304FF4C023C5F842
:106A300098312846C5E91577C5F89470A5F898707F
:106A400085F84570EF86C5F83A70EF65A5F89E7138
:106A5000A5F8947112F0C4FC85F86071C5F86491D2
:106A600010F0C0FD95F8A43160F3020385F8A4315D
:106A700010F0BEFD95F8A43160F3C50385F8A4318C
:106A800095F8903167F3410385F89031012128464C
:106A900011F008FA05F1E00012F07AFAC4E9189A48
:106AA000C4F820B0C5E905772F70ED6117F05EFDE1
:106AB000002840F0C48094F824300121C3F342033D
:106AC0000DF12B008DF82B300BF0F8FA0246002860
:106AD00062D098F8011030460FF04AFD3123364954
:106AE000A360364BB4F86870A0FB01010025C01804
:106AF00041F107012CA3D3E90023C4E90555257012
:106B00006560E560FFF7FCFA20610CF097FD00F18D
:106B100009083FB9357805F00F05A5F10105B5FA6B
:106B200085F56D0994F82400236965F3000010F0E1
:106B3000010584F824004BD0214A099200201060FE
:106B40000225204A204F04930BAE019305920321A6
:106B5000CDE90200069443460090089607972A461E
:106B60000B950CF06DFC31460DF002FDA0B91749F4
:106B700005914AF2D8330093CDE90300CDE9010035
:106B80000797089606944346012203210B950CF0C3
:106B90003BFC43E00FF03CBC236A002B3FF4D6AE35
:106BA0000FF0F2FBD2E600BF8D49FD1A070000008E
:106BB000284500202240050000CA9A3B8C49FD1A56
:106BC0001C450020ED6503009D370300D1600300E4
:106BD000274A2848049303F247130694029591210B
:106BE0001360A7FB000301FB0731234B0793234BE3
:106BF00005934FF6FF730992022703930BAE1AA376
:106C0000D3E900230B970896FFF77AFA4346CDE9BC
:106C100000503A46284603210CF012FC31460DF094
:106C2000A7FC0028B8D194F86A300120034384F807
:106C30006A3016F023FA002089E6122087E60FF06A
:106C4000A3FB032083E605F18C00C5F89400ACE6B5
:106C500048460DF0D1FB072079E650460DF0D8FBF1
:106C600048460DF0C9FBF6E78D49FD1A0700000004
:106C70001C450020002AE7849D370300ED650300D2
:106C800070B590F824308AB0C3F342030D46044631
:106C900001210DF1230016468DF823300BF00EFA7A
:106CA0007178024628460FF063FC1F491F4AA0FB7B
:106CB0000131981841F1070119A3D3E90023FFF727
:106CC0001FFA23699842054621D21B1A002201921D
:106CD000174A0293174BA21AA3FB02320221920910
:106CE00000230A4409AE099113490591CDE9033304
:106CF0000321D2B20696009318460CF001FC3146EF
:106D00000DF036FC38B9256100200AB070BDFBD902
:106D1000C21A0023DBE70C200AB070BDAFF300807D
:106D20008D49FD1A0700000000CA9A3B8C49FD1AE4
:106D300028450020898888889D37030000000000CE
:106D40002DE9F04F06468DB08A4601200221994672
:106D5000154619F0A9FB00220B90022101200BF02F
:106D60005FF83B494FF4DC7230460AF0E9FFC71C7C
:106D7000384B0093FFB201964B463A460121002062
:106D80000CF018FC10F0FD0F0ED0334A3349344894
:106D900040F68F0322F074FD002383F31188BFF3C4
:106DA0006F8F0323184602DF2E4CA5FB044526A354
:106DB000D3E9002320462946FFF7A2F90896069654
:106DC00033690493284B20F07F48A8FB0331E01A75
:106DD000264B07934FF00702254B059302FB081142
:106DE0004FF6FE7365EB010103934FF47A720023B3
:106DF000FFF786F94FF0000BCDE90180CDF800A038
:106E00004B463A46012158460CF0FEFA10F0FD0FB1
:106E10000DD0114A1149124840F6A40322F030FD6A
:106E20008BF31188BFF36F8F0323184602DF0B9B90
:106E300013B90DB0BDE8F08F0122022110460DB04C
:106E4000BDE8F04F0AF0ECBF8D49FD1A07000000C5
:106E5000F01E0020AD6F0300782205003C230500E2
:106E6000581D050000CA9A3B8D49FD1A4D6F03005D
:106E700065C50300000000002DE9F0418468228E02
:106E80004FF6FF739A428CB045D00546204612F06B
:106E900045FD2B7D012B00F02281022B00F0158196
:106EA000002B00F0F48094F86061002E40F0108117
:106EB0002B8A678F94F94320CDE90A6673B3002AC1
:106EC000C0F25A810023A4F89A31AA7C238FFD18BE
:106ED00002F003030135012BADB23BD0B4F89E3173
:106EE000002B00F005819D4280F059815B1B9BB215
:106EF0000022062BA4F89E31628740F2F68094F9B6
:106F000043309342C0F25081002326E09DF82710C1
:106F1000204610F08BFC0CB0BDE8F081002AB8BF11
:106F200084F88561238FAA7CFD1802F003030135E4
:106F3000012BADB20ED0B4F89A31002BCED0AB42BB
:106F400040F23C815B1BA4F89A31B4F89E31002BCF
:106F5000C9D102E00023A4F89E3194F8482063F3DD
:106F6000820284F8482029460DF12702204612F0BB
:106F700073FA7430CAD0B4F898312BB1AB4240F2F6
:106F8000EC805B1BA4F89831B4F894312BB1AB4280
:106F900040F2DA805B1BA4F89431658F16B9AF42DA
:106FA00000F0C9800135ADB294F8DD3013F001076F
:106FB00031D1DDE90A130A46002B40F0CC800029CC
:106FC00000F0BB801F461846228EE4690694CDE986
:106FD000035603329A4D0290CDE90017D2B2012137
:106FE000002005950CF08CFA10F0FD0F93D00DF0F9
:106FF000E9FA84428FD0934A934994484FF4AE63A0
:1070000022F03EFC002383F31188BFF36F8F03232C
:10701000184602DF7FE794F943206FF30003002A4C
:1070200084F8DD307FDB94F88200C0F3C00100F00B
:10703000070017F0B3F8B4F87A20B4F878301344A6
:10704000628D03F23F1313440344814A81480721B0
:10705000E3FB0021104678A3D3E90023FFF750F8A3
:10706000DDE90A1320F07F4220692261904235BF9A
:10707000171A801A002000270A46002BA4D157EACD
:10708000010CA1D1002858D019461F469CE794F85E
:107090009A3003F01803182B7FF405AFA18EB4F8D3
:1070A00096218B1D9A42C4BF931F5B1AB4F89211AC
:1070B000CCBF9BB21346994200F09C80A4F8923159
:1070C000A4F89431A4F89821EDE63D2684F8606197
:1070D000314620460CB0BDE8F04110F0A7BB0023BC
:1070E000A4F89831A4F89431DDE60126334634E75C
:1070F000628E052A97BF013240F2E2434FF4FA73E1
:1071000092B203FB02F2B4F89C3142F2107101FB1F
:107110000323013BB3FBF2F39BB2A4F89E31002B97
:107120007FF4E1AE19E794F88300012100F0070035
:1071300017F036F87FE7354636E7002D43D00027B5
:10714000114638463B463FE70023A4F894312046D9
:1071500012F024FA21E7384636E70DF09BF9014694
:10716000A0B30023A4F89831238EC3801B2303719E
:1071700000680DF05FF907E794F885316BB3013BC8
:1071800084F8853104F1E008404611F043FFB8B3BC
:10719000404611F03FFFB8B30023638792E6082111
:1071A000204610F043FBB6E6A7B9D4F888315A0858
:1071B00013F0010336D1C4F88821A5E63E2120460C
:1071C00010F034FBA7E6002EB9D1A4E60123A4F801
:1071D0009831D9E613460126BFE60AAA0BA928462C
:1071E000FFF706FBDDE90A231343CBD0237884F8AD
:1071F0008531C7E7B4F8981100297FF454AE5FE7F2
:10720000FF2010F0CFFAC3E70246D4E921010AF0CB
:10721000CFFD0028C0D194F848301B0744BFA38E8F
:1072200063874FE642F000421E46C4F888213B4681
:1072300093E600BFAFF300808D49FD1A0700000000
:10724000096F030078220500B8230500581D0500CA
:107250008C49FD1A00CA9A3B2DE9F04F87B0CDE961
:107260000423BDF8442003780292BDF84820BDF8FD
:1072700040A0BDF84C90878F019104460392002BEB
:1072800000F0D480013FBFB2A368D4F81CB1A7EBD3
:10729000090292B2002B00920ADAE168626823F0D8
:1072A000004391422CBF8B449344A360ABEB030B90
:1072B00094F88200C0F3C00100F0070016F06EFFE2
:1072C000658E052D40F2AA80009B15FB03F5ADB23B
:1072D00040F2E248BAF1050F40F29480B4F87A2007
:1072E000B4F87830134403F2D51303447A4A7B4848
:1072F0000721E3FB00214FF09613A362962310466B
:10730000A38573A3D3E90023FEF7FAFE564620F0C7
:107310007F4040F2E24308FB05F103FB06F6B1FBB8
:10732000F6F81FFA88F5206106FB05F08142A846B1
:107330005AD2401A694966A3D3E90023A0FB010190
:10734000FEF7DEFE20F07F408344E38EB4F8242174
:107350001344994494F84330A9EB0709C844DB0966
:10736000A4F8368069D15E4A5E495F4840F66713EB
:1073700022F086FA002585F31188BFF36F8F03236F
:10738000184602DF3746029BA386039BA4F89C3174
:1073900031462046A4F832A012F09AF8534BA18E41
:1073A0003344881DB3FBF6F39AB29042A4F89621B9
:1073B00004D2C1F57F41FA310A4492B2019BA4F88C
:1073C000922113B10023A4F89E315B463A46294628
:1073D0002046FFF7B5FC94F8903143F0010384F8A0
:1073E000903107B0BDE8F08F091A3C4838A3D3E9C3
:1073F0000023A1FB0001FEF783FE20F07F40ABEBF2
:10740000000BA2E74FF096130AF10106A362962340
:10741000A385B6B20A204FF4FA737CE7009B0135CE
:1074200015FB03F5ADB24FF4FA7853E7C38E1F4452
:10743000B0F824311F44BFB226E7E26C0099636DB7
:1074400002FB1133636517F0E1F8074694F88401F5
:10745000C0F3420017F0DCF8074406FB07F7244BA3
:1074600007F5742707F23F27A3FB0737BF0C636DAF
:10747000E76405FB07F072080344963A934228BF7D
:107480001346C4E91423049B144D40F2E24808FB60
:1074900003F3E3650023A0FB0501C4F88C310CA3C2
:1074A000D3E90023FEF72CFE124B059AABEB000B41
:1074B000A3FB0230800A08FB00F0A0FB050104A337
:1074C000D3E90023FEF71CFEF71B20F07F455AE7A7
:1074D0008D49FD1A070000008C49FD1A00CA9A3B2D
:1074E00078220500301E0500581D05007FC3C90124
:1074F00083DE1B435917B7D12DE9F04F04460B68C3
:10750000077F1668D3F800A0638CD0F81E0095B0F2
:1075100015464A7CADF84C30FF2AC7F380138846E5
:107520000D9212908DF83F3076D199461A4612ABE3
:1075300093E803000DF1400B1090ADF84410F809EA
:107540000AF1710127680A915B460C900B9710F0C5
:1075500055F80A99002847D196F8AA310C9A0A9052
:1075600069F3410362F3000386F8AA311098BBF86F
:107570000430C6F8B101A6F8B531DAF87130C6F8B2
:10758000AB318B88A6F8AF31E38D94F83010A97237
:107590002B81D4F82A306B60D4F83A30C5F8223009
:1075A00005F1220094F83E30037105210AF086FDB2
:1075B00095F8273000F03F0060F3050385F8273089
:1075C00094F83F30C3F3040185F82810A18EE982B6
:1075D000012803F01F0389B206D91B3303F01F03F0
:1075E0000B2B01D80A9A59BB0022CAF8142095F82F
:1075F0002C300B9862F3000385F82C30E5680126E7
:10760000214626710CF00AFF28682E7129460CF0DD
:1076100011FF15B0BDE8F08F0DF1400B10460DF1D4
:107620003F015A4615F0ACFA9DF83F90277F09F1CB
:1076300002095FFA89F98DF83F9009F001027EE7AF
:10764000D8F800305A60E38E2B83EB8A40F2E2498F
:1076500009FB03F71146638E0A93304611F04CFF85
:1076600094F83F3096F884215B0963F3430286F86F
:10767000842116F0CBFF0C9096F88401C0F34200F1
:1076800016F0C6FF0C9BC04A034407FB03F303F547
:10769000742303F23F23A2FB03239B0C2B637B0881
:1076A000963B6B6394F8313009FB03F36B64238FD3
:1076B000A6F89C313946304611F00AFFB34BB44A64
:1076C000C6F8A0213B44B3FBF7F39AB2A6F8962183
:1076D000298B881D824204DDC1F57F41FA310A44BD
:1076E00092B2A6F892216B68C6F88831234613F847
:1076F0001C2FC2F34019DA0700F103814FF48073A5
:10770000A3839AF8260015F063FF04F12B030028E9
:1077100000F0F380626AC4F82B20228D9A800D9BC2
:10772000FF2B00F02681BDF84C301298A4F82930C8
:10773000C4F82500BBF80430A4F8233010989DF855
:107740003F30C4F81F00A377EB8A63862B8BA38698
:10775000B6F89C31E38696F88431C3F3420384F88B
:10776000383030460FF05EFCA882E08021460B984E
:10777000D8F804400CF052FEAB8AE3801C23D4F806
:1077800000B02371B9F1000F40F0D28084F81C9052
:10779000214658460CF04EFE95F86700B5F85C900F
:1077A000B5F85E40012100F0070016F0F9FC4C44EA
:1077B00004F2D514DFF8E4910444834675484FF091
:1077C00096130721C5E90333E4FB090131230024A3
:1077D000B36074606AA3D3E90023F460FEF790FC01
:1077E00020F07F4030612D6B0A9A7D1BD8F80C7019
:1077F00040F2E24303FB02770221224601200AF015
:107800000FFB50460FF0B6F807F2B3470246A7EB5E
:107810000B07A7FB0901174659A3D3E90023FEF77D
:107820006FFCCDF804A0D8F808305B49009120F037
:107830007F49BA1C3A3BD2B24B44012120460BF09F
:10784000B9FE012800F081809AF82430DB0767D464
:1078500030460FF0E7FB514BA5FB035A044648A303
:10786000D3E9002328465146FEF74AFCD8F80830F1
:107870004B4A0792A3F13A084A4B069620F07F47FD
:10788000A7FB0331E81A484B05934FF4F5730893AF
:1078900033694FF0000BCDE903B34FF0070303FB4F
:1078A00007116AEB01014FF47A720023FEF728FCFE
:1078B0000334E4B2CDE90170CDF80090434622468E
:1078C000012158460BF0A0FD10F0FD0F0DD0374AF6
:1078D0003749384840F2EB1321F0D2FF8BF311887F
:1078E000BFF36F8F0323184602DF012202211046E7
:1078F0000AF096FA15B0BDE8F08FC4F82B00988016
:107900000DE72A4A2C492B48FD2321F0B9FF00231B
:1079100083F31188BFF36F8F0323184602DFEDE670
:10792000002301220093184611460BF001FE8FE759
:1079300095F8273043F0400385F82730281D14F0D0
:1079400029FF4FF00109288520E70CF03BFE824516
:107950003FF47AAF154A1949164840F2922321F0B4
:107960008FFF84F31188BFF36F8F0323184602DF64
:107970006AE70022C4F82520A4F82920DAE600BF2F
:107980008D49FD1A0700000083DE1B437FC3C90138
:10799000404B4C008C49FD1A25C5030000CA9A3B98
:1079A000F1C403008D49FD1A65C503009828050040
:1079B0003C230500581D05004C200500F428050057
:1079C00010B5334C3349002304F1FF3C14F8332045
:1079D000072A02EB820E05D811F83E206FF34512FC
:1079E00001F83E201CF833206FF300020CF833201E
:1079F0000133082BEAD1284A284C002313700A7857
:107A000063F300020A7091F8282063F3000281F802
:107A1000282091F8502063F3000281F8502091F85B
:107A2000782063F3000281F8782091F8A02063F3B6
:107A3000000281F8A02091F8C82063F3000281F8C9
:107A4000C82091F8F02063F3000281F8F02091F84B
:107A5000182163F3000281F81821114A9FED0A7B77
:107A60001370104B83ED007B0F4B236028B1BDE8F2
:107A700010400E490E4828F06BBABDE810400C4883
:107A800028F072BAAFF30080FFFFFFFFFFFFFFFF98
:107A9000BD5000207C4F0020A36A00208C4E0020A7
:107AA000A26A0020B8270020A0BB0D00E1D203008D
:107AB00088270020000000002DE9F04F8FB00DF165
:107AC00037010446DFF8E0A0DFF8E0800DF1360072
:107AD0000CF026FD9DF836309DF837B00B930BF077
:107AE000ADFDDAF80060A6FB085629A3D3E9002310
:107AF0000027814631462846FEF702FBCDE907778D
:107B0000069420F07F44DAF80400234B0593A0FB91
:107B100008011FA3D3E90023FEF7F2FA1F4B20F060
:107B20007F40A4FB0331072202FB0411CDE903705F
:107B3000E81A66EB01014FF47A720023FEF7E0FACF
:107B40000097CDE901404B460B985A4603210BF0B4
:107B50005BFC10F0FD0404D06FF08B000FB0BDE8AB
:107B6000F08F0F480F4A00231EF0B4FD20B9DAF859
:107B70000C000FB0BDE8F08F9DF837209DF836005F
:107B80000094234603210BF0D3FC6FF07300E5E76C
:107B90008D49FD1A070000008DD803008D49FD1A9C
:107BA00030510020447B0B004851002000CA9A3B12
:107BB00038B50F4D04460BF041FDA9680BF040FDB0
:107BC000696803460B48B3FBF4F4A1FB00011C44B5
:107BD00005A3D3E90023FEF793FA20F07F40844207
:107BE00094BF0020012038BD8D49FD1A0700000018
:107BF0004851002000CA9A3BF0B5C468636883B05E
:107C00000546002B64D117F0CFFF002017F0F2FFDC
:107C10000021084617F0E0FF00222521082018F077
:107C20001DF8474B019301A818F004F8454940F2AC
:107C30005B6018F0B5F8237AC3F3420262F30613CF
:107C40002046237216F000FF15F09EFD58BB637AA4
:107C50009B071FD127682E68384616F03BFA06446A
:107C60006A6806F10901012018F0E2F918F0A0FA9B
:107C700020460EF08BFE811C3246C9B2384616F003
:107C800037FA054678BB204616F0CCF988B90020B3
:107C900003B0F0BD012015F0E5F94178821C0078B1
:107CA00018F066F9D6E7607A10F0030018BF0120DB
:107CB000F1E7254A2549264840F2294321F0E0FD15
:107CC00085F31188BFF36F8F0323184602DFDEE7C9
:107CD00093F82C309A0796D01E48214617F022FFC1
:107CE00018F008F8D3E7184A1B49194840F2114325
:107CF00021F0C6FD194B0721A5FB030301FB05314C
:107D00000DA3D3E90023FEF7FBF9154902461548F8
:107D100021F0B6FD002585F31188BFF36F8F032393
:107D2000184602DF1048214617F0FCFE17F0E2FF6C
:107D30006FF08B00ACE700BF00CA9A3B0000000068
:107D4000D6BE898E55555500F02C05002C1F050018
:107D5000581D050081E20300301E05008D49FD1A03
:107D6000A02D0500742D05001DE603000000000095
:107D70002DE9F041C468A28A4FF6FF739A4282B09F
:107D800000F0DF80054617F0A3F92B89628B208C69
:107D9000A3831A4492B2104494F82730E28380B24D
:107DA000411C21845E064FF00001618304F1220131
:107DB00000F1A18003F03F000B4694F828100090DA
:107DC00004F1290014F09EFC0646D4E90C31A28B84
:107DD00002FB0333A26B1344E26B8B4294BFD218B5
:107DE00052188A4228BF0A46E263616C226C94F8FA
:107DF00067301144616494F87E2094F82C10C3F32A
:107E0000020363F3061112F004024FF0000384F83A
:107E10002C10A363236478D017F0C6FE002017F05F
:107E2000E9FE201D17F006FF2389A17A40F25B606E
:107E300043EA014117F0B4FF304616F06BF92146D2
:107E4000594817F06FFEA08918F0E6F894F86620FC
:107E500094F86700C2F3C003002102F0070200F0AB
:107E6000070018F003F8204617F0DCF927682E68A1
:107E7000384616F02FF906446A6806F10901002019
:107E800018F0D6F8804618F067F9002018F07EF94F
:107E9000E36B94F8670003F12F02636C00F00700B6
:107EA000012103EB420517F017FF4544054494F800
:107EB000670000F00700022825D004280CBF4FF40B
:107EC000BC73282301211D4417F008FF284418F033
:107ED00035F9A18A03313246C9B2384616F008F99D
:107EE0000546002834D1204616F09CF8D0B9002071
:107EF00002B0BDE8F0810A4603F03F03218D14F083
:107F00004DFC064661E71823DCE7D4E91A0109F0C5
:107F10004FFF002880D194F87E3043F0040384F8AA
:107F20007E3079E7214A224922484FF4B07321F08C
:107F3000A7FC85F31188BFF36F8F0323184602DF78
:107F4000D5E71D48214617F0EDFD17F0D3FECEE72B
:107F5000164A1A4917484FF4AB7321F091FC184B9D
:107F60000721A5FB030301FB05310DA3D3E9002382
:107F7000FEF7C6F813490246134821F081FC00259C
:107F800085F31188BFF36F8F0323184602DF0F4874
:107F9000214617F0C7FD17F0ADFE6FF08B00A7E785
:107FA00000CA9A3B000000009DF403002C2E05003F
:107FB0002C1F0500581D050081E20300301E05003E
:107FC0008D49FD1A802E0500742D05005DE2030029
:107FD00001481EF059BD00BFF001002007B528F090
:107FE00042F94FF47A72A0FB020302FB0131C00B8D
:107FF000074A40EA4140106000234FF40042054820
:10800000CDE900231FF0FAFB002003B05DF804FB6C
:10801000282C002098080020014B187800F0FCB9AB
:1080200060690020044B1A78824202D01870FFF772
:10803000F3BF0020704700BF6069002008B528F03A
:1080400012F94FF47A72A0FB020302FB0131114ACC
:10805000C30B126843EA41439B1A0F4A934214DD53
:1080600001F0C8F920B1BDE808400120FFF7DABFF0
:108070000220FFF7D7FF00F081F9002803DABDE8FE
:10808000084000F0B3B921F008FC47F230529342A7
:10809000E9DC08BD282C002080EE360008B528F069
:1080A000E2F84FF47A72A0FB020302FB0131C00B2D
:1080B000044A40EA41401060BDE808400020FFF754
:1080C000B1BF00BF282C0020014B1878704700BFBB
:1080D00060690020F8B5044610B900252846F8BDAF
:1080E0000378002BF9D00F4E0F4FBE420FD30D4E29
:1080F000BE42F2D2306827F068FC30B135682146C4
:108100002868FEF717F80028E8D00436F0E7306852
:1081100027F05BFC18B135682B68A342DED004362B
:10812000E3E700BF805305009453050070B5194C78
:10813000194D8CB00022002303A920461EF034F90B
:1081400008B10CB070BD2B68059E5868DDE90312BC
:1081500020F039FE0028EDDBFF238DF81830B6FA49
:1081600086F35B0907908DF8203028F07CF84FF4F7
:108170007A72A0FB020302FB0131C00B40EA4140CE
:10818000C90B8DE8030006ABCDE90A010FCB00F067
:108190005DF9CFE7A0090020742C00201FB50A4C20
:1081A0002468A46884420DD183F00103CDE9011253
:1081B000039306480022002301A91EF097F8044803
:1081C0001EF062FC04B010BD742C0020A009002039
:1081D000642C00201FB50023CDE90233044B8DF839
:1081E0000C0001A8019320F015FE05B05DF804FB1A
:1081F00008150500014B03600E2070472C2C002051
:1082000038B5044600282FD0194D2B68834229D059
:1082100053B1986840B183685B6803B198472B6895
:108220000021986801F0C6FC1249134B8C4214BF20
:10823000ED2100210E22002020F0DFFD002812DBBE
:10824000A0682C6070B1012101F0B4FC2B68986823
:1082500083680A491B6898472B68986883689B68FD
:1082600003B19847002038BD6FF01200FBE700BF54
:10827000742C0020F41405002C2C00209D81020099
:1082800038B5054648B90648FFF7BAFF041E02DBB9
:108290002846FFF79FFF204638BD6FF01504FAE728
:1082A000F4140500F7B50C4615460D4901AA1E4603
:1082B00022F011F968B1019B6BB9012C0DD1094F66
:1082C000224639463046A847002802DD3878FFF7B5
:1082D000D7FF03B0F0BD0020FBE76FF01500F8E713
:1082E000163C0500380800200148FFF789BF00BF91
:1082F000F414050008B50B480B4927F0DCFD0B48CA
:1083000022F026F818B10948012121F0F5FF084AAA
:10831000002342F8043B01330E2BFAD1BDE808409C
:10832000FFF7E2BF642C00202D810200000E050043
:108330002C2C0020F8B50F4D0F4E761B07460C462F
:1083400005EBC105C6F3C706A64201DC00200CE020
:108350002A683B689A4209D13C716B6838461B68B1
:10836000984718B1431E012BF0D9F8BD01340835E8
:10837000EAE700BFA84605000847050037B501A891
:108380001DF0FAFD174D019C00232B601823584364
:1083900018380444019B9C4202D2002003B030BD37
:1083A000204627F012FBD0B1204621F09BFFB0B948
:1083B000204621F0C3FF014688B9204601F0FAFBB0
:1083C00020F0200378330AD010F1860F07D0002860
:1083D000E4DB2B68044A42F8234001332B60183C4D
:1083E000D8E700BF782C00209208002070B5084D17
:1083F000084E2C68013C002C02DA00232B6070BD73
:1084000056F82400012101F0D5FB013CF3E700BF41
:10841000782C0020920800201FB50023CDE90233FC
:10842000044B8DF80C0001A8019320F0F3FC05B07B
:108430005DF804FB0C1505000268034B9A420CBF63
:1084400008300020704700BF0C15050084B030B51F
:1084500089B00CAC84E80F00002301930CAD084BED
:1084600000930FCD02AC0FC495E8030084E803002D
:10847000684620F0CFFC09B0BDE8304004B070473A
:10848000101505000268034B9A420CBF083000200B
:10849000704700BF101505001FB50023CDE902335A
:1084A000044B8DF80C0001A8019320F0B3FC05B03B
:1084B0005DF804FB1815050082B038B504A981E801
:1084C0000C00054611481DF063FD0446A0B16B6821
:1084D000012B0CD0022B05D0A3B9BDE8384002B067
:1084E00020F0AEBC20F0B3FC00282046F5DCBDE84F
:1084F000384002B020F09DBC6FF00400BDE8384069
:1085000002B070476FF08500F8E700BFD93C050066
:1085100082B010B502A981E80C0004460B481DF09A
:1085200037FD78B16368022B04D00020BDE810400D
:1085300002B0704720F08BFC0028CCBF0020012047
:108540006060F2E76FF00400F0E700BFD93C05007F
:108550000D4A52F82030013342F820300B4A0123F3
:10856000117883400B430A490978DBB2137023EA80
:1085700001030849084A097850780B43181A5370C8
:1085800018BF0120704700BF7C2C002063690020C9
:1085900061690020626900204608002010B5114A78
:1085A00052F82030002B19DD013B42F820300E4AF2
:1085B0002BB913780121814023EA010313700B4882
:1085C0000B4B047810780B4A5978127820EA040093
:1085D00010435870401A18BF012010BD6FF01500ED
:1085E000FBE700BF7C2C002063690020616900204C
:1085F0004608002062690020044A01231278834063
:10860000D8B213401B1A5842584170476369002082
:1086100010B5084B084A1870084B51781C78084B65
:108620001B7823EA040318435070401A18BF012036
:1086300010BD00BF6269002046080020616900206B
:1086400063690020074B00221A70074B074A19780C
:10865000074B50781B7823EA0103181A537018BF90
:1086600001207047626900206169002046080020EF
:1086700063690020A0F1E003072B03D82030C0B2CB
:10868000FFF766BF064B062213F8011F19B1013A26
:10869000FAD10020704718700028F8D0F9E700BF21
:1086A00048080020A0F1E003072B10B405D82030C3
:1086B0005DF8044BC0B2FFF771BF0023064A1946AC
:1086C00012F8014F0133A04208BF1170062BF7D1F9
:1086D00000205DF8044B704748080020A0F1E0033B
:1086E000072B03D82030C0B2FFF786BF064A00230D
:1086F00012F8011F884204D00133062BF8D1002064
:1087000070470120704700BF48080020024B00223C
:108710001A605A60704700BF47080020B0F5805FBC
:1087200010B510D20949002301EB4302B2F8014011
:1087300024B10133062BF7D1002010BDA2F80100AF
:108740000028F6D0F8E76FF08500F6E7390800203A
:1087500030B50023074C194604EB43020133B2F84D
:108760000150854204BF51709170062BF4D1002056
:1087700030BD00BF39080020024B00221A605A6049
:108780009A6070473A080020074A002302EB430131
:10879000B1F80110814204D00133062BF6D100203C
:1087A00070470120704700BF39080020004870471B
:1087B00046080020004870473908002010B50D4BCE
:1087C0001C78012C04D0022C0BD00024204610BDB4
:1087D00000F044FE0028F9D100F076FB4400E4B23A
:1087E000F4E700F071FB0028F0D1BDE8104000F084
:1087F00035BE00BF4F08002008B50B4B1B78012B7E
:1088000007D0022B09D0002B0CBF00206FF0850091
:1088100008BDBDE8084020F042BEFFF7C7FFBDE835
:108820000840013000F0D8BC9C2C002008B50B4B50
:108830001B78012B07D0022B09D0002B0CBF002086
:108840006FF0850008BDBDE8084020F030BEFFF79E
:10885000B1FFBDE80840013000F0E4BC9C2C0020D2
:1088600002490348012202F0FFB800BF4F08002070
:10887000073D0500F7B50C4615461B490022074683
:108880001E4621F028FE024648B1012C29D1174985
:1088900022463046A84700EAE07003B0F0BD144914
:1088A000384621F018FE0028F7D0012C19D12246B5
:1088B0000DF107013046A8470028EEDB9DF8073090
:1088C0000A4D0C48012B0CBF022301232B7021F011
:1088D000FBFD0028E1D122462946074802F0C4F8F2
:1088E000DBE76FF01500D8E7113D05004F080020C9
:1088F000263D05001C3D0500073D050013B509494F
:10890000094827F025FBFFF759FF6C460146204632
:1089100020F05DFB94E80300044B83E80300002093
:1089200002B010BD61880200780C00209C2C002051
:1089300082B00DF1080C0CE9030019469DF80030D7
:10894000012B104606D0022B06D053B9064A02B0BE
:108950001EF0DCBF054AFAE7019B054A02B01EF093
:10896000D5BF044AF3E700BF303D0500353D0500A3
:10897000393D0500403D0500034A034692E80300E7
:1089800083E80300184670479C2C0020024B18789F
:10899000003818BF012070479C2C002030B589B0EA
:1089A000FFF70CFF01AD0F4C0146284620F00FFBEE
:1089B00094E80C0095E8030020F017FB80B920F044
:1089C0004BFB95E803000A2305AA84E80300FFF7A0
:1089D000AFFF94E8030003AB83E8030000F004F862
:1089E00009B030BD9C2C00207FB56B4683E80300A6
:1089F00093E80300002206AB03E90300039202A8F8
:108A0000034A029220F006FA07B05DF804FB00BFAB
:108A10008815050030B585B078BB11B9002005B0C8
:108A200030BD1848184D01682C6841F001030360FF
:108A300032B344F00100994228601BD04FF4807398
:108A4000ADF800308DF8022027F00DFC4FF47A725B
:108A5000A0FB020302FB0131C00B40EA4140C90BFD
:108A6000CDE9020104AB13E90F0005B0BDE83040C9
:108A700000F04CB88442E1D1D0E76FF01500CEE7AA
:108A80009942F8E7DC2C0020E02C00200D2913B5DA
:108A90000C4602D9002002B010BD0028FAD101A86E
:108AA000FFF7A8FB0028F5DB8442F3DA019B53F8BB
:108AB00024300D2BEED802480C2202FB0300EAE71B
:108AC0009415050073B50F4B06460C4615461AB1B2
:108AD0000D4A126843F8212053F82410002020F09A
:108AE0001BFB58B1DDE906230021CDE90023304608
:108AF0002B46224620F022FB002801DD6FF0850086
:108B000002B070BDA42C0020DC2C002010B58AB06F
:108B10006C4684E80F0000230593064B049394E809
:108B20000F000AAC04E90F0004A820F073F90AB0A2
:108B300010BD00BF3C16050084B030B589B00CAC48
:108B400084E80F00002301930CAD084B00930FCD78
:108B500002AC0FC495E8030084E80300684620F0E7
:108B600059F909B0BDE8304004B07047441605001B
:108B70000268034B9A420CBF08300020704700BFC8
:108B80004416050007B56B4683E8030093E803002D
:108B900020F048FA024B185C03B05DF804FB00BFFC
:108BA0006469002013B56B4683E80600044693E829
:108BB000030020F037FA044B1C54044802B0BDE80F
:108BC00010401DF061BF00BF64690020000200205A
:108BD0007FB56B4683E8030093E80300002206ABF1
:108BE00003E90300039202A8034A029220F012F95B
:108BF00007B05DF804FB00BF4C160500074B1A7860
:108C0000074B82B0162102FB013301938DF800203F
:108C100002AB13E9030002B0FFF7DABF6B69002073
:108C20006C69002002490348012201F01DBF00BF0A
:108C30006B690020D43D050008B5002003F03CFE20
:108C4000002802DA10F1780F07D1044821F040FC27
:108C50000348044927F07CF9002008BD5C0200208D
:108C6000A80C0020258C020070B503788AB0044659
:108C70000E4607AD032B20D8DFE803F002191B1DB9
:108C800011492846FDF760FA059563780493A378A7
:108C90000393E37802932379019363790093A37993
:108CA0000A4A1E2130461EF031FE0AB070BD084946
:108CB000E7E70849E5E70849E3E7084A0A212846C3
:108CC0001EF024FEE0E700BFE73D0500103E050072
:108CD000EE3D0500F53D0500FF3D0500093E0500A0
:108CE00010B590B0044622F064FF6946FFF7BCFF60
:108CF00008A9204605F0A4FC9DF82130012B14D1D1
:108D00000B481DF0C1FE204622F053FF094B197895
:108D10000F22162313FB012307490722194427F0CA
:108D20001CFD10B905481DF0AFFE10B010BD00BF0E
:108D3000780200206B6900206C6900208802002006
:108D40002DE9F0418AB00D4616461F496A46044691
:108D50001F4621F0C0FB08B30098F8B10A2201A910
:108D60001EF028FE019B1B785BBB162D29D1C4B2D7
:108D7000042C26D8DFF85C806C432A4608EB0401FB
:108D80003846B047002806DD04F10F0002A9404430
:108D9000FFF76AFF00200AB0BDE8F0810B496A4680
:108DA000204621F098FB0028F4D0009B002BF1D145
:108DB000012D06D106492A463846B04700EAE07040
:108DC000E9E76FF01500E6E7333E0500D83D050002
:108DD0006B6900206C690020042808B50DD80F22AB
:108DE000162313FB0023064806490722184427F0E0
:108DF000B4FCB0FA80F0400908BD0020FCE700BFD9
:108E00006C69002029400500014B1878FFF7E4BF8A
:108E10006B6900202DE9F0410C468EB005464FF0FD
:108E2000160806A9204615FB08F7FFF71DFF0D4E93
:108E3000216807F10F029319B150A2889A80A27994
:108E40009A7109492A4601A81EF08CFD4246F11983
:108E500001A801F009FE05481DF016FE0EB0BDE8A0
:108E6000F08100BF6C6900203C3E050088020020B4
:108E700010B5042888B002D9002008B010BD0F2317
:108E8000162414FB00340E4B0E491C4407222046C6
:108E900027F063FC0028EFD02146002005F07EFB80
:108EA00004460028E8D0694605F0CAFB204605F0D4
:108EB00049F89DF81C00831E58425841DDE700BF69
:108EC0006C69002029400500014B1878FFF7D0BFDE
:108ED0006B690020F0B58DB0FFF796FF98B9FFF7EA
:108EE000F3FF80F001035B00DBB2214D2A7803EB36
:108EF0000213112B09DC022B2DD0102B23D00024C0
:108F000020460DB0F0BD0223EFE7202B1BD0122B23
:108F1000F5D104F087FB00232B7004460028EFD125
:108F2000144F0FCF02AE0FC63B68134933600322C4
:108F30000094234602A804F043FB04460028DFD136
:108F400002232B70DBE704F06DFB00232B7004463B
:108F50000028D4D0D4E7074E0FCE07AC0FC4336837
:108F60002360002304490093032207A8E3E700BF1E
:108F7000DA690020A01105009802002030B591B0F8
:108F8000054622F016FE69460446FFF76DFE08A965
:108F9000284605F055FB9DF82130012B05D1FFF740
:108FA00033FF214618B903F03DFA11B030BD034B31
:108FB0001878FFF72FFFFFF78DFFF6E76B690020AA
:108FC00030B591B00D4608A9044605F039FB9DF86F
:108FD0002130012B0BD1204622F0EBFD6946FFF733
:108FE00043FE0F4B00221A701DB1FFF773FF11B043
:108FF00030BDFFF76FFF204622F0DBFD094B1978EB
:109000000F22162313FB012307490722194427F0D7
:10901000A4FB0028EBD105481DF036FDE7E700BFB3
:10902000DA6900206B6900206C690020880200204A
:1090300008B5064805F072FA054805F005FC054834
:1090400005F01CFCFFF746FF002008BD3C02002095
:109050002002002010020020014B1878704700BF4A
:109060006B69002070B5094D064600240722294689
:10907000304627F072FB30B10134052C05F116059E
:10908000F4D16FF01204204670BD00BF7B69002050
:1090900010B50A4B0A491A7816240F2314FB023420
:1090A000084B1C440722204627F057FB28B12146D5
:1090B0000020BDE8104005F071BA10BD6B690020BA
:1090C000294005006C6900201FB561240294044CFE
:1090D0000194BDF81840009423F00FFF04B010BDB8
:1090E000683E050007B5064B009306490648052370
:1090F0004FF440721DF0CEFC002003B05DF804FB7D
:1091000050160500C06A0020D80C0020F0B5164E9D
:10911000164F89B000220023694630461DF044F9FD
:10912000054608B109B0F0BDFFF7B2FF04460028BC
:10913000F8D01822294602A827F089F908230DEB58
:10914000030120460397CDF810D0ADF8143007F096
:10915000B9FA013003D10221204622F0EBFC20466F
:1091600004F0F0FED6E700BF000A0020BC160500A0
:109170002DE9F041164FDFF85C808AB001AE002285
:109180000023314638461DF00FF9054610B10AB0EC
:10919000BDE8F081FFF77CFF04460028F7D01822D5
:1091A000294604A827F053F90C2304A92046CDE949
:1091B0000586ADF81C3007F085FA013003D1022195
:1091C000204622F0B7FC204604F0BCFED7E700BFE3
:1091D000D00900200C17050037B5054640F6CD42F2
:1091E000014600230C481DF081F8044678B110F1C7
:1091F0000B0F09D100220023694607481DF0D4F85F
:109200002846FFF7E9FF0446204603B030BD034976
:10921000034826F06CFEF7E7000A0020C002002099
:10922000D80C002030B5054685B040F6CD42014649
:1092300000230D481DF05AF8044678B110F10B0FC9
:1092400009D10022002301A907481DF0ADF82846E6
:10925000FFF7E8FF0446204605B030BD0349044847
:1092600026F045FEF7E700BFD0090020B00200203D
:10927000D80C00201FB50023CDE90233044B8DF834
:109280000C0001A801931FF0C5FD05B05DF804FBBB
:10929000C417050008B500F053F9BDE808400149BE
:1092A00026F025BE8003002013B5114B1C68A3686F
:1092B0003021DB6820469847C0B9A3686A461B691D
:1092C00030212046984788B90A4C00982378834279
:1092D00004D0C0B22070FFF7CDFF38B901F096FB83
:1092E0002378984202D0184601F096FB02B010BDD8
:1092F000E42C0020DC69002007B5094B186826F033
:1093000064FB48B14FF4F0120023CDE90023054877
:10931000002200231EF072FA03B05DF804FB00BFC8
:10932000E42C0020D008002008B5FFF785F810B91C
:109330006FF0850008BDFEF7C7FE38B10138C0B236
:109340000128F5D8034826F0D5FF01E0FFF7D4FF48
:109350000020EFE7D008002008B508481CF018FEF0
:10936000074A106010B96FF0120008BD26F02DFBFF
:109370000028F8D0FFF7C0FF0020F6E7083F0500FF
:10938000E42C00201FB50023CDE90233044B8DF8F7
:109390000C0001A801931FF03DFD05B05DF804FB32
:1093A000CC17050008B502481DF06EFB002008BD73
:1093B000A003002008B5054826F007FB20B1BDE852
:1093C000084002481FF0C1BF08BD00BF480E05009D
:1093D00008B5044801F034F8002818BF6FF01500F4
:1093E00008BD00BF1D940200014B1878704700BFF4
:1093F00066080020084B1B780B2B4FF001000AD8A1
:10940000984010F4CD6F05D110F4016F0CBF01200E
:109410000020704702207047660800200A2808B51F
:10942000024613D00A4B0B491870FFF7E3FF0228DE
:109430000AD10B78032A08BF43F001030B70BDE883
:10944000084005481DF020BB0023F7E708BD00BF1A
:1094500066080020DD690020B003002008B5FFF792
:10946000C9FF022806BF034B1878002000F0010056
:1094700008BD00BFDD69002010B50948094C1CF08B
:1094800087FD206048B1084B0849612202F082FB49
:10949000206821F06CFA002010BD6FF01500FBE78A
:1094A000363F0500E82C0020F41705003C3F05007E
:1094B00038B504460D46FFF797FF0B280BD8DFE8B9
:1094C00000F01E1E0A0A1E060A0A0A0A0A1EBDE843
:1094D000384000F093BF4FF47672002309481DF026
:1094E000F9F809482146006800232A4621F049FA84
:1094F000044610B103481DF0B3F8204638BD6FF0A4
:109500001204FAE7480A0020E82C002001481DF068
:10951000A7B800BF480A002007B5064B00930649CC
:1095200006480A234FF440721DF0B4FA002003B03D
:109530005DF804FB0C180500C06D0020C00D002074
:1095400000487047C00D002010B5094C0A449142F4
:1095500000D110BD11F8013B584003090001E35C44
:10956000C0B2434018091B01205CDBB25840EEE753
:10957000B53F0500014B1B68184700BFC003002022
:1095800030B585B004460D4610220021684626F00D
:109590005EFF02238DF802302A46044B01932146D8
:1095A00068461EF009FB05B030BD00BF759502008E
:1095B00080B505460E46174698461DF041FE034607
:1095C00027F0E0FADFF81890044649F800304246E8
:1095D00030463946A84754F8090001F01DFE00BF87
:1095E0000800000008B50446EFF31183202383F33D
:1095F0001288BFF36F8F19F0CBFE204601F0FAFD01
:10960000024820F030F921F0BCF8FCE7C53F050026
:109610002DE9F047058B04462807904611D402290E
:1096200005F0070540F0CC80204620F0D4F978B151
:109630000138218B042811D8DFE800F0C2106D85B5
:10964000950001290CBF45F0100545F02005258344
:1096500088F31188BFF36F8FBDE8F08701F0070A28
:10966000AA4500F0A5800027B9463E46A368002B16
:1096700000F0BC8041F00801218388F31188BFF31A
:109680006F8FA168002900F0BA800D68002900F0F2
:10969000B680D1F80480334652462046C047002D9C
:1096A00076D02B6829461D46F0E701F007035A1FC4
:1096B000012A1BD8002221F00701062B276889B256
:1096C000C4E9002209D13B4603E0628B0132628388
:1096D0001B68002BF9D141F002012183204620F0C4
:1096E0007AF900287AD041F0200176E0042B0AD1E3
:1096F00021F0070189B22183204620F06CF910B1D6
:1097000041F020012183218B01F0070AAA454FD0A7
:109710000027B946AAE7236921F0070141F00601B5
:10972000062DD3F8009021832DD1B9F1000F3FD041
:1097300041F00801218388F31188BFF36F8F3A4904
:109740002046C84729E021F00701236941F00401C0
:1097500089B2042DD3F804902183E6D000273E4639
:109760004FF0040A82E721F00701236941F0050167
:1097700089B2052DD3F808902183D6D000273E4624
:109780004FF0050A72E700273E464FF0060A6DE7E4
:109790002B4687E7B9F1000FD1D1EFF311882023D1
:1097A00083F31288BFF36F8F238B23F00803238387
:1097B000258BEA062ED525F01003238305F0070537
:1097C0006669218B002EBFF670AF00232768C4E9BD
:1097D000003321F0070141F001012183218B01F0C9
:1097E000070AAA454FF000097FF440AF002F9CD034
:1097F00041F00801218388F31188BFF36F8F002F98
:10980000C8D03D68394633465246204620F00FF90D
:109810002F46F4E7AB067FF51BAF25F0200323832B
:1098200005F0070500E700BF5B9A04002DE9F74348
:109830000F4606460821C06ADFF8509020F05AFA19
:109840003C68241A80463C6004EA0905AC4203D80F
:10985000002003B0BDE8F08308236A462146304665
:1098600020F0E0F90028F4D16946304620F04CFAA7
:1098700040B1BDF80230BDF804203C6005EA09059E
:1098800013441D44A4EB0804E0E700BF0000FFFF01
:1098900073B504460821C06A124E20F02BFA4FF629
:1098A000FF726368ADF800208DF80620A2891918B0
:1098B00033401344181A002560606846ADF8021062
:1098C000ADF8045020F00DFA6946204620F0DCFA8D
:1098D0002046211D20F0DFF9636828463340A3604D
:1098E00002B070BD0000FFFF2DE9F047044688B0CC
:1098F00000F11407384626F072F9A06A8368DB6825
:109900009847E06228B96FF01505284608B0BDE811
:10991000F087A06A8368DB6898470368013B1F2BC8
:10992000F1D8A06A216805AA24F05EFB0028EAD1DC
:10993000A589002DE7D0069BB5FBF3F203FB12557A
:10994000002DE0D1E389012BDDD9E36A009593F87E
:1099500005904FF0FF334FF0FF3238461CF086FD84
:10996000E06A082120F0C6F9A8460646E3891FFAF6
:1099700085FA534508D8E389434523D138461CF07E
:10998000EDFD6FF02C05C0E7A1892B04891B13FAAC
:1099900081F14A4608232046009120F051F978B120
:1099A0006946204620F077F908F10108009908235C
:1099B0004A4620461FFA88F820F042F90028DAD0FB
:1099C0000135D3E753450BD1009908234A46891B3B
:1099D000204620F035F918B96946204620F05BF999
:1099E00069462046FFF722FF054618B138461CF0AD
:1099F000B5FD8AE7009B63604FEA13484FEA0848C9
:109A0000C4F80880D4E9011399420FD3082301AAAE
:109A1000204620F007F905460028E7D101AB13F8EE
:109A2000012B914533D10135082DF8D163681B0C0A
:109A30001B0469462046009320F02DF9A389009964
:109A40004A46204620F0FCF8051ECFDB636876D03E
:109A500006EB03084FF6FF79A389CDF800801FFAC3
:109A600088F29B1B9A422ED300236168002B43D0BF
:109A7000090C090400912046694620F00CF9009970
:109A8000204620F015F90546002D74D0AEE701A957
:109A9000204620F039F9626810B9921B6260B1E784
:109AA000BDF80850BDF80610E06AC4F808802944E3
:109AB00020F020F940449042A060EED1002DECD07F
:109AC0006FF01C0568E0082303AA4146204620F0F9
:109AD000A9F80546002889D103A9204620F014F9E9
:109AE00030B1BDF80C304B4502D1BDF810300BB190
:109AF000B044B1E70123B8E7204620F0D9F8054685
:109B000000287FF473AF6368264AA18913400B4491
:109B1000A3EB460363601340A360204620F0DCF90A
:109B2000B1E75B1A4A46204620F08AF8051EFFF688
:109B30005DAF08D0E26AA36812681344A360D4E959
:109B400001318B42EDD86168A38901EB46029A424C
:109B50009AD1DFF85080A26801EA08039A4293D0B4
:109B6000204620F0A5F8054600287FF43FAF636843
:109B700003EA0803A360A389A288A3EB46039A42E1
:109B800006D038461CF0EAFC012323740025BCE60D
:109B9000204620F08AF9054638461CF0DFFC002DEF
:109BA000F2D0B2E60000FFFF014B036000207047D7
:109BB0001418050070B544690D46002C3FD0244AA6
:109BC0002379565CB3423DD0224A525C9A423CD142
:109BD000A3689847002814DA022D10D0032D0FD166
:109BE00010F1860F0BD0BFF35B8F54E8003F43F0BA
:109BF000020344E80032002AF7D1BFF35B8F2671DD
:109C000070BD022D267101D00020F9E7BFF35B8FF4
:109C100054E8003F23F0040344E80032002AF7D15F
:109C2000BFF35B8FBFF35B8F54E8003F23F0020369
:109C300044E80032002AF7D1BFF35B8FE4E76FF00E
:109C40005700DDE76FF07700DAE76FF08500D7E7C0
:109C5000F23F0500EE3F050070B5104B1C680D4645
:109C6000B4B10F4B196800238B4202DB6FF0010087
:109C700070BD224612F8106B864202D001331446A2
:109C8000F2E7E06825F0A1FE28B12C600020EFE7A4
:109C90006FF00C00ECE76FF01200E9E7C40300205E
:109CA0001418050010B588B0436802938368C06833
:109CB000CDE903320A680023CDE906230C4601AA48
:109CC0000449059324F094F9079808B9059B23608B
:109CD00008B010BD67A30400F0B40C4B0C4E5F6AD3
:109CE0000C4BB34203D36FF08500F0BC70475D6846
:109CF000BD4209D31C693CB195F802C00579AC4559
:109D000002D12346F0BC18472433EAE7EC2C0020AC
:109D1000780C0020540C00202DE9F047134CDFF89C
:109D20005080DFF8509005460E461746444503D351
:109D30006FF08500BDE8F0876268D9F824309A4258
:109D400012D3A36983B190782979884205D13A4624
:109D500031462846BDE8F04718475279012A03D119
:109D60003A463146284698472434DFE7540C002011
:109D7000780C0020EC2C00202DE9F0410B4CDFF892
:109D8000308005460E461746444502D36FF08500E5
:109D900009E063690BB92434F6E73A4631462846B0
:109DA00098470028F7D1BDE8F08100BF540C00208F
:109DB000780C002010B5044624F00CF810F1780F50
:109DC00000D050B9054A204620F008FBD2F8C43034
:109DD00023EA0003C2F8C430002010BDEC2C0020A0
:109DE000024B00221A605A60704700BFA72D002066
:109DF00070B50B4B0B4CA34201D3002070BD196A08
:109E00001E7F00220439D5B2AE4201D82433F2E7D6
:109E1000013211F832508542F5D10120EEE700BF42
:109E2000540C0020780C002008B509480378C3F3CF
:109E300041130A3350F823303BB100F1080200F11E
:109E400010019847C043C00F08BD1846FCE700BF8B
:109E5000EC2C002004282DE9F14FDFF8A0900446F7
:109E60000F4616D001282DD1DFF88C8098F8B93034
:109E700043B300F06DFD1F4D4D4520D2D5F820B005
:109E80004FF0000A2B7F5FFA8AF6B34204D82435DC
:109E9000F2E7FFF7A5FFE7E70BEBC6060AF1010AB9
:109EA000307923F097FF0246307920F097FAD8F8FE
:109EB000C430002A23EA0003C8F8C430E2DA0023E1
:109EC00088F8B9300B4D4D4508D30B4B1B6A6BB16D
:109ED0003946204601B0BDE8F04F1847EB681BB18A
:109EE0003A462146284698472435ECE701B0BDE8BC
:109EF000F08F00BF540C0020EC2C0020780C0020C8
:109F000073B5C4B263060D468DF8074007D02046EE
:109F1000FFF76EFF78B10D4B93F8BA0058B10B4EB6
:109F2000204655B117F036F8F3691BB10DF1070162
:109F300008209847012002B070BD17F053F8F3696C
:109F4000002BF7D00DF107010920F2E7EC2C0020DF
:109F500073B586788DF80060037942791C4C43EA2A
:109F60000223ADF80230C378304603F003038DF8C6
:109F7000043020F033FAD4F8C430184205460BD030
:109F8000304600F0C7FC3046FFF714FF26F03CF8DF
:109F900010B996201DF012F9684616F0D7FF10F19F
:109FA000780F03D010B1002002B070BD9DF8000002
:109FB00017F054F810F1780F01D00028F3D1D4F83D
:109FC000C43001202B4384F8B900C4F8C430EBE757
:109FD000EC2C00202DE9F047A34EB36904460F4650
:109FE0001546FBB9237803F01F03012B00F09D8079
:109FF000022B00F0048133BB94F900002A686178D9
:10A00000002834DA062912D008292BD0D9B9012327
:10A010001370517096F8C3305B0043F00103137066
:10A0200002232AE198470028DCD100200DE0628855
:10A03000100A011F0129844605D9072803D8716A2F
:10A04000D2B20C781CB96FF01500BDE8F0874E78DD
:10A05000664503D19A4200F00B8101332144F0E7B9
:10A060000B780AE196F8BA301370012305E1013943
:10A070000829E8D801A353F821F000BF15A1020078
:10A0800047A0020023A1020047A00200A1A00200F5
:10A0900047A0020047A0020047A00200ADA00200B6
:10A0A000A07816F041FF0028BFD0CCE76388756A1E
:10A0B00063BBFFF795FE638886F8BA30F369002B1F
:10A0C000B3D06A4903209847AFE76B78042B10D0D0
:10A0D000052B11D0022B04D16F796388BB4208BFD6
:10A0E00001202B781D442B78002BEED10028AAD01C
:10A0F000DFE795F80380F4E76388BB42F1D1B8F15C
:10A10000000FEED12846FFF723FFEAE7FF270020E4
:10A11000B846E8E76388012B95D1002386F8C33061
:10A1200083E76388012B8ED1F8E796F8BA30D5F82B
:10A1300000C0002B87D0756AA38894F804E02A46F3
:10A14000107800283FF47FAF5178022904D192F8AB
:10A150000480F04500F293800244F1E78CF800207F
:10A160008CF80120396060E7154494E00B2A7FF4F5
:10A170006AAF00274FF0FF08C146BA4606E06B7889
:10A18000042B0FD0052B21D02B781D442B78002BCE
:10A19000F5D1F36913B1514607209847002F7FF49A
:10A1A00044AF50E795F80280A38895F8039098454E
:10A1B000EAD163889945E7D1B8F1070F1CD806EBBF
:10A1C0000803AA4683F8BB900127DDE7A38843452F
:10A1D000DAD1A3784B450AD0AF78384600F09AFB25
:10A1E0003846FFF7E7FDB0FA80F77F09CCE728464D
:10A1F000FFF7AEFE0746C7E7AA460027C4E794F973
:10A2000000206378002A18DA002B7FF41CAF247931
:10A210002D6863060AD02046FFF7EAFD00283FF4C8
:10A2200012AF96F8BA30002B3FF40DAF2946204606
:10A2300016F0F8FE00236B70F2E6012B08D0032B1A
:10A240007FF401AF6388002B7FF4FDAE012103E0B2
:10A25000618800297FF4F7AEA088FFF751FE00283F
:10A260007FF4E3AEEFE600BFEC2C0020A62D00202B
:10A27000022829607FF4F4AE4B883B60D5E694F960
:10A28000000062780028BFF671AF002A3FF466AF85
:10A290000A2A7FF4D8AE2A78002A3FF4D4AE69782F
:10A2A00004297FF461AFA9788B427FF45DAF072B5F
:10A2B00096BF9B19002393F8BB308CF80030D4E68E
:10A2C00013B5164C237DF3B9E268A168019201AB86
:10A2D000802020F091F8019AA3681344A360E368FA
:10A2E0009B1AE3606BB962B12369E2889A4208DD88
:10A2F00094F8C82093FBF2F102FB11330BB9012350
:10A30000237502B010BD00231A461946802023751C
:10A3100002B0BDE8104016F0CBBE00BFEC2C002010
:10A3200030B585B0002302460D460193002858D170
:10A33000002935D108220B460DEB020123F063FD05
:10A34000002804DA802016F025FE05B030BD2A4C26
:10A35000029A2260039A626004F13802A2609DF9B9
:10A360000820BDF80E302575002AC4E903550ADB24
:10A37000802B04D9802016F00DFE0020E3E713B1F6
:10A38000C4E90333E1E7FFF74FFD0028DAD0E288A4
:10A3900023699A42D4BFE260E360FFF791FFD4E7FC
:10A3A000154CD4E90215002D01AB04DC23F02BFD84
:10A3B0000028CADAC6E72A4623F025FD0028D9DBA3
:10A3C000019AA3681344A360E3689B1AE360002B1F
:10A3D000BBD104F13803A360FFF726FD0028DCD1D0
:10A3E000B0E78028B1D1044BDA68002AD5D11B7DB3
:10A3F000002BD2D1A9E700BFEC2C0020044B93F82E
:10A40000C3300BB123F00EBD6FF00C00704700BFDE
:10A41000EC2C0020054B064A9A62064ADA62064A8C
:10A420001A63064A58629A6100207047EC2C00209B
:10A43000D59F0200D99C0200799D0200199D02005F
:10A440002DE9F3410446474D47484FF0FF334FF0A5
:10A45000FF321CF00BF895F8B830002B7BD16B6AFB
:10A4600083B142482C62E8616E6A16F03BFF16F039
:10A4700029FD041E10DA3C481CF070F8204602B09A
:10A48000BDE8F08100F0BEF8FFF7C4FF6B6A002B57
:10A49000E7D14FF0FF34EEE700F07CFA041EEADB70
:10A4A0007378012B5AD1F379002B57D000266846D8
:10A4B00085F8C830ADF802308DF804608DF8006082
:10A4C00016F044FD041ED6DB802768468DF8007028
:10A4D00016F03CFD041ECEDB2549304616F0EEFE9C
:10A4E000041EC8DB2249384616F0E8FE041EC2DB13
:10A4F000204CDFF8848044451AD3002016F0AEFDCE
:10A50000041EB8DBD5F8C430802043F00103C5F841
:10A51000C43016F0A3FD041EADDBD5F8C43043F4FF
:10A520008033C5F8C430012385F8B8300024A2E791
:10A53000276A0026227FF3B29A4201D82434DAE750
:10A5400007EBC30257F83310107916F0B7FE013647
:10A550000028EFD09DE76FF077048CE76FF01504CB
:10A5600089E700BFEC2C00208C090020559E0200DA
:10A5700021A30200540C0020780C002030B51F4BA2
:10A580008BB005AA03F1100518685968144603C476
:10A590000833AB422246F7D11B78237010220021EA
:10A5A00001A825F054FF12220021154825F04FFF85
:10A5B000102101A823F0CBFD00281BDD0828B8BF1F
:10A5C0000820093801AB0E491A18002012F8013F83
:10A5D0000AAC04EB131403F00F0328336B4401306F
:10A5E00014F8144C13F8143C0C7008284B7001F14B
:10A5F0000201EBD102480BB030BD00BFF63F0500B1
:10A60000DF6900202DE9F04F724B93F800B087B05E
:10A61000BBF1000F03D0704807B0BDE8F08F6E4C5F
:10A6200000264FF0011AB0463546B14623783BB9B3
:10A630006A4B02349C42F3D1664A01231370EAE765
:10A640006378052B1BD8DFE803F08E03C38E1D391A
:10A65000402304A88DF810B0ADF812308DF814B076
:10A6600023F0A3FB40B1082304A8ADF8123023F077
:10A670009CFB08B1ADF812B0BDF81230E37123783D
:10A680001C44D3E7E378002BF9D1A3786BB108F130
:10A6900001085FFA88F8F2E76B689C4207D024351E
:10A6A0004F4B9D42F8D30020B6E74E4DF8E7AB681C
:10A6B000002BECD0414620469847E8E7002DF2D029
:10A6C00000222B7F9A42EED2296AA07801EBC201C8
:10A6D0000B79984201D00132F3E70127E07800F0CE
:10A6E00003008DF81400207994F805C040EA0C208E
:10A6F000ADF8120094F902000028FBB228DA07F145
:10A7000010004FF0010C0CFA00F010EA0A0F26D1ED
:10A7100043F080008DF8100004A8CDE902130192E7
:10A7200023F043FBDDE90121039BC0B99DF8102014
:10A73000A27012F0800F18BF10330A7118BFDBB27D
:10A740004FF0010214BF9A40BA404AEA020A96E763
:10A750000120B84010EA0A0F01D11846DAE70137A4
:10A76000102FBBD1B7E7032E1AD1FFF707FF07461B
:10A7700050B1FBF7F1FC024630B11028A8BF1022FF
:10A780003946A01C25F03BFE23786FF00201E21849
:10A79000091B04EB5303D14213D50136F6B26EE721
:10A7A000002EF1D1B9F1000F3FF47DAFA4EB090306
:10A7B00089F80230C3F3072389F8033089F804804D
:10A7C000EBE702F801BC13F8010902F8020DE2E719
:10A7D000A14654E7DE690020DC0B0020520C00206B
:10A7E000780C0020540C002010B5094B00211A46AB
:10A7F0001C78844205D15C681CB1482303FB01200E
:10A8000010BD0131042903F14803F1D10020F7E71D
:10A81000B82D00202DE9F34150F8303C10F8346C8D
:10A82000103304460AD1036950F8282C980736D50E
:10A83000D2B9590715D5002344F8303C54F8303CC0
:10A8400010330BD054E9097554F81C8C25F0DCFB4F
:10A8500000284FD02E48214625F049FB02B0BDE824
:10A86000F08143F00403236154F82C1C01AB304603
:10A870001FF0C2FD10B16FF01503DDE7019A54F827
:10A880002C3C134444F82C3C54F8283C9B1A44F8C4
:10A89000283C54F8243C134444F8243CCEE754F8B4
:10A8A0002C1C01AB304616F07FFC0028E3D1019D43
:10A8B00054F82C3C2B4444F82C3C54F8283C5B1BAB
:10A8C00044F8283C54F8243C2B4444F8243C002D04
:10A8D000B1D0304616F00CFDB5FBF0F303FB10557C
:10A8E000002DA8D154F8283C002BA4D0304616F0F7
:10A8F000A3FCA3E744F8200CA4F118001BF0B0FE61
:10A90000002DABD0424639463046A847A6E700BFE7
:10A91000582A002010B5EFF31184202383F3128806
:10A92000BFF36F8FFFF760FF50B14368103307D15B
:10A930006FF08B03436000F13401044825F0D7FA2F
:10A9400084F31188BFF36F8F10BD00BF582A002019
:10A95000F8B50E4C04252027EFF3118687F31288F3
:10A96000BFF36F8F6368103307D16FF08B03084814
:10A97000636004F1340125F0BAFA86F31188BFF35D
:10A980006F8F013D04F14804E6D1F8BDB82D0020D9
:10A99000582A002070B50A4C0A4E00253146204640
:10A9A00025F089FA0122A4F118001146013525F09D
:10A9B000FFF9042D04F14804F0D1002070BD00BF60
:10A9C000EC2D002015A802001FB507240294044CAA
:10A9D0000194BDF81840009422F08FFA04B010BD25
:10A9E0006708002010B5084C86B024788DF8174011
:10A9F000012402940DF117040194BDF82040009445
:10AA000022F07BFA06B010BD6E080020014B1878CA
:10AA1000704700BF6E08002000B589B064288DF82B
:10AA2000070019D80E4B18221870002102A825F033
:10AA30000EFD0C4B03930DF10703049302A90123B0
:10AA40000020ADF8143005F03DFE10F1800F08BF76
:10AA5000002009B05DF804FB6FF01500F9E700BFB6
:10AA60006E080020F81805002DE9F0410F4B1C6816
:10AA700005460E461746ACB14FF0FF324FF0FF339C
:10AA80000B481BF0F3FC63683246D3F80880294674
:10AA90003B462046C047044605481BF05FFD204664
:10AAA000BDE8F0816FF00104F9E700BFD82E002067
:10AAB0007809002000230360044B5A6812B9C3E9E7
:10AAC0000000704710605860704700BFDC2E002007
:10AAD000014B1860704700BFD82E002030B585B0FC
:10AAE00000230546CDE9023301904FF0FF330C48B7
:10AAF0004FF0FF321BF0BAFC0A4B1C684CB92846D9
:10AB000000F0D0F8044606481BF028FD204605B0AA
:10AB100030BD636820461B6801A998472468EDE7AB
:10AB200078090020DC2E00201FB5CDE90101039239
:10AB30004FF0FF330A484FF0FF321BF097FC094BF0
:10AB40001C682CB906481BF009FD204604B010BD56
:10AB5000636820461B6801A998472468F1E700BF95
:10AB600078090020DC2E0020024B0022C3E90022DD
:10AB7000704700BFDC2E0020024B0022C3E90022F8
:10AB8000FFF7F2BFE42E0020F8B51C4C1C4E054622
:10AB90000F46B44212D31B4E1B484FF0FF324FF00A
:10ABA000FF331BF063FC34687CB1286854F8181C30
:10ABB000183CFBF7BFFAD0B1A469F5E72168286813
:10ABC000FBF7B8FAB0B11834E3E700226F60AA616E
:10ABD000726805F118033AB9C6E9003300240A483F
:10ABE0001BF0BCFC2046F8BD13607360F6E76FF005
:10ABF0001004F4E76FF01004F4E700BFD81005006C
:10AC000098110500E42E0020780900202DE9F74373
:10AC100007460C4609B100230B601F4DDFF88090FA
:10AC200000264D450FD31D4B1D6885B355F8188C74
:10AC300001AA41463846183D1FF04DFC10B3D6B965
:10AC400014BB2E461EE0D5F8008001AA41463846C6
:10AC50001FF041FC50B116B954B92E4606E03168D8
:10AC6000002240461FF037FC0028F5D11835D8E700
:10AC7000019B2360F1E73168002240461FF02BFC66
:10AC80000028DDD1AD69D0E7019B2360D9E73046CC
:10AC900003B0BDE8F08300BFD8100500E42E00200B
:10ACA000981105002DE9F047DFF8B090DFF8B0A06B
:10ACB00080464FF000470026274C3D464C450DD3BB
:10ACC000DAF80040002C42D0183CB8F1000F25D132
:10ACD00022695ABBA469F5E72F46EDE7B8F1000FEA
:10ACE00003D122694AB91834E8E7206800224146B6
:10ACF0001FF0F1FB0028F4D1F5E76368BB4205DDE6
:10AD0000AF4209D09D42A8BF1D46ECE7EBD190476A
:10AD1000002E08BF0646E6E71D46E4E7206800224D
:10AD200041461FF0D8FB0028D2D1D3E76368BB426D
:10AD300005DDBD4209D09D42A8BF1D46CAE7C9D165
:10AD40009047002E08BF0646C4E71D46C2E7AF4243
:10AD5000C2D13046BDE8F087D81005009811050033
:10AD6000E42E002038B50C4D0C484FF0FF334FF067
:10AD7000FF321BF07BFB2B783BB9FFF7FDFE00F0A9
:10AD80006DF8044610B901232B70002403481BF012
:10AD9000E5FB204638BD00BFF1690020780900209E
:10ADA0002DE9F047048FDFF8B0A0013498B00646D3
:10ADB0008946A4B200F10807651EADB2B5F5004F93
:10ADC00047D04A2305AA294638461FF084FA04F5DD
:10ADD0007F543F34A4B28046214601230DF10B027B
:10ADE00038461FF078FAB8F1000F014610DC002851
:10ADF00010DC338FAB4209D132466B1E22F8383F4C
:10AE00004FF40041022338461FF033F92C46D3E7B4
:10AE1000002808DC294638461FF0F9F92146384653
:10AE20001FF0F5F9E5E708F160030DEB03080023D7
:10AE300008F84C3C5246CDF8009003AB05A80397A8
:10AE4000ADF810401FF07DFB0028DFD018B0BDE842
:10AE5000F0870020FAE700BFB1A504007FB5012309
:10AE6000694602200193FEF7F7FE044660BB02AA82
:10AE700001A902201FF099FA044610B110F10C0F3D
:10AE800022D10399B1F5803F23D2009A0023946820
:10AE90001846084484421AD30133082BF9D10E4DC9
:10AEA000A982EB825368AB602846D368EB631FF03E
:10AEB00017FC044640B9094E6E602846FFF7FAFDBC
:10AEC00028466E60FFF704FE204604B070BD9BB2BA
:10AED000E5E76FF02004F7E7EC2E002028040020BF
:10AEE00030BFFFF7FDBF00BF2DE9F0410B4EDFF88B
:10AEF000348006EB0807CC1B05463246084920463D
:10AF000025F07DFAA01942460021083C25F09FFA61
:10AF10006C6707F10800BDE8F08100BF0000000089
:10AF20009811050008000000054B9A699B689A4239
:10AF30001FBF044A536843F080535360704700BFFB
:10AF40006068002000ED00E0134B9A6A12F0007F69
:10AF50009A6A14BF1E201D2012F0807F9A6A18BFC3
:10AF60001F2012F4002F9A6A18BF212012F4802F9C
:10AF70009A6A18BF222012F4003F9A6A18BF232051
:10AF800012F4803F9A6A6FEA02426FEA12429A62B2
:10AF900018BF2420704700BF00ED00E010B5194B2A
:10AFA0000246986A9C6A10F4805F14BF172016202E
:10AFB00014F4006F9C6A18BF1820A40509D5986B7B
:10AFC000986A000404D51AB19A6A22F400429A627F
:10AFD00019200C4B9A6A12F4806F9A6A18BF1A20D3
:10AFE000D2050CD49B6A13F4005F18BF1C20054ADD
:10AFF000936A43F47F43936200230B7010BD1B20C0
:10B00000F5E700BF00ED00E010B51C4B0246986A62
:10B010009C6A10F0100F14BF1120102014F0080FBC
:10B020009C6A18BF1220A40709D5586B986A0006BD
:10B0300004D51AB19A6A22F080029A6213200F4B4B
:10B040009A6A12F0010F9A6A18BF142012F0200FAA
:10B050009A6A18BF1520D40658BF9B6A074B9A6A94
:10B06000920642BF5A6A22F400525A629A6A42F029
:10B07000FF029A6200230B7010BD00BF00ED00E0DC
:10B0800070B5444B5B689CB00646C3F308030025CB
:10B0900085F31188BFF36F8F02F07F40B0F17F4FCF
:10B0A00011D102F00C0008280DD010074CBF0E463D
:10B0B00001250022033B8DF80720032B05D8DFE88C
:10B0C00003F01E5C60592E46F3E700249DF807301C
:10B0D0009BB96822314602A825F091F9099B002D01
:10B0E00053D0C3F3080222B96FEA53236FEA432314
:10B0F000099302A920461FF028FB1CB070BD254B08
:10B10000DA6A9107E1D4DA6A002ADEDBDA6A5200F1
:10B11000DBD55A69B16942F480725A61BFF34F8F2F
:10B12000BFF36F8F5A6931F8021C22F480725A61A2
:10B13000BFF34F8FBFF36F8F4DF60272914209D06C
:10B140009A6AD2B242B10DF107010120FFF75CFF0C
:10B150000446BBE73468B9E79A6A12F47F4F05D01A
:10B160000DF107010120FFF719FFF1E79B6AB3F525
:10B17000803FAAD3FFF7E8FEEAE70DF107010020C0
:10B18000E4E70DF107010020EDE723F4FF7323F05E
:10B190000103ADE700ED00E0044B5A6942F01002F4
:10B1A0005A615A6922F008025A61704700ED00E0C6
:10B1B000EFF30880EFF3098101B57246FFF760FFF6
:10B1C00001BD00BF18F00EF9202080F31188084857
:10B1D0004FF40061401880F30988EFF314800221D6
:10B1E000084380F31488BFF36F8F00F0CDF80000A0
:10B1F000808B0020BFF34F8F0549064BCA6802F4CD
:10B20000E0621343CB60BFF34F8F00BFFDE700BF89
:10B2100000ED00E00400FA05084B9B6883420BD167
:10B22000EFF3058343B1064B5A6842F080525A60EF
:10B230005A6A22F400425A621CF008B86068002082
:10B2400000ED00E020498A6882F8C1E04FF030004C
:10B250001044EFF3098C80E8F01F1EF0100F03D1AB
:10B2600002F1800080EC108A202080F31288BFF366
:10B270006F8F164F4FF000668A698A603E60506F8C
:10B28000134C206092F9C1E0906F0023936780F324
:10B2900011881EF0100F03D00023E1EE103A03E0F6
:10B2A00002F1800090EC108AEFF3148323F0040382
:10B2B00083F31488BFF36F8F02F1300090E8F01F22
:10B2C0008CF30988704700006068002004ED00E0FE
:10B2D0002C2F00201EF0040F0CBFEFF30880EFF3BB
:10B2E0000980816911F8021C0229FFD001B572465C
:10B2F0001FF031FA01BD00BF40B2002807DB044A4D
:10B300004109012300F01F00834042F821307047BB
:10B3100000E100E040B200280CDB4309064900F0E0
:10B320001F0020330122824041F82320BFF34F8FBA
:10B33000BFF36F8F704700BF00E100E0054B42098B
:10B3400000F01F0053F82220012303FA00F0104000
:10B35000704700BF00E100E040B20028A8BF00F144
:10B36000604001F10101B8BF064B4FEA4111ACBF8B
:10B3700000F5614000F00F00C9B2B4BF195480F865
:10B380000013704714ED00E0144A08B5144B22F086
:10B390007F029A60BFF34F8FBFF36F8FD3F888207F
:10B3A00022F47002C3F88820D3F8882042F4A00267
:10B3B000C3F888204FF04042C3F83422BFF34F8FC8
:10B3C000BFF36F8F0023E1EE103A1AF095FE1CF0E8
:10B3D00075F800F07BF81AF0CFFE00BF00600200A5
:10B3E00000ED00E042F8203C009B42F81C3C019B31
:10B3F00042F8183C0A49029B42F8143C4FF0807313
:10B4000042F8043C21F00101002342F8081C203AD4
:10B4100083674FF47D430265C0F8C030704700BFBA
:10B42000B1950200104B9B6883421AD1EFF305805F
:10B43000B8B9EFF31181202282F31288BFF36F8F26
:10B440001A7B22F002021A73EFF3148323F0040331
:10B4500083F31488BFF36F8F81F31188BFF36F8F6D
:10B4600070476FF0150070476068002000B50E4609
:10B4700015460023E1EE103AEFF3148323F00403A2
:10B4800083F31488BFF36F8FBFF36F8F084B426F46
:10B490009860084B1A602C4686F309880020064BFA
:10B4A00098472046002100220023044C204700BF7B
:10B4B000606800202C2F002075A70400B1950200C1
:10B4C000014B10221A61704700ED00E00448002390
:10B4D0002021C2180133302B82F80013F9D17047B4
:10B4E00000E100E008B5EFF30583064A103B02EBEC
:10B4F000C30152F8330049688847BDE80840FFF7A8
:10B5000013BD00BF600E0500024B034A0348012132
:10B5100000F066B800000420000000204819050073
:10B52000084AC2F898000B6823F01F03034343F056
:10B530001003C2F89C308B6843F00103C2F8A030BE
:10B54000704700BF00ED00E02DE9F043DFF86080B8
:10B5500085B00E461F4604464FF00009B14523DA78
:10B560006068D8B13FB1411E08421BD11F2819D9CC
:10B570002368194216D1236801931FF01EF9A368AE
:10B5800003430393D8F89050C5F30725D0B2013D8B
:10B59000A84207D801A9FFF7C3FF421C09F101091E
:10B5A0000C34DBE76FF01502104605B0BDE8F08300
:10B5B00000ED00E0044B0522C3F89420BFF34F8F49
:10B5C000BFF36F8F704700BF00ED00E0BFF35F8FE8
:10B5D000024B0022C3F89420704700BF00ED00E04A
:10B5E00010B5034C01232278FFF7AEFF207010BD89
:10B5F000F26900202DE9F043534B544CD3F89030BE
:10B600002568C3F307239D4285B000F29A80FFF7B7
:10B61000DDFF00200C2685421AD14D4C4D4F257080
:10B620006846FEF7C1FADFF82081DFF82C91064664
:10B630000025AE4213D1237843490020D1F8902051
:10B64000C2F30722934276DBFFF7B4FF002042E00B
:10B65000616806FB0011FFF763FF0130DBE700982C
:10B6600000EB05114FEA051CCB683B40B3F5000F1A
:10B6700048D00AD8B3F5001F30D0B3F5800F36D0CC
:10B68000B3F5801F10D00135D3E7B3F1807F42D0EE
:10B69000B3F1007FF7D150F80C3088684A681FF08A
:10B6A0008CF840F4802009E050F80C3088684A6833
:10B6B0001FF083F840F0885040F43020CDE901239A
:10B6C0000390D8F890302078C3F30723013B9842C9
:10B6D0002AD96FF0150005B0BDE8F08350F80C30A2
:10B6E00088684A681FF069F840EA0900E6E750F800
:10B6F0000C3088684A681FF060F840F0007040F431
:10B700000030DBE750F80C3088684A681FF055F8C5
:10B7100040F08270D2E750F80C3088684A681FF019
:10B720004CF840F08870C9E701A9FFF7F9FE2378CB
:10B7300001332370A7E7C1F89830C1F8A0000133A6
:10B740007CE74FF0FF30C6E700ED00E0541905003C
:10B75000F26900200000F0FF0000081108B506495A
:10B76000064821F00701C1F1005202F580221EF0C7
:10B770003BF8002008BD00BFCBB20020302F0020D6
:10B7800003484FF0FF324FF0FF331AF06FBE00BF97
:10B790003C04002001481AF0E1BE00BF3C04002038
:10B7A00038B50546FFF7ECFF08482A4608211DF08A
:10B7B000B3FF044628B925B125F0E4F9044B0C2267
:10B7C0001A50FFF7E7FF204638BD00BF302F00209A
:10B7D0000C00000010B50446FFF7D2FF21460348D5
:10B7E0001DF062FFBDE81040FFF7D4BF302F0020EE
:10B7F00070B5A0FB01543CB92846FFF7D1FF0646BF
:10B8000040B90026304670BD25F0BCF9044B0C222F
:10B810001A50F6E72A46214624F019FEF2E700BF47
:10B820000C00000070B54169867A0B4D044659B191
:10B83000437ADB0706D42C2303FB06535B6A1B68A1
:10B840009B689847002363612C20214606FB00502B
:10B85000BDE8704024F09EBAA80A0020024B2C22BA
:10B8600002FB0030704700BFA80A0020827A064B16
:10B870002C2101FB02339A6A1B7F1B33801A23F0B1
:10B880000303B0FBF3F07047A80A002038B5074B5C
:10B89000827A2C2404FB02335B6AD3E901240C6016
:10B8A0001568FFF7E3FF04FB005038BDA80A00202D
:10B8B0002DE9F04385B005466846039190461C4645
:10B8C00024F0D3FCDDE90067EFF31189202383F333
:10B8D0001288BFF36F8F6B8B002B41D02A8B9A425B
:10B8E00025D90022002328461AF088FE0446F0B12C
:10B8F00089F31188BFF36F8F039B002B41D0324631
:10B900003B46684624F0D5FCA27A264B2C2101FB4D
:10B91000023320465B6A1B6803A91D68DDE900232A
:10B92000A847606170BB2046FFF77CFF24E0698B6D
:10B930004B1E6B8389F31188BFF36F8F2B7F2A8B8C
:10B94000AC6A1B3323F00303521A02FB0344154B6A
:10B95000154AEB1A9B105343A3722B7FE372CBE77C
:10B9600089F31188BFF36F8F2346424628461AF0A9
:10B9700045FE04460028BFD10024204605B0BDE89E
:10B98000F0836361012300252381039B6382E27AB4
:10B990006560294604F1180024F059FD6369258289
:10B9A000E360EAE7A80A0020A38B2EBA70B50C4C1E
:10B9B0002C2500B970BD037A4668013BDBB20372E7
:10B9C000002BF7D1C3604360837A05FB03431B6AF6
:10B9D00013B198473046ECE7FFF724FFFAE700BFC2
:10B9E000A80A0020044A0123C2F840354FF08042E3
:10B9F0000020C2F87835704700E0014020B1034BC9
:10BA0000800143F001031847704700BF1012050082
:10BA100008B5044823F0D9FF00280CBF6FF01200CE
:10BA2000002008BD100D050010B5034605488268CA
:10BA300014688AB21946A0470028B4BF6FF004000A
:10BA4000002010BD100D050010B50C460146084839
:10BA50001EF004FD50B1022C08D150F8083C2BB167
:10BA60001B691BB1BDE810400068184710BD00BF3E
:10BA7000542F0020F8B590F90030002B04460D46F5
:10BA8000174602DB6FF01500F8BD038823F0E003D2
:10BA90009BB240F201629342F4D146880179124888
:10BAA000360A1EF0CDFC0028ECD0212E04D0222E28
:10BAB0000FD06FF08500E7E70368E1885B685B689B
:10BAC00013F8092F914294BF29602A603B6000203F
:10BAD000DAE7E38850F80C2C9A4294BF2A602B6076
:10BAE00050F8103CF2E700BF542F00202DE9F04140
:10BAF00004460E460179144817461EF0A1FC05467F
:10BB0000D0B194F9002000686378002A0DDA012B87
:10BB100016D155F8083C9BB11D688DB13B463246A5
:10BB20002146AC46BDE8F0416047092B08D155F8E5
:10BB3000083C2BB15D68F0E76FF01200BDE8F081C2
:10BB40006FF08500FAE700BF542F002010B50C46B7
:10BB500001460F481EF068FC50B1611E052907D848
:10BB6000DFE801F0070603070D0F012300F8043C8E
:10BB700010BD002300F8043C00F8033CF8E7012363
:10BB8000FAE710F8033C002BF2D00023F4E700BFE3
:10BB9000542F002010B50469C4E90012A3600023EB
:10BBA0006361064B2061596804F1140211B9C3E9BD
:10BBB000002210BD0A605A60FBE700BF542F00202E
:10BBC0002DE9F341254CBFF35B8F1F462368BFF37C
:10BBD0005B8F1646DA0705462BD520B96FF00100BA
:10BBE00002B0BDE8F08101A91EF099FC1C49804615
:10BBF0000246284624F0C1FDE8B9BFF35B8F2368F5
:10BC0000BFF35B8FC3F3C0081B0712D4A4F1D405A4
:10BC1000072229463846B047062895BF44F8D48CF9
:10BC20000723C5F80380B0FBF3F094BF85F80780C5
:10BC3000E8710020D4E728460A49424624F09DFDD9
:10BC400005460028CAD1102204F19C013846B047AD
:10BC50000028EEDB044484F89C50EAE7D40000207E
:10BC6000FC3D05003C4005002DE9F04188B09C7981
:10BC7000DDF838805D791E79DF7893F802C093F89B
:10BC800001E01B78B8F1000F0ED0CDE90638CDE900
:10BC900004CE1346CDE90267CDE90045084A1BF002
:10BCA00035FE08B0BDE8F081CDE905E3CDE9037CC0
:10BCB0001346CDE90156034A00941BF027FEF0E736
:10BCC000414005006540050070B504468CB01E4635
:10BCD0001546A2B129B10A4602A804211DF0E7FDCC
:10BCE00002A900912B462246242103A8FFF7BCFF9E
:10BCF000109A314603A8FEF7B7FE0CB070BD03469C
:10BD0000044A242103A81BF001FE0028F0DA6FF09A
:10BD10001500F2E78640050007B5064B0648DA79BC
:10BD2000C2EBC202009200221146FFF7CDFF03B022
:10BD30005DF804FB00000020FC3D050030B5044622
:10BD40008DB0154692B129B10A4602A804211DF012
:10BD5000AEFD02A900912B462246242103A8FFF73D
:10BD600083FF03A81EF0B0FB0DB030BD0346054AAB
:10BD7000242103A81BF0CAFD0028F2DA6FF0150099
:10BD8000F2E700BF8640050007B5009313460A4658
:10BD900001460348FFF798FF03B05DF804FB00BFBE
:10BDA000834205000A4601460148FFF7C7BF00BFAE
:10BDB0008342050007B5009313460A46014603482F
:10BDC000FFF782FF03B05DF804FB00BF7D42050072
:10BDD0000A4601460148FFF7B1BF00BF7D4205009A
:10BDE00007B5009313460A4601460348FFF76CFF68
:10BDF00003B05DF804FB00BF6E4205000A46014631
:10BE00000148FFF79BBF00BF6E42050007B5002247
:10BE10000346009103481146FFF756FF03B05DF853
:10BE200004FB00BF7542050007B5002203460091E0
:10BE300003481146FFF748FF03B05DF804FB00BF5D
:10BE40003C40050008B502481AF01EFE002008BD5F
:10BE50005804002070B51D4CBFF35B8F2368BFF3FF
:10BE60005B8F13F0010F254622D094F89C30A4F18B
:10BE7000D40613B9164800F085FBF379D3B1BFF3AC
:10BE80005B8F2368BFF35B8F5A0701D400F074FB0C
:10BE9000BFF35B8F55E8003F23F4006245E80021C3
:10BEA0000029F7D1BFF35B8F1B0501D5FFF7CAFF50
:10BEB000002009E001F0FCF830B9F379002BDED165
:10BEC00001F006F90028DAD070BD00BFD4000020D0
:10BED0006146050007B5009313460A46014603482C
:10BEE000FFF7F2FE03B05DF804FB00BFC24205009D
:10BEF0000A4601460148FFF721BF00BFC2420500C4
:10BF000030B50A4D0A4B85B00024284602930394AD
:10BF100024F018F802AB0093284606490A234FF490
:10BF2000AF621AF0B7FD204605B030BDA80E002064
:10BF30008F400500C0700020014601481AF0E8BD9E
:10BF4000A80E00200146014823F0D1BFA80E002012
:10BF50000378012B30B513D0022B27D07BB9194BB6
:10BF60000A4603F1100453F8045B42F8045BA34251
:10BF7000F9D11B78137043884B731B0A8B7330BD48
:10BF8000104B0A4603F1100453F8045B42F8045BBB
:10BF9000A342F9D11B78137043684B73C3F3072294
:10BFA0001B0CCB731B0A8A730B74E8E700F11003B8
:10BFB00050F8042B41F8042B9842F9D103780B7008
:10BFC000DDE700BF9840050008B51EF0C5FD1BF079
:10BFD00021F8044B1B680BB10A209847BDE80840C4
:10BFE0001BF02CB85C2F002038B5054605481EF024
:10BFF000FAFB044620B101210C301EF055FC2576D9
:10C00000204638BD840B00200F2810B50ED80D280F
:10C010000ED90B481EF0E7FB044628B101210C3075
:10C020001EF042FC02232376204610BD1328F0D0D8
:10C0300009B10448EEE7BDE810400220FFF7D4BF85
:10C04000B00B0020000B0020F8B506460F4602F0AA
:10C05000A5FA044640B18378012B24D013211FF0A8
:10C06000F6FC204601F06EFF3946304605F026FD0D
:10C07000054628BB3946304604F0E4FC144B1B68E7
:10C0800023B31C6804B10C3C53F8043C13B139468B
:10C0900030469847D4B12346E4689B68A4B10C3C71
:10C0A000002BF4D1F7E70023D0F8A050C0F8A0305F
:10C0B00013211FF0CCFC204601F044FF002DD3D00B
:10C0C000284621F068FDD5E7002BE0D1F8BD00BF80
:10C0D0001430002070B5C6683378B6F801509BB9AB
:10C0E0000F21284601F0E2FFF278044688B90D4B93
:10C0F000194633F8024B44B96FEA05536FEA1353FC
:10C1000021F81030084B1A5470BD01300528F0D1C9
:10C11000FAE70273012101F03FFF2046BDE87040BD
:10C1200001F010BFA0680020F369002010B5084C92
:10C130000146062294F86F0002F054FA38B994F8D8
:10C140006F000449BDE81040052202F04BBA10BD53
:10C15000000000202240050010B5012104460C30EB
:10C160001EF0D4FB2146034A0078BDE810400023AE
:10C170001EF0DCBD4C1A050010B5012104460C3040
:10C180001EF0C4FB2146034A0078BDE81040082396
:10C190001EF0CCBD0C1A050070B52F481EF03CFBFC
:10C1A0000446002857D0017E022932D0082902D146
:10C1B000038A032B02D8FFF7F9FB20E004210C309F
:10C1C0001EF0A4FBFF22438806886276228AC6F30B
:10C1D0000B009A42A08301D02046ECE70F2101F02A
:10C1E00065FF05460028F7D001F09CFF320B607612
:10C1F000214628461FF08FFB284601F0A3FE174B6F
:10C20000D3F84C313BB3BDE870401549154823F0D5
:10C210006EBE038A012BCED90C301EF077FB05468B
:10C2200000781EF00EFD10F002060DD10E4A0F49E7
:10C230000F4840F6D3331DF023FB86F31188BFF37C
:10C240006F8F0323184602DF0A4A28780623214607
:10C250001EF06CFDC0E770BD4C0100200000002006
:10C2600078040020900F0020A9400500DD40050063
:10C270000B410500DC1905002DE9F04788461646FC
:10C280008246002879D0BFF35B8FDFF8F890002357
:10C2900059E8004F49E80032002AF9D1BFF35B8F1B
:10C2A000002C6AD02046FFF7E1FA354D0C2303FB42
:10C2B000005027464388534511D0BFF35B8F59E8A0
:10C2C000003F49E80072002AF9D1BFF35B8F002BD1
:10C2D00053D01F463846BDE8F047FFF767BBA6427C
:10C2E0000FD020461EF07AFA04F10C090223012136
:10C2F000484623761EF0D8FA328AF16848461EF086
:10C30000E4FA2046FFF7B2FA0C2606FB0050436819
:10C31000ABB1B8F1000F12D12046FFF7A7FA06FB28
:10C32000005001214268D2E90003127A03F01F068F
:10C33000B1405B09DAB100EB83001EF094FC2046AB
:10C34000FFF794FA0C2606FB00508368002BC1D03F
:10C350002046FFF78BFA704305F800802046FFF770
:10C3600085FA06FB0055A8681AF07AF9B2E7C943C6
:10C3700000EB83001EF0F1FCE1E7BDE8F08700BFB1
:10C38000602F00204801002010B5C1E900239DF86E
:10C3900008300B720C46FFF769FA034B0C2202FBC4
:10C3A00000335C6010BD00BF602F00202DE9F04716
:10C3B0004FF0FF3206464FF0FF33184888461EF014
:10C3C00012FA044638B300F10C07012138461EF07A
:10C3D0006BFA012323762046FFF748FA104D4FF001
:10C3E0000C0909FB00504FF0000A46802046FFF779
:10C3F0003DFA09FB0050C0F808A02046FFF736FAC6
:10C4000009FB005503213846C5F804A01EF057FA71
:10C41000068080F802802046BDE8F087580B002097
:10C42000602F002037B504460D468DF80700A0B9EF
:10C4300029B10B490722284624F08FF940B9094950
:10C440000DF10702002005F07DFA002003B030BD99
:10C4500029462046FFF7F8FDF7E76FF01500F5E7EE
:10C460002940050085AC040029289ABF014B185CBF
:10C4700009207047C4410500034B0146D3F86C0105
:10C4800082689268104700BF000000202DE9F84341
:10C49000044600F10C0630461EF048FAB4F810804D
:10C4A000B8F1010F054604D82046BDE8F843FFF770
:10C4B0007DBA304602211EF029FA074600781EF0A8
:10C4C000C0FB10F0010906460DD10F4A0F49104874
:10C4D00040F6F2731DF0D4F989F31188BFF36F8F22
:10C4E0000323184602DF05230A4A387821461EF046
:10C4F0001DFCB307D8D56369A4F8108013FA85F53D
:10C50000E560BDE8F88300BFA940050028410500AB
:10C510000B410500B419050038B50C461AF07AFD38
:10C52000237E022B0AD0082B19D121460F481EF07A
:10C530005EF90F490F4823F0DAFC0BE0E368187846
:10C540001EF07FFBC207054602D52046FFF79EFF7F
:10C55000AB07EAD400241AF071FD204638BD20460E
:10C56000FFF724FA6FF01504F5E700BF4C01002037
:10C5700078040020900F0020014804211EF073BBB6
:10C58000D400002038B50546F9F7E6FD102804462A
:10C5900015D80C482946F9F7CDFD70B12246294639
:10C5A000084823F02CFF084803190022214600F513
:10C5B000B87083F87021FFF737FC002038BD6FF0AA
:10C5C0000B00FBE7700100200000002000487047CE
:10C5D0007001002001481AF057BA00BF680400201B
:10C5E00038B505460C4619B9FFF7E0FE0446A8B178
:10C5F00040F635439D4209D12046FFF73DFF0546F1
:10C6000050B12046FFF7D2F9284638BD05482146EB
:10C6100023F0B5FBFFF7DEFF0025F5E76FF06805B7
:10C62000F2E700BF5401002038B502460B46244D06
:10C63000D5F8541109B9002038BD05F598701AF0E5
:10C6400049F80028F7D10022002305F5AA7019F057
:10C65000D5FF044668B91B4A1B491C4840F6E23323
:10C660001DF00EF984F31188BFF36F8F0323184672
:10C6700002DFD5F8480120B1FFF798F90023C5F88B
:10C68000483120461EF0DEF8C5F848012046FFF785
:10C69000F3FE98B10E4819F0E3FF2046FFF7E6F8E5
:10C6A0000C4B0C2202FB00301F2140882246FFF772
:10C6B000E3FD2046FFF77AF9FFF78CFF0120BBE787
:10C6C00000000020A9400500414105000B41050084
:10C6D00030010020602F00202DE9F04F064687B082
:10C6E00015460C4631B9FFF761FE044648B96FF0B4
:10C6F00068007BE0887AFFF7B1F8484B834240F04E
:10C70000868001220021684623F052FB2046FFF775
:10C71000ADF8DFF82C910C2303FB0090C0F808D093
:10C7200020461EF08FF801463D4823F028FBFFF716
:10C7300051FF24F027FA3B4B1A583B4B9A4222D127
:10C74000DFF8F0A0DFF8FCB0354823F02DFB002126
:10C7500080464FF4A020FFF767FF074688B94FF4E3
:10C76000D7735246594631481DF08AF83048314651
:10C770001DF086F887F31188BFF36F8F03231846E7
:10C7800002DF4445E0D14FF4A0220023684619F0AF
:10C79000A1FF074698B14FF4DA73264A2649234889
:10C7A0001DF06EF825483A4631461DF069F8002321
:10C7B00083F31188BFF36F8F0323184602DF2046EF
:10C7C000FFF754F80C23584319F80060BEB1204617
:10C7D000093EFFF7EBF8092E0ED8DFE806F01B0D37
:10C7E0000D0A050D0D0D0D186FF00B0007B0BDE81B
:10C7F000F08F6FF00C00F9E76FF00400F6E715B169
:10C800002C600020F2E72046FFF7D0F8F9E76FF040
:10C810001500EBE76FF06E00E8E700BF580B002053
:10C820005401002008000000582A00200B41050098
:10C830004D410500A94005006D4105007641050008
:10C84000602F002045410500F7B5144B93F99B304C
:10C85000002B05460C461DDA14B9204603B0F0BD86
:10C86000082C01AA4FF0000142F21800264628BF0A
:10C870000826FFF731FF0028F0D1019FF968324602
:10C880000131284623F0BBFD3846FFF78FF83544C9
:10C89000A41BE1E76FF08500E0E700BF0000002087
:10C8A00010B5F9F7B1FD034B1B6813B1BDE810409B
:10C8B000184710BD842F002073B5274D0646D5F8C4
:10C8C0006C0123F082F800283FD06FF0020105F1DF
:10C8D000D4001EF042FA01211EF0C5F9C30737D477
:10C8E0001EF0CBF8044668BB1C4B1E6001221146AB
:10C8F00005F5987023F05CFA05F5AA7023F001FAAB
:10C90000174823F01FFB1749154800946FF00703E1
:10C9100040F698021AF0BEF81349114823F07AFB4A
:10C92000D5F86C01114983681B689847044648B9DB
:10C9300026B902B0BDE87040F9F766BD05F1C40044
:10C940001AF0A2F8204602B070BD6FF01204F9E7A9
:10C950006FF07704F6E700BF00000020842F00206E
:10C96000900F002038760020BB41050019C5020059
:10C970002DE9F0435F4AB0F80170054685B047F4F1
:10C9800070410023104632F8024BA1422DD1002203
:10C9900020F81320584AD65C00F0CCF9EB78012B34
:10C9A00008BF564B05F1040420460CBF93F86F8076
:10C9B0004FF000081EF0CCF82146D8B102A81EF0B6
:10C9C000BCF8D5F81130CDF80130B5F81530ADF818
:10C9D00005304FF00109EB78012B22D013213846A6
:10C9E0001EF005FC05B0BDE8F0830133052BCAD16C
:10C9F0000026D1E740461EF07AFD0346006802900B
:10CA00009A889B796868ADF80C208DF80E30A28862
:10CA1000A37995F804900090ADF804208DF80630C5
:10CA2000D9E702A8FFF782FBEB78012B04460AD175
:10CA300000F090FC6FF08001804610301EF08DF900
:10CA400040461EF0DFFE002CC8D02346B5F801207A
:10CA500023F8702B02989DF80E20BDF80C1020676B
:10CA60009A719980B5F81730A4F88630B5F8193066
:10CA7000A4F88C30B5F81B30A4F88E30EB78E37056
:10CA80000022012B227324D18DF80090BDF80420E0
:10CA90009DF806300098A4F87B2084F87D30C4F817
:10CAA000770000F057FC237A144AC3EBC3039918AC
:10CAB000D358C4F87E308B88A4F882308B7984F800
:10CAC0008430D2E9381303F03F03194301D000F05A
:10CAD000E5FD0721204601F05FFA26B1267301210A
:10CAE000204601F059FA204601F04CFB204601F0A7
:10CAF00029FA77E7A0680020F369002000000020F1
:10CB000000B5C3681A7889B032B13C2A32D109B075
:10CB10005DF804EB1EF02DB98DF80020B3F801206C
:10CB2000ADF80120DA788DF80320B3F80B20ADF8CA
:10CB30001720B3F80D20ADF81920B3F80F20ADF889
:10CB40001B205A7C8DF81D20586801901A899B7A09
:10CB50008DF80A30094BADF8082068461A689B88A2
:10CB6000CDF80B20ADF80F30CDF81120ADF8153011
:10CB7000FFF7FEFE09B05DF804FB00BF364005007C
:10CB800038B5032104460C301DF0C0FEE36805787B
:10CB9000B0F80100197840F6354398420AD0224691
:10CBA000FFF76AFB35B1044819F05AFDBDE838407B
:10CBB000FFF710BD38BD00BF3001002038B504219B
:10CBC00004460C301DF0A2FE4578017840882246CC
:10CBD000FFF752FB35B1044819F042FDBDE838407B
:10CBE000FFF7F8BC38BD00BF3001002070B54FF032
:10CBF000FF320D464FF0FF3300210646FFF704FADF
:10CC0000044660B90A4A0B490B4813231CF038FE4E
:10CC100084F31188BFF36F8F0323184602DF0221CC
:10CC200004F10C001DF04BFE06704570204670BDEF
:10CC3000EE410500414105000B410500F8B50A4DE4
:10CC4000EF7906460024E3B29F4202D86FF001005C
:10CC500007E0294630461EF081FB0735631C08B10A
:10CC60002046F8BD1C46EEE70000002037B504461C
:10CC70000D46B9B1164928461EF070FB90B915480B
:10CC8000C4EBC404294620441EF070FB12481EF079
:10CC900074FB430703D5FFF7D5F81DF0F0FE002025
:10CCA00003B030BD68461DF03AFF0028F8D1684651
:10CCB000FFF7C4FF0028F5DA064BC4EBC4001844A4
:10CCC00069461EF053FB002DE0D001462846DBE705
:10CCD0002940050000000020D400002070B5144E4B
:10CCE00006223146044623F038FDD8B1062142F22F
:10CCF0000500FFF75BFB0546B0B1062221460C306C
:10CD00001DF0E3FD0022294642F20500FFF7E4FC96
:10CD100048B93346226843F86929A288B2800122C3
:10CD200083F86820002070BD6FF06800FBE700BF4B
:10CD3000690000200A4BBFF35B8F53E8002F22F4F9
:10CD4000806143E800100028F7D1BFF35B8F5305E3
:10CD500004D504490022022004F016BE704700BF2B
:10CD6000D40000204DB5040007B50023CDE9000331
:10CD700004496A46022004F007FE019803B05DF8FA
:10CD800004FB00BF61B40400F7B5054670B1464C22
:10CD900094F8222194F823310AB19A4208D201333F
:10CDA00084F823312B7A43F004032B7203B0F0BDD7
:10CDB00000210222084601F015FC0646A8B1BFF387
:10CDC0005B8FD43454E8003F43F4806344E800327E
:10CDD000002AF7D1BFF35B8F2B7A43F001032B724C
:10CDE00003B0BDE8F04001F0ADB801462F4800F0B7
:10CDF000ABFA94F82331B3B994F8232194F8223193
:10CE00009A421FD10022114642F22900FFF764FC2A
:10CE100070B994F82331013384F823312B7A43F02D
:10CE200004032B7204E030461EF0E9FA0028E3D038
:10CE300001201EF0E4FA1E48002103B0BDE8F040D6
:10CE400000F082BA2A466F1C12F82A0B39461EF0EF
:10CE50009AFA06460028EBD194F82331013384F87E
:10CE600023312B7A43F004032B7294F8A7305B072D
:10CE7000DED5394668461EF079FA0123082142F2D0
:10CE80004E008DF80730FFF791FA04460028CFD006
:10CE9000694608220C301DF018FD3246214642F248
:10CEA0004E00FFF719FCC3E700000020B7B40400F0
:10CEB0002FB404002DE9F041054660B33C4C94F8D2
:10CEC000222194F82331F2B1013293421CDC00217B
:10CED0000222084601F086FB0646F0B1BFF35B8FE5
:10CEE000D43454E8003F43F4806344E80032002A1D
:10CEF000F7D1BFF35B8F2B7A43F002032B72BDE8AF
:10CF0000F04101F01FB813B1013B84F823312B7AB3
:10CF100023F004032B72BDE8F0810146254800F0A0
:10CF200013FA30461EF06BFA074688B994F823319D
:10CF300094F822219A4217D2013B84F823312B7AAC
:10CF40001D4923F0040302462B72022004F01CFD4D
:10CF500094F8233113B101201EF051FABDE8F041DD
:10CF60001648002100F0F0B9072142F22800FFF72F
:10CF70001DFA05F1010806460028E9D007210C300A
:10CF80001DF09DFC41461EF0F1F93A46314642F251
:10CF90002800FFF7A1FB0028DAD194F82331013BE8
:10CFA00084F823312B7A23F004032B72D0E700BFDF
:10CFB00000000020B7B40400E9B304002FB404005B
:10CFC00070B5044611B16FF0150070BD80B11B49FA
:10CFD0001EF0C4F960B92046FFF730FE002827DABA
:10CFE0002378012BEFD1A37903F0C003C02BEAD142
:10CFF000134DEB79012B1ED005F1D4001EF0BDF9C5
:10D00000C30707D4002CDED00C4920461EF0A6F939
:10D010000028D8D1EE792146731C3046EB71FFF71A
:10D0200025FE08B93046D0E7EB79013BEB71CCE740
:10D030006FF07700C9E76FF00B00C6E729400500E5
:10D04000000000202DE9F3410446D8B101AA0021D7
:10D0500041F20900FFF740FB054698B9019E1249CD
:10D06000D6F80C8008F101070622384623F075FB3C
:10D0700028B10E490622384623F06FFB30B93046FE
:10D08000FEF794FC002002B0BDE8F081D8F8013032
:10D09000C4F80130BB88A4F8053030462570FEF78F
:10D0A00085FC0120EFE700BF364005003040050059
:10D0B00007B56846FFF7C6FF044BD87118B169463B
:10D0C0000020FFF7D3FD03B05DF804FB0000002053
:10D0D000F0B5294DEE7989B0002E46D195F8C230D1
:10D0E000DB0722D56A4631464FF60940FFF7F4FACE
:10D0F000D8B9DDF800C0DCF80C406378012B1E467F
:10D1000028BF012673B1A31C02AA123418685968FB
:10D11000174603C70833A3423A46F7D11868386068
:10D120009B88BB806046FEF741FCEE71002416260A
:10D130000127EB79E0B2834202D8B3B1002012E0BC
:10D1400008AB06FB0033694653F8182C33F8143C3F
:10D15000CDF80120ADF805308DF80070FFF786FDA1
:10D1600001340028E5D009B0F0BD0021084609B01F
:10D17000BDE8F040FFF724BF000000202DE9F0419A
:10D180000D4617461C460646002856D0002B54D0A4
:10D190000A03037808D56D074FD41EF0BCF90028A8
:10D1A00049D1012323700CE0E9072CD526480FB1A3
:10D1B000AA0608D4C3EBC302825C012A12D002B9CA
:10D1C0002270002037E090F8D820510638D5C3EB04
:10D1D000C302825C012A05D002B92270237843F091
:10D1E0000203DFE74FF00108072111FB038101442F
:10D1F00030461EF088F9F0B984F80080002FE0D0A6
:10D20000AB06DED5EAE76A0711D50F49C3EBC302C7
:10D210008E5C012E08D1072212FB036319441EF015
:10D2200072F940B92670EBE7002EE9D1FAE71EF05B
:10D2300072F901232370BDE8F0816FF01500FAE761
:10D240006FF08500F7E700BF00000020F8B54568E3
:10D250006905064635D4046914B115F0010330D0D0
:10D26000194F3078FB7983422BD9C0EBC0001749A6
:10D270000722384423F071FAA8B115F0010306D152
:10D2800097F87020082A02D8B2689F2A19D915F099
:10D29000300F09D0ACB1EA060AD405F46035B5F513
:10D2A000603018BF0120F8BDEB0601D4002CF4D18A
:10D2B000D6E902239A4204D81F2A02D9B3F5804F37
:10D2C000EBD90020EFE700BF000000202940050057
:10D2D00008B504490722093023F03FFA003818BF87
:10D2E000012008BD29400500F8B5154B067883F8E4
:10D2F0006F6004460D46FFF7EBFF70B911493046E9
:10D3000001F020F9044610B96FF00B00F8BD0521BB
:10D3100000F042FE2C600020F8E704F109073946CE
:10D3200030461EF0EBFB40B92078394601F00AF98F
:10D3300004460028E8D00621EAE76FF01500E5E78B
:10D34000000000202240050003460148184700BFA6
:10D350001800002000487047180000202DE9F04F09
:10D36000D1F810908DB09A460023B9EB030605461C
:10D370009048059218BF012607931EF008F90C4645
:10D38000410740F10C812046FFF760FF28B96FF09C
:10D39000150B58460DB0BDE8F08F20461EF0D2F8B0
:10D3A00080460028F3D005F1100738461EF0EFF84C
:10D3B0000206C0F3C01300F1F580CDE90933CDF8C2
:10D3C0002B30A3686068ADF82030E368ADF82230F8
:10D3D0001EF0CEF86FF480718DF82D0075481EF0A8
:10D3E000DCF8754A23782B7082F86F3061680DF194
:10D3F000250332462846FFF7C1FE83460028C8D1E0
:10D4000005F10903B9F1000F18D021690868C5F8C2
:10D410000900888898808979997120461EF0BBF9A7
:10D4200063680646D8071BD49A0503D4169B0BB92C
:10D43000022E56D102238DF8243023E05F4A116872
:10D44000C5F809109188927999809A7120461EF04A
:10D45000A2F96368D9070646E6D58DF8249011E055
:10D4600013F0100F0CBF012304238DF8243023691F
:10D470001968CDF826109988ADF82A109B798DF897
:10D480002C30D8460F2142F20600FEF78FFF83466C
:10D49000002800F08A800F2208A90C301DF015FA30
:10D4A0000022594642F20600FFF716F900287FD104
:10D4B000B9F1000F1BD06368DB0726D42846012191
:10D4C0001EF079F9079D8346002860D0002D3FF4B7
:10D4D00060AF2846002100F05FFD284600F032FDD5
:10D4E00057E70323DDF858808DF82430CAE7179BEF
:10D4F0000093CDE90186169B0599524628461EF0F9
:10D50000D3F883460028D6D043E707A92846FFF77B
:10D51000EBFE83460028D1D010F10C0F7FF439AF19
:10D52000B9F1000F7FF435AF636898073FF531AF6D
:10D53000626882F00202C2F3400B0BF001020E217E
:10D5400038461EF098F8731E5A425A410821384650
:10D550001EF091F8B11E4A424A41384609211EF098
:10D560008AF862680A2102F0010238461EF083F848
:10D5700042460B2138461EF07EF862680D21C2F348
:10D58000800238461EF077F84FF0000B01E715B126
:10D59000284600F0D7FCB9F1000FCED1C8E76FF0F4
:10D5A0000A0BF6E66FF0770BF3E66FF0680BF0E628
:10D5B0008346EEE6D400002000000020294005004C
:10D5C00073B51546069A0C46CDE900322B460A463D
:10D5D00001461148FFF7C2FE21460646002340F2ED
:10D5E00001109D4202D1304602B070BD0A888242CD
:10D5F00004D14A6812B11278D20702D4013308313B
:10D60000EFE70649064822F0A3FC4FF470220023FE
:10D61000034819F0DBFAE6E7180000200BB8040015
:10D620003000002010B519481EF0ECF818486FF4CF
:10D6300080411DF0B2FF16481DF0A9FF03461A06EF
:10D64000C0F3C01021D512481DF0A1FF430513D52A
:10D650000E48FFF73DFE0F490346087E93B90E4979
:10D66000052200F0BFFF044630B10021017300F035
:10D6700093FC204600F066FCBDE810400348002102
:10D680001EF099B806222131EBE710BD18000020EA
:10D6900028000020000000202240050073B5324819
:10D6A000314C1DF074FF10F4804F5AD020461DF00D
:10D6B0006EFF030655D420461DF069FF460550D580
:10D6C00001A9A4F11000FFF70FFE002849D1A4F131
:10D6D0001000FFF7FDFD024620461DF058FFC0F385
:10D6E000803120461DF053FF81F0010145054FEACE
:10D6F00041011D4848BF41F001011DF048FF800471
:10D7000048BF41F0040119480DF10303FFF736FD4E
:10D71000054630BB154801211EF04DF8019E28B981
:10D72000304602B0BDE8704000F00CBC29463046DF
:10D7300000F032FC6FF480410B481DF02EFF0546CF
:10D74000304600F0FFFB6B040BD5BFF35B8F54E852
:10D75000003F43F4804344E80032002AF7D1BFF38E
:10D760005B8F02B070BD00BF2800002018000020B1
:10D7700070B59AB03B4B03930021142204A822F009
:10D7800066FE44F2010309A809931EF040F8099BC4
:10D79000059301A9344B069303A818F085F810B33C
:10D7A0001F25324BBFF35B8F53E8001F21F00101AF
:10D7B00043E80012002AF7D1BFF35B8F2C4E19F01B
:10D7C00029FC3468002C45D0002DA4F10404294D17
:10D7D00018BF002523680BB1284698476468002CC1
:10D7E00038D0043CF6E7019802AB412209A921F0A8
:10D7F0001FFB0028D4D1204A0DF125030DF165014E
:10D8000053F8040B42F8040B8B42F9D11B490198E1
:10D8100002AB202221F0B1FA0028C1D1019821F0F9
:10D8200062FA05460028BBD1134912481DF0FCFFDF
:10D83000134820311DF0F8FFBFF35B8F114B53E805
:10D84000001F41F0100143E80012002AF7D1BFF396
:10D850005B8FA6E70023C6E9003319F0EFFB1AB08F
:10D8600070BD00BF1271000100000209882F002066
:10D87000902F0020586A0020186A0020F8690020C4
:10D88000786A0020D400002030B5A7B004233D22E0
:10D89000002116A8159322F0DAFD2D4B07931422D0
:10D8A000002108A822F0D3FD44F201030DA80D9336
:10D8B0001DF0ADFF0D9B0993264B0A93264905AB3E
:10D8C000202207A821F0E0FAD8B16FF0040419F083
:10D8D000A1FB224B1D6885B100201860204BBFF3CF
:10D8E0005B8F53E8001F21F0020143E80012002A79
:10D8F000F7D1BFF35B8F24B3A84719F09FFB27B084
:10D9000030BD184B0DF1550203F14000194653F894
:10D91000044B42F8044B8342F9D106AB0293202317
:10D92000CDE900130B480599412315AA21F0F1FB1D
:10D930000028CAD1059821F0D6F904460028C6D09F
:10D94000C3E70DA807491DF06FFF0DA8D4E700BF7E
:10D950001271000100000209F86900208C2F0020DC
:10D96000882F0020186A002008B50449402222F0C0
:10D97000F4FEB0FA80F0400908BD00BF2442050063
:10D9800010B598B014220446184B0193002102A848
:10D9900022F05DFD4FF4804307A807931DF037FF89
:10D9A000079B0393124B0493214604230DF11D00A2
:10D9B0008DF81C301DF038FF04F120010DF13D0001
:10D9C0001DF032FF6B46412207A901A821F05CFA45
:10D9D000044601A821F0FBFC2CB9009821F083F942
:10D9E000012018B010BD0020FBE700BF124100016C
:10D9F0000000020910B5002837D0204A136823B16F
:10DA0000043B834234D05B68F9E71D4BBFF35B8F67
:10DA10001968BFF35B8F89072DD414684460011D1A
:10DA20005068116000B95160BFF35B8F53E8002F5D
:10DA300042F0010143E800100028F7D1BFF35B8FEB
:10DA4000D30701D5002010BD0E4BBFF35B8F53E809
:10DA5000001F21F0100143E80012002AF7D1BFF3A4
:10DA60005B8F0948FEF76EFAECE76FF01500EAE706
:10DA70006FF07700E7E76FF00F00E4E7902F0020EA
:10DA8000882F0020D400002098040020054BBFF30D
:10DA90005B8F1B680448BFF35B8F13F0100F08BF48
:10DAA00000207047D4000020586A002070B5054659
:10DAB0001E4803688B4232D0BFF35B8F1C4B1B6840
:10DAC000BFF35B8FDA062DD5036813B16FF00F003B
:10DAD00070BD184ABFF35B8F1368BFF35B8FDB0722
:10DAE000F4D4BFF35B8F52E8003F43F0020442E8F6
:10DAF0000046002EF7D1BFF35B8F13F00204E5D18F
:10DB000001600D4829461DF08FFE0C4805F12001EB
:10DB10001DF08AFE0A48FEF715FA2046D8E76FF096
:10DB20007700D5E76FF07C00D2E700BF8C2F002094
:10DB3000D4000020882F0020186A0020386A0020B6
:10DB40008804002070B50C4B1C68054644B154F89D
:10DB50001C3C1C3C13B1297B28469847E469F5E737
:10DB6000064C074EB44200D370BD236813B1297B25
:10DB7000284698472034F5E70C300020B010050007
:10DB8000B010050010B50446FDF770FE044901EB26
:10DB9000001120461DF01DF8BDE81040FEF71ABD2B
:10DBA000982F002070B5D1E9015600220446C1E942
:10DBB0000122064822F0E3F83DB1314620462B46CB
:10DBC0006FF06D02BDE87040184770BD780A002004
:10DBD00070B5002205460E46094800230021FDF7D6
:10DBE00067FE044658B1FDF741FE064B324603EB93
:10DBF000001329462046BDE870401CF0C5BF70BD2B
:10DC00002C0B0020982F002030B5437B072B85B0CC
:10DC1000044636D1051D4FF4806128461DF02EFEC6
:10DC200040052ED428461DF023FEC10323D5164DF2
:10DC300095F8D930DA0709D5022300211A46009158
:10DC400020461DF031FB637B072B1AD195F8D830A5
:10DC50009B0616D51DF05DF998B10DF10E0103A8D4
:10DC60001DF0ADFA68B9BDF80E20BDF80C102046C5
:10DC70001DF0FCFA05E020461DF0DEFA637B072B61
:10DC8000D5D005B030BD00BF0000002070B50546FE
:10DC90000F480022002318F01DFDB8B90D4B1C6879
:10DCA00034B154F8143C1C3C03B19847E469F7E7DD
:10DCB000094C0A4EB44204D32846BDE8704018F01F
:10DCC000E3BEA36803B198472034F3E770BD00BFFB
:10DCD000600A00200C300020B0100500B0100500D4
:10DCE0002DE9F843DFF85480044620270025EFF3A0
:10DCF000118387F31288BFF36F8FE16929B983F32A
:10DD00001188BFF36F8FBDE8F883206A0A68E2616B
:10DD1000814208BF226283F31188BFF36F8FD1E97C
:10DD200001694046C1E9015522F029F81EB10022DF
:10DD300049462046B047FEF74DFCD8E7780A002058
:10DD40000448B0F80431002B00F5847008BF0020AF
:10DD5000704700BF0000002030B5044622F012FFDB
:10DD60000D460C490C4A095891428BB005D120460A
:10DD70000BB0BDE83040FFF7B3BF24342146104656
:10DD800022F0B5F81DB16946204622F0C0F80BB06C
:10DD900030BD00BF08000000582A002038B500221E
:10DDA00004468A4202D10024204638BD04F1C8034B
:10DDB0000120BFF35B8F53E8005F002D04D143E8DF
:10DDC000000CBCF1000FF6D1BFF35B8F02D0D03452
:10DDD0000244E6E7002CE6D0C8220021204622F0CB
:10DDE00036FB04F14000044922F0B2F8034904F183
:10DDF000240022F060F8D7E75DE70200C9B804000C
:10DE000038B50121044600F1BC03BFF35B8F53E832
:10DE1000002F43E80015002DF9D1BFF35B8F52B9F5
:10DE20001DF0D8FD19F0F6F8054804F1B8011DF011
:10DE300005FD19F003F9BDE83840FEF7CBBB00BF84
:10DE40002401002070B53C4B5A8B32B13B4DD5F8C4
:10DE5000244134B90024204670BD1B68002BF5D145
:10DE6000F8E754F8B83903B1B83B3549002601E06A
:10DE70001C461346B5F80421002A5AD0D5F81021C3
:10DE80004AB904F1B806002BE4D0D3F8B820002A30
:10DE9000EED0B83AECE70A68002AF2D0D4F8A42011
:10DEA000002AEED0D4F8A820002AEAD0D4F8AC207A
:10DEB000002AE6D0637B072B0DD12046904750B156
:10DEC00004F1C0001DF0D4FC022804DC2046BDE8AB
:10DED00070401DF07FBDD4F8B83004F1B80206BB25
:10DEE000D5F82811C5F824318A4201D1C5F8283166
:10DEF0000022C4F8B82004F1BC03BFF35B8F53E8E1
:10DF0000001F43E800200028F9D1BFF35B8F2046B3
:10DF1000D4F8AC30984700289DD02046FFF770FF1A
:10DF200099E73360D5F828319A4208BFC5F82861CF
:10DF3000DEE79368FFDE00BF2C0B0020000000200E
:10DF4000780A002037B5C83010F8C65C10F8C54C08
:10DF5000BFF35B8F50E8003F5A1E40E800210029C4
:10DF6000F8D1BFF35B8F01A801931DF081FC01285C
:10DF70000BD1074818F074FB064818F085FD012DF9
:10DF800003D1012C01D1FFF789FB03B030BD00BFE5
:10DF9000600A0020B804002070B5457B8D4204461D
:10DFA0007ED0417325B98378082B01D01DF012FD76
:10DFB000637B012B09D13B4D05F58476616900290E
:10DFC0005CD1BDE87040FEF705BB072B09D0002BE4
:10DFD00066D1A378042B20D12046BDE87040FFF71E
:10DFE000B1BFA378042B5BD02F48002119F040FC6F
:10DFF0000023C4E90D33E378012B51D1A378012B21
:10E0000004BF032384F8943004F140004FF420321D
:10E01000BDE87040002318F0A5BD082D40D801A32D
:10E0200053F825F0A1E0020049E002006FE0020091
:10E03000D9DF0200D9DF0200D9DF02006FE0020061
:10E04000A1E00200A1E0020004F14005284621F011
:10E050008BFF20460121FFF77FFE20461DF052FC7A
:10E0600028460022BDE87040002318F0AFBD237B96
:10E07000002BB1D02046FFF765FDADE7A2690B6824
:10E080006361914208BFA3612046FFF78BFDB5F89D
:10E090000431002B14BF3046002018F0E1FA8DE760
:10E0A00070BD00BF00000020C804002010B502466B
:10E0B0000C46074805211DF0A8FC034610B90023B3
:10E0C000184610BD82781442FAD1FFF73BFFF6E7FD
:10E0D000781000202DE9F047DFF834A006460F46FF
:10E0E000904600254FF0D00909FB05A01DF072FCF9
:10E0F000044620B183781E4206D1FFF723FF013585
:10E10000052DF1D1BDE8F0874146B8472046F4E738
:10E1100078100020024900220120FFF7DBBF00BF7A
:10E1200009DC0200034BC01A034B00115843C0B274
:10E13000704700BF78100020C54EECC470B51C4677
:10E14000144305460E4608D022F01CFD0A49085823
:10E150000A49884204BF002213460949002D14BF12
:10E16000284608461CF03FFB044618B1711D0C30D0
:10E170001CF09AFB204670BD08000000582A0020C1
:10E18000A80A002010B50446054818F07DFC20467A
:10E1900000F0C6FB2046BDE81040FFF7D3BC00BF2F
:10E1A000A80400202DE9F04F85B0002301930393CC
:10E1B000FFF748FE044668B1427BD0F8A430072A36
:10E1C00017D002AA4FF0FF319847014628B92046E0
:10E1D000FFF7B8FE05B0BDE8F08F039B019A20461B
:10E1E0001DF05BFBD4F8A43002AA4FF0FF312046AB
:10E1F000EAE7DFF8689102AAB9F8041198470546E2
:10E200000028E4D0B9F80421029B9A4206D30146C3
:10E21000D4F8A86003AB01AA2046B0472B8A039E1E
:10E22000DDE9018B002B00F08A8028461CF0E7FC1A
:10E230008246002840F08380B9F804314548002B1D
:10E2400008BF00200022002318F044FA002876D1ED
:10E2500041480022002318F0D1F9074600286ED06B
:10E26000C0E90186B9F804612B8AB34598BF1FFA4B
:10E270008BF6B34242D928461CF0E4FA3146FFF748
:10E28000A7FCB9F8043194F8C4809B458CBF4FF0CB
:10E29000010A08F1020884F8C4A0064698BF5FFA94
:10E2A00088F804F1C00ABFF35B8F5AE8003F0133DE
:10E2B0004AE80032002AF8D1BFF35B8F04F1140B57
:10E2C000394658461DF0BAFAA378012B19D104211A
:10E2D00006F10C001CF00AFB238808F0FD0843EA55
:10E2E00008330380338A043B43800423337630466B
:10E2F000FEF7C2F828B9FEF76DF968E731462846FF
:10E30000BDE7BFF35B8F5AE8003F013B4AE80032AC
:10E31000002AF8D1BFF35B8F394658461DF0D7FA73
:10E320003046FDF743FB20463946FFF73BFCB9F882
:10E3300004310848002B08BF002018F091F9294645
:10E340002046039B019A1DF0A8FA132120461DF0D8
:10E350007EFB3CE708010020780A00200000002036
:10E36000F8B5031D044618461DF082FA820419D53B
:10E37000B4F88620B4F88810914213D8B4F88A1003
:10E3800091420FD3D4E9231291420BD1BFF35B8F9B
:10E3900053E8001F21F4005143E80012002AF7D18E
:10E3A000BFF35B8F104B1D686DB155F80C6C1C3DB5
:10E3B0003EB1B4F88E30B4F88C20B4F88610204604
:10E3C000B047ED69F0E7094D094FBD4200D3F8BDF4
:10E3D0002E693EB1B4F88E30B4F88C20B4F88610B3
:10E3E0002046B0472035F0E70C300020B010050083
:10E3F000B01005002DE9F041074608460D461CF017
:10E400008DFD064618B900263046BDE8F081144B54
:10E410001C6884B154F8103C1C3C0BB9E469F8E763
:10E420002946384698470028EDD028461CF076FD4E
:10E430000028F3D1E7E70B4CDFF82C804445E3D20A
:10E44000E3680BB92034F9E7294638469847002895
:10E45000D9D028461CF062FD0028F3D1D3E700BFD5
:10E460000C300020B0100500B01005002DE9F0417F
:10E47000C37804468BB900F17E06114B1D687DB14F
:10E480001C3D04F170076B691BB13A4631462046CA
:10E490009847ED6925B11C3DF5E700F17706ECE7FB
:10E4A000084D094F04F17008BD4201D3BDE8F08169
:10E4B0006B691BB142463146204698472035F3E749
:10E4C0000C300020B0100500B0100500F8B5437AFC
:10E4D0008372054616461DF040FC0D4B1C684CB17E
:10E4E00054F8043C1C3C1BB1697A324628469847D4
:10E4F000E469F4E7074C084FBC4200D3F8BDA369B8
:10E500001BB1697A3246284698472034F4E700BFA9
:10E510000C300020B0100500B010050008B5084B05
:10E520001A6800F11C0122B905481DF087F9104650
:10E5300008BD914201D01268F5E76FF01000F7E7CF
:10E540000C30002038B505460C460F480521FFF772
:10E5500025FCC0B1057223680367A388A0F8743056
:10E56000A37980F876300123437283728370074B5E
:10E57000C0F8A430064BC0F8A830064BC0F8AC3049
:10E58000054BC0F8883038BD78100020F9E902004A
:10E590005DB8040051B80400180028002DE9F041CE
:10E5A0000F4E07468846002530461DF013FA0446F4
:10E5B00020B18378012B0AD0FFF7C4FC0135052D6B
:10E5C00006F1D006F0D100242046BDE8F081424695
:10E5D00039461DF073FA0028F6D12046ECE700BF5B
:10E5E000781000202DE9F047DFF850A006460F46CE
:10E5F000904600254FF0D00909FB05A01DF0EAF96F
:10E60000044620B18378012B06D0FFF79BFC01352F
:10E61000052DF1D100240DE037B13A4631461DF009
:10E620004DFA08B92046F0E7637B4345FAD1237AD7
:10E63000B342F7D12046BDE8F08700BF7810002034
:10E6400038B583780B70C3784B70037A8B70437B3B
:10E65000023BDBB2062B0C4698BF24494FF0000268
:10E6600098BFCB5CE27788BF1346237705461DF041
:10E6700098FA607728461DF050FAA077AB78012B06
:10E6800031D105F17003A3602B7A194AC3EBC303A0
:10E6900013446360E97805F17E0305F1770211B157
:10E6A000194613460A46C4E90323B5F88630A38207
:10E6B000B5F88C30E382B5F88E302383D5F8A030DE
:10E6C00023B15B7BDA0644BF0123E377D5F8A030A2
:10E6D00013B15B7B9B0601D4002038BDE37F43F080
:10E6E0000203E377F8E76FF01500F6E764420500F0
:10E6F0000000002038B5044608460D461CF00EFC0C
:10E7000038B3154B93F8D830990707D4E37873B131
:10E7100029462046BDE8384000F0D4B994F8953039
:10E720009A07F3D5201D1DF0A3F84304EED4294623
:10E7300020461DF047FA58B92B88A4F888306B881A
:10E74000A4F88A30AB88A4F89030EB88A4F8923013
:10E7500038BD6FF01500FBE700000020F7B510F89A
:10E76000333C0446A0F140060BBB30461DF0DDFAF9
:10E77000314B1D684DB155F8183C1C3D1BB114F8C8
:10E78000341C30469847ED69F4E72C4D2C4FBD42C0
:10E7900005D3304603B0BDE8F040FFF7D3BB6B684C
:10E7A0001BB114F8341C304698472035EFE710F8B9
:10E7B0003E3C012B3DD1BFF35B8FA0F13C0555E8FA
:10E7C000003F23F4005245E800210029F7D1BFF3B0
:10E7D0005B8F9B041CD5A36C00936946236D01934A
:10E7E0003046FFF787FF58B9BFF35B8F55E8003F0E
:10E7F00023F4805345E80032002AF7D1BFF35B8F42
:10E800004FF40061284603B0BDE8F0401DF036B873
:10E810000C4A106851686B4603C369463046FFF7DF
:10E8200069FF0028ECD14FF4805128461DF026F8EE
:10E83000E6E703B0F0BD00BF0C300020B0100500CB
:10E84000B0100500CC1105000B4B58B11A6862B925
:10E8500042693AB942685AB982684AB9C2683AB953
:10E8600082692AB91860002070476FF077007047FE
:10E870006FF01500704700BF1C30002008B568B16C
:10E88000094B1A6800F10C0122B907481CF0D6FFA9
:10E89000104608BD914204D01268F5E76FF01500EC
:10E8A000F7E76FF07700F4E71430002010B50C485C
:10E8B00021F027FA0B490A4821F061FA0A49084871
:10E8C00021F05DFA0949064821F059FA1DF077FF59
:10E8D00002F0EAFF044608B91DF007FB204610BD10
:10E8E000780A0020E82F0020F42F002000300020BC
:10E8F00030B5094C0023542505FB03F002192058BC
:10E9000028B10133052BF7D16FF00B0030BD034B5D
:10E9100053600A60FAE700BF203000207C1A05002F
:10E92000F7B5274D274F04460026BD4201D303B05B
:10E93000F0BD6B6801A92046984700283BDB019B8E
:10E940002A889A829A8403F11002A868BFF35B8F29
:10E9500052E8001F42E8006CBCF1000FF8D1BFF391
:10E960005B8FC3E913669E649E60A16B03F108028E
:10E9700019BBC4E90D221C60D86003F1300021F0FE
:10E98000C0F9019843681B6803B19847019BBFF326
:10E990005B8F103353E8001F41F0010143E8001280
:10E9A000002AF7D1BFF35B8F01984368DB6913B18D
:10E9B00000F1100198470C35B7E70A60A263DAE767
:10E9C0008C100500B010050030B5044652EA030073
:10E9D00008D022F0D7F8064D2D580648854204BFCE
:10E9E0000022134620460431BDE83040FFF7A6BBA5
:10E9F00008000000582A00202DE9F843D0F8B04064
:10EA00000E4690464CB1483C236B63B104F130098B
:10EA1000484621F0C9F9054650B9FDF7DBFD002550
:10EA20002846BDE8F88320461DF017F9A46CE9E7F5
:10EA30001CF0E5F80028F2D1236D9BB9A38C2F8A36
:10EA4000403B9BB23F2B03D8238D9F4228BF1F46DC
:10EA5000042105F10C001BF049FF0780A38C4380C3
:10EA600004372765236D2A8A9E420ED3934215D020
:10EA7000A38C403B9BB23F2B1ED920461DF0EDF8E6
:10EA8000236B13B120461DF0C7F8236DC8F8003082
:10EA90009E4234BF9E1B00262665C1E7002200234C
:10EAA000484617F0ABFDA38CA3F140023F2AE4D8FF
:10EAB000034AAA61EB61E0E700221346F9E700BFD1
:10EAC00011BE040070B5124B0C4619780131C9B261
:10EAD000012938BF012105460822122019701DF0B6
:10EAE00059F9064688B108210C301BF0E8FE22884F
:10EAF000028062884280A2888280E288C280314699
:10EB00002846BDE870401DF090B96FF00B0070BD55
:10EB1000986A002023281FD81A2804D8431E182BCF
:10EB20000ED906207047A0F11B03082B1ED8DFE882
:10EB300003F0051D1B231D19251D0500032070472B
:10EB40000F4A012383401A40C2B90E4A1A40002AD4
:10EB500014BF01200620704700F07F03522B05D11F
:10EB600000207047012070470520704710F0400FCB
:10EB70000CBF062000207047042070470220704719
:10EB8000AAAA8A025455450170B50E46438D418BA1
:10EB90008B4202F1010228BF0B469A4205461ED85D
:10EBA0003046FFF7B7FF022810D004280ED021F01E
:10EBB000E9FF144B1958144B994213D0134B1B689F
:10EBC0005A1A18BF4FF0FF32134602E04FF470227A
:10EBD00000230F480021FFF7F7FE044620B9002468
:10EBE000204670BD0022EFE7FCF740FE094B1822DB
:10EBF00002FB0033012104F10C009D601BF05FFE5D
:10EC00000670EDE708000000582A00200C320020B2
:10EC1000D40A0020C4310020011F014820F088BF21
:10EC20002409002010B500F154030446BFF35B8FA4
:10EC300053E8001F41F0010143E80012002AF7D118
:10EC4000BFF35B8F201F1DF0B0FA04F1740004497C
:10EC500021F07EF92068BDE8104001F03DBE00BF04
:10EC600071C8040070B503788AB004460E4607AD3B
:10EC7000032B20D8DFE803F002191B1D1149284699
:10EC8000F7F762FA059563780493A3780393E37822
:10EC900002932379019363790093A3790A4A1E2191
:10ECA000304618F033FE0AB070BD0849E7E708495E
:10ECB000E5E70849E3E7084A0A21284618F026FE56
:10ECC000E0E700BFE73D0500103E0500EE3D050012
:10ECD000F53D0500FF3D0500093E05002DE9FF411A
:10ECE00005460E464FF000084FF4205300681768A1
:10ECF0008DF8088002A91446ADF80A301BF0C1FE59
:10ED0000A0B142F6010328688DF80C8003A9ADF884
:10ED10000E301BF0B6FE48B123691BB15A88B242CF
:10ED200000D25E80012004B0BDE8F08161682868EF
:10ED30001BF0A7FE10B100232361F3E7E368A0688E
:10ED40001A786AB1B7F82AC0798B038A8C4594BFC8
:10ED5000C3EB0C03C3EB0103934201DA0020E2E7AB
:10ED600004210C301BF0ABFD2061068023695E801E
:10ED7000074B00930194A2680023294638461DF0F2
:10ED800057FA0028EADB2069003818BF0120CAE7DB
:10ED900011C20400F7B5002304460E462B4800229A
:10EDA000694617F075FA0546D0B921F0EBFE284BFD
:10EDB000009F1A58274B29461A60381D282221F037
:10EDC00046FB3C60009C24480195C4E90155C4E918
:10EDD00009550022002301A917F05AFA054620B16F
:10EDE0006FF00B05284603B0F0BD019B0146B02231
:10EDF000184621F02CFB194A8260603020F081FF18
:10EE0000019BBFF35B8F583353E8002F43E8005159
:10EE10000029F9D1BFF35B8F019B1C60636A019FDE
:10EE20001BB904F10C0020F06CFF626AC7F8A8203F
:10EE3000A26A07F1A803636202B9A362019B1722C9
:10EE40005A855A8304333360CCE700BF0809002099
:10EE5000080000000C32002024090020D804002003
:10EE60002DE9F743176805468846006851687E68B3
:10EE700014461BF006FE8146002842D130469522FA
:10EE800029461EF0C9F80646207540B1E3681B7894
:10EE90000BB184F81490002003B0BDE8F083A068A3
:10EEA0001BF0D4FC02210C301BF009FD164B206135
:10EEB000A0F8008000930194A268334629463846A2
:10EEC0001DF0B6F9002807DA10F1FF0F26BF404207
:10EED000C0B20E202075DEE72369002BDBD0A068CE
:10EEE0001DF00EF87B8D7A8B9A4294BFC0EB020026
:10EEF000C0EB0300E3681B78984294BF0020012018
:10EF0000CAE70120C8E700BF11BF04002DE9F74F91
:10EF1000064608460C46FCF7A9FCDFF89880182343
:10EF2000434308EB03020546D2F808A0E068BFF3AC
:10EF30005B8FB16DBFF35B8FC90738D5E168097886
:10EF40001171002248F803200378D22B0ED13368C8
:10EF5000214618681EF092FC40B101902046FCF753
:10EF600025FD019B184603B0BDE8F08F04F10C00AD
:10EF70001BF0DCFC18235D4308EB050900231A464F
:10EF800007462146301DB4F810B0C9F808601CF0DF
:10EF900017FF03460028E5D06269A4F810B012FA02
:10EFA00087F7E76048F80500C9F808A0DAE76FF0CE
:10EFB0001503D7E7C43100202DE9F14F0546FCF7D2
:10EFC00055FC3349182202FB00F3C81851F803A07E
:10EFD0000779B0F80680D0F810900021D0E90246F9
:10EFE00021F035FAA87AFCF739FC6969834651B1FA
:10EFF0006B7AD80705D4DBF824301B6828469B6859
:10F00000984700236B612946584620F0C3FE002F25
:10F0100031D084B3236873B31B6863B3BAF1000FB4
:10F0200029D1201D1DF0CAFA3846FFF773FD0528C7
:10F0300021D8DFE800F0160320162003BFF35B8F12
:10F04000A36DBFF35B8FDA0715D5E36D9BB14FF46A
:10F050007022002304F1780001B0BDE8F04F17F0F2
:10F06000B5BD23681D68BFF35B8FA36DBFF35B8FD6
:10F07000DB0700D556B901B0BDE8F08F49462846F8
:10F08000B0470134A3B29845F8D8F4E70024F9E773
:10F09000C4310020F8B50B8A076804460D46002BE2
:10F0A00039D0012105F10C001BF030FC7B7B072BD4
:10F0B000064630D154F8043C6BB301781748043C41
:10F0C000002310F833708F4200EBC30208D1298A65
:10F0D00053789778994213D2012F1CD1042317E05B
:10F0E00001330E2BEDD10846FFF714FD98B105282A
:10F0F00011D081B10623002220461DF0A3FA0AE0B8
:10F100005368294620469847012F034603D110B182
:10F1100031780029EFD10020F8BD00BFA41A050006
:10F12000F0B51E4603680D46003987B0044618BF87
:10F130000121186817461EF073F840B904F1580011
:10F140001DF038F9002844D0002007B0F0BD002E93
:10F1500041D018220021684621F079F947BB236885
:10F160001E4A1B6800930023ADF812300C9B0393DA
:10F17000BDF83430ADF8103001238DF8143031462D
:10F180006B4630468DF808501CF005FF9DF8143092
:10F19000C3B1002FD8D00198FCF708FC9DF81430BB
:10F1A000002DD1D03246294620461DF04BFACBE740
:10F1B000002239462046FFF7E7FC01900028CED117
:10F1C0001120C2E701990029BED020461DF02CFA7B
:10F1D000BAE71220B9E70120B7E700BF35BF040046
:10F1E000F8B54FF47022074600230D480E461BF079
:10F1F000FAFA044690B100F10C05092128461BF0EB
:10F2000053FB2046FCF732FB064B182202FB00336F
:10F21000012128469F601BF052FB06702046F8BD76
:10F22000D40A0020C43100202DE9F0410E8A043EAA
:10F23000F6B2022E04468CB0084601D0102E64D1DE
:10F2400004210C301BF062FB0DF10808058847888B
:10F25000011D324640461BF042FC002857D09DB3AA
:10F26000002687B3BD422FD84FF4205301A9404652
:10F270008DF80460ADF806301BF003FC40BB14228F
:10F28000002107A821F0E3F811212046FFF7A8FF8D
:10F290000990002837D001210C30CDE907481BF038
:10F2A0000EFB00230A901B4A037039460B93284635
:10F2B00007AB1CF070FE0A9B1B78FBB90998FCF7A2
:10F2C00075FB0A2301E03D4601232A4610210EE08A
:10F2D00042F6010307A940468DF81C60ADF81E30C8
:10F2E0001BF0CFFB0028CAD010232A46194620461F
:10F2F0001DF0A8F900200CB0BDE8F0810999204666
:10F300001DF092F9F6E71120F5E70420F3E70E204F
:10F31000F1E700BFDDEC02002DE9F043036885B0A2
:10F3200004460D46186801211DF07AFF40B904F12A
:10F3300058001DF03FF8B0BB122005B0BDE8F083C7
:10F3400010220021684621F082F821212046FFF793
:10F3500047FF029048B3DFF85890009405F10C077E
:10F360004FF001082B8A012B04D8029920461DF08A
:10F370005BF918E038461BF0D1FA6B464A46014665
:10F3800006468DF80C801CF006FE9DF80C30002B14
:10F39000E8D00298FCF70AFB9DF80C303246202199
:10F3A00020461DF04FF90020C7E71120C5E700BF38
:10F3B00019C404002DE9F043036885B004460D46E6
:10F3C000186801211DF02CFF40B904F158001CF011
:10F3D000F1FFB0BB122005B0BDE8F0831022002180
:10F3E000684621F034F80F212046FFF7F9FE02901D
:10F3F00048B3DFF85890009405F10C074FF001086E
:10F400002B8A012B04D8029920461DF00DF918E033
:10F4100038461BF083FA6B464A46014606468DF88D
:10F420000C801CF0B8FD9DF80C30002BE8D0029841
:10F43000FCF7BCFA9DF80C3032460E2120461DF038
:10F4400001F90020C7E71120C5E700BFD3C30400BE
:10F45000F0B51D46036885B004460E4618680121C4
:10F4600017461DF0DDFE38B904F158001CF0A2FF6C
:10F4700048BB122005B0F0BD65B3102200216846DC
:10F4800020F0E5FF39462046FFF7AAFE029018B3A8
:10F49000BDF82830ADF8043001238DF80C300F4A48
:10F4A00000946B46294628461CF075FD9DF80C30EB
:10F4B0005BB10298FCF77AFA9DF80C302A46314687
:10F4C00020461DF0BFF80020D4E7029920461DF029
:10F4D000ABF8F8E70120CDE71120CBE7D3C3040058
:10F4E0002DE9F0410E8A043EF6B2022E04468CB09D
:10F4F000084601D0102E76D104210C301BF006FAFC
:10F500000DF1040805884788011D324640461BF06E
:10F51000E6FA002869D085B377B3BD422DD860687C
:10F5200001211DF07DFE064678BB8DF8000042F6F5
:10F53000020369464046ADF802301BF0A2FA20B340
:10F5400042F6030306A940468DF81860ADF81A305C
:10F550001BF097FAC8B1012D03D14FF6FF739F42FC
:10F5600013D004F158001CF025FF002814BF002020
:10F5700012200CB0BDE8F0813D4601232A46082147
:10F5800020461DF05FF80020F3E7182200210DEB64
:10F59000020020F05CFF09212046FFF721FE0890C1
:10F5A000F8B101210C30CDE906481BF088F90023A1
:10F5B000099003700A238DF82C300D4A06AB3946AA
:10F5C00028461CF0E8FC9DF82C302BB10898FCF77D
:10F5D000EDF99DF82C30D1E7089920461DF024F86C
:10F5E000D1E71120C5E70420C3E70E20C1E700BF23
:10F5F00061EE02002DE9F0430F4687B00446062174
:10F6000007F10C001BF082F90588B0F802808288AF
:10F61000D7F80C90C5B10023B8F1000F13D0A8455E
:10F6200012D38DF800308DF8043001A94FF4205327
:10F630006846ADF80220ADF806301BF022FA064607
:10F6400060B10A2301E0454601232A4606212046EF
:10F650001CF0F8FF002007B0BDE8F083014614223B
:10F6600001A83F7C20F0F3FE07212046FFF7B8FDFC
:10F670000290D8B10A238DF815300D4A019401ABE0
:10F6800041462846CDE903698DF814701CF083FCCF
:10F690009DF815302BB10298FCF788F99DF81530CC
:10F6A000D3E7029920461CF0BFFFD3E71120D2E731
:10F6B000ADBF04007FB5CB681D885E88044685B168
:10F6C00076B1AE420DD310220021684620F0BFFE75
:10F6D00005212046FFF784FD019058B9112007E06D
:10F6E000354601232A46042120461CF0ABFF0020AA
:10F6F00004B070BD6B46094A0094314628461CF0A0
:10F700004AFC029B23B90198FCF750F90A23E9E768
:10F71000019920461CF088FFE9E700BFF3C0040010
:10F7200013B50B46002101910E49024621F02AFA39
:10F730000C680D4909580D488C4208BF002201A9E8
:10F7400008BF134616F0A4FD014640B9019B1C22D8
:10F75000184620F07CFE0346184602B010BD002378
:10F76000FAE700BF0C320020080000005C0900200E
:10F7700010B50446806818B1FCF718F90023A3609F
:10F7800021460248BDE8104020F0D2B95C090020B3
:10F790002DE9F347044678300E4617461D4620F003
:10F7A000E3FBE06D30B920461DF04DF8002002B0BB
:10F7B000BDE8F087124B98424FF0000805D1206851
:10F7C000C4F85C801CF0B2FEF0E7D0F80490C0F8FA
:10F7D0000480E06DD0F818A0FFF7CAFF2068C4F8D5
:10F7E0005C801CF0A3FEB9F1000FDFD02068CDF8DB
:10F7F00000A000683B4632462946C847D6E700BF0E
:10F8000010320020F7B550F8044C0546002C59D0B2
:10F8100000F1A40104F124001CF0B1FD2E1F05F13C
:10F820005C0700220023384616F0E8FE024678BB4B
:10F83000AB6D2BB101466FF067033046FFF7A8FFB1
:10F84000002345F8043C05F15403BFF35B8F53E8F4
:10F85000001F21F0010143E80012002AF7D1BFF395
:10F860005B8F636A73BB04F10C06002200233046F1
:10F8700016F0C4FE78B9666886B91348266021463A
:10F8800020F056F9286803B0BDE8F04001F004B953
:10F89000FCF78CF8C5E7FCF789F8E6E7A26833685F
:10F8A0006360964208BFA36077683FB1B369009375
:10F8B000002320681A466FF06701B8473046FFF70B
:10F8C00057FFD8E703B0F0BD08090020F8B51D4682
:10F8D0000F461646FBF7CAFF044C182303FB0040F3
:10F8E000C0E903760123C3800575F8BDC43100204B
:10F8F00010B50449144618461022A04700EAE070EB
:10F9000010BD00BF40150020F8B50B4D06460F4650
:10F91000002415F8013CB34207D1294638461DF0B2
:10F9200078F810B105482044F8BD1034A02C05F13A
:10F930001005EED10020F7E7A5320020A432002008
:10F94000F8B50B4D06460F46002415F8013CB342AE
:10F9500004D1294638461DF05CF830B90C34782CB7
:10F9600005F10C05F1D10020F8BD02482044FBE769
:10F970008914002088140020F8B50B4D06460F4668
:10F98000002415F8013CB34207D1394628461DF042
:10F9900040F810B105482044F8BD0C34782C05F12E
:10F9A0000C05EED10020F7E7BF680020BE680020FC
:10F9B00070B5204B144682689A420FD1A568C6687C
:10F9C00075B92279216830461DF02BF8024628B11E
:10F9D000194901301CF0EEFF15701581012070BD32
:10F9E000E0680028FBD02B888B420AD0F6D2E06872
:10F9F000A36801380433E0600038A36018BF012019
:10FA0000EDE725682279294630461DF00AF80246BE
:10FA100060B9094930461DF004F802460028E6D0D6
:10FA2000294601301CF0C6FF23791370A3685B8858
:10FA30001381DCE70DFE02002940050038B50E4BAE
:10FA4000144682689A420D4611D122792168C06815
:10FA50001CF0E7FF58B1D4F8C8302F2B09D804EBBD
:10FA600083020133158101895181C4F8C830012016
:10FA700038BD0020FCE700BF0DFE02002DE9F0417B
:10FA80000D4CDFF83880054600262746621C6DB90C
:10FA9000414610461CF0BDFF28B901360A2E04F17C
:10FAA0001004F2D100273846BDE8F08121782846BD
:10FAB0001CF004F8F0E700BFA43200202940050044
:10FAC000F8B50C4F06464C1C01F133056EB114F825
:10FAD000011C224630461BF0F1FF08B1601EF8BD44
:10FAE0000A34AC42F2D10020F9E7394620461CF036
:10FAF00090FFF2E7294005002DE9F04106460F4648
:10FB000090461BF09CFA50B339463046FFF718FF79
:10FB1000054678B9134A044610461CF0BAFFC0B92E
:10FB20000C225443104A601C394610441CF042FF1A
:10FB30001655A518012101FA08F105F108001CF07D
:10FB40008AFFBDE8F04109484FF40042002317F056
:10FB50003DB801340A2C02F10C02DDD1EAE7BDE820
:10FB6000F08100BF901400208814002000150020B0
:10FB70002DE9F04180460F4616461D46FFF7FCFE74
:10FB8000044648B91449FFF7F7FE0446F0B100F8FF
:10FB9000018B39461CF00EFF2289638992B99BB90B
:10FBA00026816581254615F8010B29461BF047FA89
:10FBB00060B12246294612F8080BBDE8F041042343
:10FBC000FCF7E2B8964203D39D42EAD8BDE8F08143
:10FBD0009D422681E6D9E4E7294005002DE9FF4151
:10FBE0000E4617469846044628B96FF01505284674
:10FBF00004B0BDE8F08102A91AF01BFF05460028F9
:10FC0000F3D101A920461AF08AFC0198D0B902A9C3
:10FC10000020FFF7B1FE0446D8B9002EE7D0114905
:10FC2000FFF7AAFE0446D0B1002300F8013B02A969
:10FC30001CF0C0FE042204F108014046B84700EA67
:10FC4000E075D4E70A22294617F0B4FE0028DED07A
:10FC5000CBE7002EEED1066046608660C7E76FF006
:10FC60000B05C4E7294005001FB519461046074B90
:10FC7000074ACDE9022308230093BDF818206B44FE
:10FC80001CF032FF05B05DF804FB00BF1E009001C0
:10FC900006000C0008B513468168074A914209D155
:10FCA0001A791968C0681CF0BCFE18B10023036003
:10FCB00043600381012008BD0DFE020070B50B4BAF
:10FCC000164682689A420ED1C5686C1C333531687D
:10FCD00020461CF09EFE18B1716820461CF06AFE9A
:10FCE0000A34AC42F3D1012070BD00BF0DFE02000A
:10FCF00002484FF4A472002316F068BFC815002014
:10FD000008B5042108481CF0A6FE07486FF0020160
:10FD10001CF0B0FE04481CF0BCFEC30701D5FFF781
:10FD2000E7FF002008BD00BFF8150020024608B517
:10FD3000084901301CF03EFE002313720C32BFF361
:10FD40005B8F52E8001F42E800300028F9D1BFF372
:10FD50005B8F08BD294005002DE9F047284B16466A
:10FD600082689A4207462DD1C5686B8E53B36C1CCE
:10FD700005F1330A4FF0000806F17009B4F80730B6
:10FD80009BB114F8011C224630461BF097FEE0B9E7
:10FD900014F8010C2146FEF701FC30B1437B072B20
:10FDA00008BF4FF00108FEF7CDF80A345445E5D1FD
:10FDB000B8F1000F06D16B6BA5F8328013B1414644
:10FDC000384698470120BDE8F087307A49461BF055
:10FDD00036F978B90B4B9D4202D130461CF021FF19
:10FDE000094920461CF0E6FD002304F8013CA4F874
:10FDF0000730DAE7494620461CF0DCFDD5E700BFB6
:10FE00000DFE020048050020294005002DE9F047BD
:10FE10001F46BDF82030D1F80C9006468846002BCE
:10FE200046D17B1E012B46D8012F4946157818BFB5
:10FE30001588FFF745FE044678B915B93846BDE880
:10FE4000F0874946FFF73CFE0446B8B306F170015F
:10FE500001301CF0AFFD337A2370D9F83830DBB9AC
:10FE6000B4F808A02581B9F83230AB4203D0494636
:10FE700040461CF014FEAA4505D0307A002206F157
:10FE80007001FFF739FE002DD8D10E49601C1CF01F
:10FE900091FD25702581D1E72A4641463046984795
:10FEA0000028CCDB01380128DAD96FF00D00C6E755
:10FEB0006FF00600C3E76FF00C00C0E76FF01000B2
:10FEC000BDE700BF2940050008B5124801211CF01C
:10FED000C2FD10F0010F104B0AD1104A9A610D4873
:10FEE0001CF0D7FD830713D4BDE80840FFF700BF1F
:10FEF0001A8B588B012A4FF6FF7205D8904207D013
:10FF00004FF6FF725A83EAE790421983E7D0F7E78A
:10FF100008BD00BFF8150020A81500200100FFFF54
:10FF2000F8B50B4C0B4F0025661C394630461CF0CB
:10FF300070FD014630B920461CF005FF207831469F
:10FF40001CF095FE01350A2D04F11004ECD1F8BD2A
:10FF5000A43200202940050010B56FF002010446CC
:10FF60000E481CF087FD0D481CF093FDC20704D518
:10FF70000B480022002316F029FE20461CF0D2FC7C
:10FF800058B12046FFF77AFD38B1037ADB0704D574
:10FF9000BDE8104001211CF0E6BE10BDF8150020A0
:10FFA000C815002010B51C4801211CF054FDC307E2
:10FFB00031D4022118481CF04EFD084007D11749E2
:10FFC000174A0B88174CA2421FD300B10B80164969
:10FFD00016481FF0BDFF4FF4A47200231348FBF72F
:10FFE000ABFF134913481FF0B3FF022112481CF066
:10FFF00032FD124912481FF0ABFF1248FEF73EFCDB
:020000023000CC
:10000000BDE810401048FEF789BA506803449BB21F
:1000100008320120D7E710BD4433002036690020A4
:10002000B0100500D8100500D9CF040050150020ED
:1000300079050300C8150020F815002007D3040037
:100040000015002020050020000500202DE9F041CA
:10005000034648B1008A38B91249DFF84CE0012460
:100060004FF0140C714501D3BDE8F081D1E9007661
:10007000BB4204D30CFB0672143A93420ED93444AB
:10008000A2B208311446EDE70CFB0578434507D0D2
:1000900001356219B54292B2F6D1F2E70025F8E7D0
:1000A0001046E1E7B0100500D81005002DE9F74F24
:1000B000BDF83050009199464FF6FF73002D08BFF0
:1000C0001D46244B1B888342074690463CD203B012
:1000D000BDE8F08F73682344BB4232D29CB208362D
:1000E0001D4B9E42F6D3F2E78958019340461AF021
:1000F000C8FC019B90B101340AF1010AA4B27368F3
:100100005345ECD9009B9C42E1D8BC423168F2D304
:100110000BFB0AF28B18B8F1000FE5D1B9F1000F13
:100120000BD1013DADB218460E9A0D9B2146984762
:10013000002DCCD00028DED1C9E7DA689145DAD1AC
:10014000EFE74FF0000ADAE7044E01244FF0140BFA
:10015000C6E700BF36690020D8100500B0100500C2
:1001600010B51422B6B000210DEB0200CDE900114C
:10017000CDE9021120F06BF94FF41053ADF81030B7
:100180001F4C8023ADF8123010224FF48063CDE96C
:100190000634694634AB0DEB02001EF075FE0146D5
:1001A00060BB54220AA820F052F954220AA91FA8C1
:1001B00020F025F9349922461FA81EF03AFFE8B92D
:1001C000104A1FAB4FF6FF7101201CF0FAFE0E49DA
:1001D0000AAB10221FA81EF04AFF78B90A4B08226A
:1001E00003F11001187811F8014D03F8014B013AA1
:1001F0000870F7D1054808211CF02DFC36B010BD61
:100200000002C003A5CC040030150020F815002022
:100210002DE9F0411949BDF818700446A1F13000EC
:1002200015461E461FF0B3FE15481CF032FC0107B0
:1002300007D4FFF795FFFFF773FE12481021FBF775
:10024000E5FD2046FFF71AFC68B1037ADA070AD504
:1002500000F10C0420461CF01CFCC30703D402214F
:1002600020461CF0F8FB102306933A4631462846F8
:10027000044BBDE8F0411CF037BC00BF80150020E6
:10028000F81500203015002010B51B481CF001FCAB
:10029000C0F3C00080F0010408B9FFF761FF164801
:1002A0001CF0F7FB034614481CF0F3FBDA0621D5DB
:1002B000830608D5F4B1FFF733FEBDE810400F48C0
:1002C0001021FBF7A3BD20210B481CF0C4FB0B49F8
:1002D0001022881820F041FA48B909481FF044FE5E
:1002E000BDE8104004486FF001011CF0C3BBFFF7EC
:1002F000EBFDE0E710BD00BFF81500203015002031
:10030000C815002008B5102103481CF0A4FBFFF716
:10031000BBFF002008BD00BFF81500202DE9F0410B
:10032000B8B00C46164621493E986A461F461AF058
:10033000D2F8002837D0009D01A928461AF0EFF81E
:1003400065B1019870B90DF10808002328464146AF
:100350008DF814301AF06DFB054650B16FF015049E
:1003600025461AE00A22002117F024FB0028EAD0D3
:10037000F4E7CDF81080A4B1C02208A93846B047F0
:10038000041EEDDBA40808ABCDE90634084A04AB33
:100390004FF6FF7101201CF014FE284638B0BDE86E
:1003A000F0812346F0E76FF01505F6E76B42050094
:1003B000B1F9020007B500230193FFF747FE411C86
:1003C00089B20846034A01AB1CF0FBFD019803B05B
:1003D0005DF804FB75C904002DE9F843154689460C
:1003E0009422696806461CF017FE8046002842D118
:1003F0006968022230461CF04AFE00283ED04FF4C5
:1004000070200021AF8AFFF78BF90237044680B1D4
:100410001C4B47611D214174C0F80C80436085610D
:100420003A4630461CF066F9074638B92046FFF7D1
:100430009FF96FF00B052846BDE8F883012342467B
:100440004146FFF743FAA98A07F10C0002311AF07E
:1004500036FA20F8029BAA8A29691FF0D0FFA7600C
:10046000214630461CF041FA05460028E3D02046DC
:10047000FFF77EF9DFE74FF0FF35DCE76FF015059A
:10048000D9E700BF7BC9040030B504468BB03748BC
:100490001CF0FFFA42070D4661D514B1637B072BB0
:1004A00060D168680590FFF7D1FD2A68ADF81800A3
:1004B0003AB305A902912E4901910121002300912F
:1004C0004FF6FF710593FFF7F1FD059B1BB96FF028
:1004D00001000BB030BD6B60059B186800238DF8E0
:1004E000103004A942F60303ADF812301AF0C9FA2D
:1004F00070B90598C3689B799B0605D46FF0150009
:10050000E7E70028E8D1E2E71CF014FDADF8180099
:10051000BDF818003CB101230146AB752A462046C0
:10052000FFF75AFFD5E76FF07F0307930223ADF87B
:10053000203042F60213ADF8123005ABAC750293D1
:100540000C4B01930123009304AA23464FF6FF713D
:1005500009958DF81040FFF7A9FD0798B9E76FF0EE
:100560000A00B6E76FF07F00B3E700BFD4000020B9
:10057000A9C90400AD07030073B500F130050446B6
:1005800050F8083C0193A0F120066FF001012846C5
:100590001CF070FA0D4B44F81C3C0D4B44F8183C11
:1005A00001AB002044F8103C042324F8080C24F884
:1005B000060C24F80C3C3146FFF766FF18B90221FF
:1005C00028461CF048FA02B070BD00BF4C1B050065
:1005D00059FF02002DE9F047344B14681746826832
:1005E0009A4206465ED1D0F80C8008F1010508F168
:1005F0003309B5F80730FBB115F8011C2A4620462F
:100600001BF05CFAC0B14FF49572314620461CF0E5
:1006100003FDA8B103280FD0052820460CBF4FF0DA
:10062000030A4FF0020A1BF0BCFA824508D93B7955
:10063000534501D287F804A00A354D45D9D131E0A0
:10064000414630461CF02BFA194B98452AD1207AA6
:1006500004F17001FFF790F9054618B303890BB94F
:100660004389FBB12046FDF75DFD124A2B8922F834
:10067000203002EB8003698959800F490F4D182300
:1006800003FB001300B202EB800200EB40005D6050
:100690001A610B4D9D60042201EBC00120469A8235
:1006A000FFF7F2FE0120BDE8F08700BF0DFE02005B
:1006B00048050020AA6800202C3200204C1B0500B1
:1006C00009CE040030B504468BB035481CF0E1F982
:1006D00042070D465DD514B1637B072B5CD168687A
:1006E0000590FFF7B3FC2A68ADF818003AB305A9E6
:1006F00002912C4901910121002300914FF6FF71D5
:100700000593FFF7D3FC059B1BB96FF001000BB0FD
:1007100030BD6B60059B186800238DF8103004A96C
:1007200042F60303ADF812301AF0ABF970B9059830
:10073000C3689B79DB0605D46FF01500E7E7002856
:10074000E8D1E2E71CF0F6FBADF81800BDF81800A0
:100750002CB101462A4620461CF02BFDD7E742F675
:100760000212ADF8122005AA6FF07F0302920E4A22
:1007700007930123CDE90032ADF8203004AA2346C7
:100780004FF6FF7109958DF81040FFF78FFC079821
:10079000BDE76FF00A00BAE76FF07F00B7E700BF70
:1007A000D4000020A9C90400AD0703002DE9F84FCB
:1007B000454B144682689A42814639D1D0F80CA044
:1007C000424B9A451CD1424D424F0026394628469D
:1007D0001CF01FF978B915F8010C07222946FDF71E
:1007E00001FF40BB236915F8010C1A69294653889B
:1007F0001288FFF7BDF901360A2E05F10C05E5D187
:100800000AF101070AF1330BB7F80720A3899A42CE
:100810000BD117F8010C3946FDF7C0FE054620B193
:10082000437B072B0AD0FDF78DFB0A375F45EBD1E1
:100830004FF0010844E0FDF785FBDCE7DAF83C30D7
:1008400023B14946984708B92846ECE7942249461F
:1008500028461CF0E1FB80460028F5D1A389022B35
:1008600015D1B7F8073013F0020604D12846FDF77A
:1008700069FBA660D9E72269A1882846FFF7ACFD8D
:100880000646B8B92269937D01339375EEE7012BD3
:1008900005D02846FDF756FBC4F80880C5E7B7F831
:1008A000073013F00106E1D02269A18828461CF028
:1008B00080FC06462846FDF745FB002EA660B4DA0C
:1008C0004046BDE8F88F00BF0DFE0200480500203D
:1008D000BF6800202940050070B58EB000F170059A
:1008E000044603900123007A8DF8103029461AF04F
:1008F000A6FB90B1227A2AB302AE0421304618F04A
:10090000D6FF0096104A242105A82B46FBF7ACF928
:1009100005AA0E491046FAF707F903AB0C4A4FF641
:10092000FF7101201CF04DFBE3784BB920461BF012
:1009300038F99DF81010884202D220461BF0FAF8D0
:100940000EB070BD0092DDE76E4205001D0303008E
:10095000D5050300F8B5084B1C6805460E4617463A
:100960004CB154F8043C043C1BB13A46314628468D
:1009700098476468F4E7F8BD4833002013B50A4A85
:10098000009004464FF6FF7101206B468DF804007D
:100990001CF017FB002120461CF042FC08B9FFF7B1
:1009A00093FA02B010BD00BFD505030030B5B5B055
:1009B000002301918DF8080033930A4A01AB0446E5
:1009C0000D4601204FF6FF711CF0FBFA339B3BB143
:1009D0009B0003AA29462046FBF702FA35B030BD3A
:1009E0001A46F7E73DFA02002DE9F34100F17008DD
:1009F000CDE9001204460F46007A414616461AF029
:100A00001EFB0F4A05466B464FF6FF7101201CF096
:100A1000D8FA1DB1207A4146FFF7C8FF207A39463F
:100A2000FEF772FF40B1314601301BF0C3FF1DB12C
:100A3000207A41461CF01BF902B0BDE8F08100BFEE
:100A4000BDFC020037B5134A009104460D468DF8EF
:100A500004006B464FF6FF7101201CF0B2FA2946E4
:100A60002046FBF7CBF9002812DB294620461CF074
:100A7000C8F800280CDB29462046FEF745FF08B1E0
:100A8000FFF754F929462046FBF7A2F900EAE07087
:100A900003B030BD95FC020073B5044603461A4A04
:100AA0004FF6FF71012004F170061CF08AFA207ADB
:100AB00031461CF0EEFB207A31461AF0C0FA50B1F4
:100AC000237A8DF80430114A00966B464FF6FF7179
:100AD00001201CF076FA2046FEF7D0FF054688B1CB
:100AE000207A31461AF0ABFA28B9284602B0BDE8A0
:100AF0007040FFF71BB93146681C02B0BDE870407A
:100B00001BF058BF02B070BD59FD020095FC0200F9
:100B100030B50C4C00232246D4F8EC0038B1013338
:100B2000052B04F5BC74F7D16FF00B0030BD4FF40A
:100B3000BC746343D418EC33034DC4F8F0501A442A
:100B40000A60F3E700160020501C0500084A10B5A3
:100B500001460023141DE0181CF0FCFB08B1981896
:100B600010BD03F5BC73B3F5EB6FF4D1F8E700BF2C
:100B70000016002010B50C4A11680C4ABFF35B8FB9
:100B800000F5B87353E8004F944204D143E8001CC9
:100B9000BCF1000FF6D1BFF35B8FBFF35B8FD0F8D2
:100BA0007001BFF35B8F10BD1C30002000160020C9
:100BB00008B5FFF7DFFF0346C8B1D0E9011221B93C
:100BC000002A0CBF0320022010E032B1C36813B921
:100BD000094B1B7833B9042008E00749087828B18D
:100BE000DB6833B9003A18BF0122500008BD03206A
:100BF000FCE70120FAE700BF996A002038B5051D1F
:100C00000446082128461CF0F7FB064904F157006A
:100C1000FCF74CFF20B1284608211CF0C5FB08203A
:100C200038BD00BF11D9040038B5EC2205460021BB
:100C30001FF00DFC102105F127000CF0ADFD04465E
:100C400048B9052128461CF0D7FBFCF71FFF034BD2
:100C50001860204638BD0824FBE700BF5033002051
:100C600070B50E4686B00446FFF784FFF36804F1C2
:100C700037020546114603F1100053F8046B41F8A2
:100C8000046B8342F9D1237A052B40D8DFE803F0C7
:100C9000172323033F6502AB45490093096804F11C
:100CA000270304F1570000F08FFF80BB0A21201DAD
:100CB0001CF0A2FBEB680299D4F8EC0098472046A0
:100CC0000D211CF099FB201D10211CF095FB2046E6
:100CD0001CF0EAFB19E094F8DC10D4F8D83002AD2F
:100CE000CB403349009503F00103096843F08003CA
:100CF00004F157001CF0CDFF48B91022294604F139
:100D000017001FF02AFD20B1042006B070BD082096
:100D1000FBE7032120461CF06FFB1CF0C5FB0028FD
:100D2000F3D194F8DC300133DBB2142B84F8DC30DF
:100D300009D10D2120461CF05FFB1021201D1CF065
:100D40005BFB0020E1E7102104F127000CF024FDFB
:100D5000003818BF0120C000D7E7102104F1270098
:100D60000CF01AFD0028D2D105B32B69F3B1114B59
:100D7000E27A1B88ADF80830A37CD20703F00103A8
:100D800012D4002B14BF012303238DF80930002354
:100D9000C4E93833201D0C211CF02EFB2B69D4F83C
:100DA000EC0002A99847CCE75B00EEE70220ACE735
:100DB00050330020D411050073B5047A022C054687
:100DC00023D844B190F8DC30D0F8D840DC4004F0AF
:100DD000010444F08004032128461CF046FB06462B
:100DE000A8B110210C3019F06AFD00900F4823467D
:100DF000006805F1270205F157011CF04AFF04467F
:100E000050B13046FAF7D2FD01E0032C02D00820A1
:100E100002B070BD0024DEE7314628461CF0D5FA4A
:100E2000281D21461CF0C0FA2046F1E7503300206F
:100E3000F8B50446FFF79EFE251D06460E212846FE
:100E40001CF088FA48B94C4B2022196804F157006D
:100E50001FF083FC08B90820F8BD0C2120461CF0C7
:100E600004FB07460028F6D040210C3019F027FD7E
:100E7000414B1B680246014603F1200053F804CBA6
:100E800041F804CB8342F9D1203203F1200153F819
:100E9000040B42F8040B8B42F9D1394620461CF072
:100EA00094FA237A052BD6D801A252F823F000BF7A
:100EB000C90E03004D0F0300F50E0300C90E030019
:100EC000570E03006D0F0300042120461CF094FA16
:100ED000FFF772FF0028BFD1284607211CF08CFACB
:100EE0000820FFF733FE002843D12046BDE8F84034
:100EF000FFF784BE2046D4F8EC70FFF73BFE0421D8
:100F0000064604F1D8000CF047FC0028A3D1D4F821
:100F1000D8301A4AB3FBF2F102FB1133C4F8D830CF
:100F200084F8DC0056B1736843B10B2128461CF0ED
:100F300063FA7368D4F8D8103846984703212046DE
:100F40001CF05AFA0E211CF057FAC5E7204603217F
:100F50001CF052FA0E211CF04FFA28460A211CF010
:100F60004BFAB368D4F8EC009847B5E70421204663
:100F7000E9E7002070E700BF5033002040420F0037
:100F800070B50E460446FFF7F5FDF36804F157050A
:100F90002A4603F1200153F8040B42F8040B8B425C
:100FA000F9D104F1770203F1200153F8040B42F860
:100FB000040B8B42F9D12846FCF7D6FC28B30E214E
:100FC000201D1CF019FAD4F8EC50D5F8A03033B934
:100FD000287A05F1700100F075FCC5F8A000D5F87D
:100FE000A03043B90F4B1D68B5B9201D06211CF078
:100FF00003FA284608E0DA8902F02402002AF1D038
:101000005B7B9B07EED4032070BD2846FCF7B8FC41
:101010000028E7D10A20F7E72046BDE87040FFF737
:1010200007BF00BF5033002038B5174B1B7805466B
:1010300023B301F00F042846FFF7BAFD134A032833
:101040000CBF04F00B0444F0040405F5BA731278E5
:10105000BFF35B8F53E8001F013103D143E8002049
:101060000028F7D1BFF35B8FBFF35B8FD5F87431E6
:10107000BFF35B8F2BB144F0010038BD01F00704D2
:10108000D9E704F0FE00F8E7996A00206F08002015
:101090002DE9F3410D46D0F8EC700446FFF76AFDE8
:1010A000ED68EB78102B03D0062002B0BDE8F0818C
:1010B000D7F8A0305BB1261D0F2130461CF04AF94D
:1010C00080B92046FFF7B0FD60B1C0B2EDE7387AD5
:1010D00007F1700100F0F6FBC7F8A0000028EAD184
:1010E0000820E2E7012363722B68C4F80A30AB885A
:1010F000E38102232374A9782046FFF795FFE0746B
:101100002046FFF755FD1023607423752B7903F0FB
:10111000030363756B7903F00103A375E37C1A077E
:101120000CD5AB781B0709D5052130461CF064F9B6
:10113000637D03F0020363750023A3750521304628
:101140001CF008F9002845D05B4B1B78A374E37CA6
:10115000980606D5AB78990603D5142130461CF0C5
:101160004BF9E37CDA0737D5AB78DB0734D50D21B3
:1011700030461CF041F9A37D84F8E830637D84F8A3
:10118000E930032130461CF037F9237BE17C95F8E8
:10119000008003EA0102100704D5E27AA07C024332
:1011A000D2071DD4B8F1040F1CD80B4313F004036D
:1011B00007D02046FFF7FCFC404B08EB880843446F
:1011C0001B5C2372D7F8A01020461CF0CCF858B94D
:1011D00003206AE73A4BB8E700236375A375CAE7B3
:1011E0000523EEE70023ECE7D4F8EC309B7A032BE1
:1011F0005DD04BD8013B012B3FF672AF0521304645
:101200001CF0A8F80028E3D02046FFF7B3FC034603
:10121000D4F8EC00FBB11A68EAB12A788DF8002006
:101220006A788DF80120AA788DF80220EA788DF886
:1012300003202A798DF804206A798DF805201B682F
:10124000694698470138C0B2082804D81D4B185C7D
:1012500000287FF42AAF0C2120461CF0CDF8022193
:101260001CF003F9054600283FF43AAF06210C3084
:1012700019F025FBD4F811300360B4F815308380E1
:10128000294620461CF0A1F800200EE7042B7FF42D
:1012900027AF237D627B934228BF1346102B7FF438
:1012A00003AF052130461CF055F8002890D0237A72
:1012B000002BA3D18CE700BF9B6A0020A64205004B
:1012C0009A6A00208E42050038B512490446A0F102
:1012D000EC0554301EF03CFE28461CF03AFABFF3F1
:1012E0005B8F0D4A04F1840353E8001F43E800209C
:1012F0000028F9D1BFF35B8FBFF35B8F88344FF0C9
:10130000FF3354E8002F44E800310029F9D1BFF33E
:101310005B8F38BD4FDA0400001600202DE9F04144
:10132000C678012E044604D06FF015042046BDE8AF
:10133000F0811CF008F80546002800F0AB80071D7E
:10134000042138461CF006F8002840F0A68003214E
:1013500038461BF0FFFF10B16FF00F04E6E731468F
:1013600038461BF0F7FF0028F6D12846FFF702FCAD
:10137000D5F8EC309B7A032B064642D032D8013B9D
:10138000012B48D90F21201D1BF0E4FF0028CBD1F1
:10139000D4F8A03083B904F17006217A32462020B7
:1013A00000F012FBC4F8A00030B9217A32460420C4
:1013B00000F00AFBC4F8A000D4F8A030002BB3D092
:1013C000DA8912F0240FAFD0A17A022923D9587BF1
:1013D000C007A9D503291ED09206A5D51B7B102BCB
:1013E000A2D118E0042BCDD12846FFF7E1FB03285A
:1013F00004D1002EC6D03369002BC3D0284B1B78F4
:1014000007E02846FFF7D4FB032804D1002EB9D00B
:101410003369002BB6D0D4F8A0303BB12846FFF793
:1014200003FC044670B16FF068047FE7207A04F192
:10143000700100F047FAC4F8A0000028EED16FF068
:101440000B0473E70B2128461CF00FF80646002812
:10145000E9D001210C3019F032FA092180462846E2
:10146000FFF7E2FD234688F800002246314605F1E9
:10147000EC001AF0A5FC044618B13046FAF796FACB
:1014800054E738460F211BF0B7FF012128461BF017
:10149000B3FF4BE76FF07F0448E76FF0040445E7C4
:1014A000996A0020F8B5D0F8EC40D4F8A030064690
:1014B000051D43B9022128461BF04CFF09270028CF
:1014C00051D11F214BE081BB0D2128461BF042FF6B
:1014D000074620B1D4F8A00008B11CF0BAFB364B87
:1014E0001B689BB11D6805B10C3D53F80C3C13B152
:1014F0003946204698474DB12B46ED681B681DB113
:101500000C3D002BF4D1F7E7002BF1D130461CF055
:1015100020F9637B072B4DD1627AA37A9A4249D096
:101520002046BDE8F840FFF7F9BE0139C9B20E29DF
:1015300098BF224A1B7B94BF575C092723BBD4F872
:10154000A0001CF028FB0023C4F8A030022128468C
:101550001BF000FF38B9072FB3D8194BD95D3A46B5
:101560002046FCF7B3FF032128461BF0F3FE0028BA
:10157000CCD0114B1B68002BC8D01D6805B10C3DA9
:1015800053F8083C4BB90BE0022128461BF0E2FE61
:101590000028D4D1DAE70C3D23B1394620469847DC
:1015A000002DB3D02B46ED685B68002DF3D1002BE6
:1015B000F3D1ABE7F8BD00BF14300020974205001F
:1015C0008642050038B5134B044618604FF0FF32D1
:1015D0004FF0FF33104814F049FF104815F0FCFAA3
:1015E0000D4814F0BBFF9CB10D4C00250621201DB9
:1015F0001BF0B0FE38B12046FFF71AFC014610B1CF
:1016000020461CF03EF90135052D04F5BC74EDD1E2
:1016100038BD00BF50330020A0050020B4050020D5
:10162000001600202DE9F0410B8A04460E46B3B3A4
:10163000012106F10C0019F069F9A4F1EC05E83C70
:101640000746042120461BF085FE40BB39780E2951
:1016500025D8DFF8508058F8313023B907212846C3
:101660001CF00FF91BE028461CF048F830B90321A4
:1016700020461BF06FFE90B10821F0E73B78318ADD
:1016800008EBC3021279914201D00A21E7E7314603
:1016900058F833302846984701460028DFD100200B
:1016A000BDE8F081781C05002DE9F34190F8E930A0
:1016B000CF68D0F8EC6023F0020380F8E9303B7883
:1016C000044623B1BB7903F0C003C02B70D106F1EF
:1016D00070080722394640461FF03FF888B1307A3B
:1016E000394600F0EBF9054658B1014620461BF09B
:1016F0003AFE18B9082002B0BDE8F08128461CF077
:101700004AFA0D21201D1BF025FE00283CD0317A1D
:10171000424602201CF02BFA05460028EAD0F37856
:10172000002B3ED106F17E031878012825D19A7945
:1017300002F0C002402A20D1D3F80120C5F83A2097
:10174000B3F80530EB8796F87030B3B196F8763081
:1017500003F0C003C02B10D017496A46CDE90087BB
:10176000FCF7B8FC3B68C5F80130BB88A5F805302C
:10177000BB79EB713046FCF779FE2846FBF7F4FAAB
:10178000C0B92846FBF700FB94F8E9305B0703D5A6
:101790000A2120461BF030FEB4F8E81021B10020E9
:1017A000A9E706F17703BFE72046FFF77BFEF6E7E0
:1017B0000A20A0E703209EE729D704002DE9F04185
:1017C0000546A0F1E80604460F463046012155F8CB
:1017D000EC891BF093FF002859D0CFB1032130468C
:1017E0001BF0B8FD002852D03846FAF73DFE01380C
:1017F000C0B208289ABF2B4B1C5C00240221304643
:101800001BF0FAFD21462846BDE8F041FFF74ABE2D
:1018100098F80B30002B3AD0032130461BF09AFD8C
:1018200020B92846BDE8F0411BF093BF05213046A2
:101830001BF090FDB8B114F8043C1F0707D514F84D
:10184000033C180703D5112130461BF0D5FD14F8D1
:10185000043C23F0080304F8043C14F8033C23F090
:10186000080304F8033C14F8033CD90711D50621FA
:1018700028461BF0C1FD022130461BF0BDFD236848
:10188000D3F8A0301BB134F8041C0029BBD0BDE84C
:10189000F0819A0701D50821EAE75B07EBD50A2119
:1018A000E6E700BF8E42050008B5044B044801225C
:1018B0001A70FCF79FF8002008BD00BF996A00204D
:1018C000BC0500202DE9F8431B4FDFF874908046DB
:1018D0000D460026052417F8013C43450AD107228E
:1018E000294638461EF039FF20B9144800EB86100F
:1018F000BDE8F883052C07D10722494638461EF07B
:101900002CFF002808BF34460136052E07F140079A
:10191000E1D1052C0ED0094AA30102EB841002F894
:10192000038001332C68D4509918AB888B80AB7935
:101930008B71DDE70020DBE75533002054330020B6
:10194000294005002DE9F3410E4C05460E46174689
:1019500004F5A078E3897BB12378AB420CD1D4F8AD
:101960000100B4F80520E379009039466846ADF8E7
:1019700004208DF80630B04740344445EAD102B027
:10198000BDE8F081543300202DE9F041084C0546B4
:101990000E46174604F5A078E3892B4202D039465B
:1019A0002046B04740344445F6D1BDE8F08100BF41
:1019B0005433002008B5034900220220FFF7E4FF5A
:1019C000002008BD6BDB04002DE9F0410F4D0646F9
:1019D0000F4690460024B5F80D3033420DD015F86F
:1019E000013CBB4209D10722414628461EF0B5FE04
:1019F00018B907482044BDE8F0814034B4F5A07F11
:101A000005F14005E7D10020F5E700BF5533002080
:101A1000543300202DE9F0410B78012B07460D4689
:101A200002D00020BDE8F0818B7903F0C003402B89
:101A3000F7D11F4E002401F1010836F82C3C9A071B
:101A40000CD516F83A3CBB4208D106223146404636
:101A50001EF083FE10B917482044E3E74034B4F584
:101A6000A07F06F14006E8D1134E002405F10108DD
:101A700036F81C3C9B0714D516F82A3CBB4210D103
:101A80004146304618F0ABFF58B10A4BD5F801007B
:101A900004F13A02D1189850B8F804208A80E0186E
:101AA000C0E74034B4F5A07F06F14006E0D1B8E7C6
:101AB0008E330020543300207E330020F8B50C4DC7
:101AC00006460F46002415F8013CB34208D1072210
:101AD000394628461EF041FE10B906482044F8BD9C
:101AE0004034B4F5A07F05F14005ECD10020F6E7C5
:101AF00055330020543300202DE9F0479AB01D469D
:101B0000DDE923972E4B16460CAA84468A4603F13C
:101B1000300E904618685968144603C4083373455C
:101B20002246F7D118681B79206023716146202274
:101B300004A81CF096F823486B46202204A900F064
:101B400071F80446C0BB102251460DF135001CF05F
:101B500088F8102231460DF145001CF082F8294624
:101B6000062211F8013B8DF855300DF156001CF09E
:101B700078F82299062211F8013B8DF85C300DF1BE
:101B80005D001CF06EF84B4635224146684600F079
:101B900049F8044680B948461CF06DF801238DF8D9
:101BA000303035223B464146684600F03BF804465B
:101BB00010B938461CF05FF820461AB0BDE8F0872F
:101BC000D6110500C742050070B598B00E46144600
:101BD0000146202204A81D461CF043F8202231466D
:101BE0000CA81CF03EF81022294614A81CF039F865
:101BF0001022214668461CF034F86B46502204A996
:101C0000184600F00FF840B9039B054A1BBAB3FB16
:101C1000F2F102FB11331C9A136018B070BD00BFC3
:101C200040420F002DE9F0418CB007460C461546A6
:101C30000021142207A81E461EF009FC4FF4105381
:101C4000DFF85080ADF818308023ADF81A304FF42B
:101C50004063CDE90838102204AB394606A81DF0D0
:101C600013F920B16FF004000CB0BDE8F08105ABB2
:101C7000029310232246CDE9006341462B46049887
:101C80001DF034FA044604981DF02DF82043EBD0E3
:101C9000E8E700BF0002C00300F1070C2CF0030CC2
:101CA00010B4541E1860A4B2ACF80020023A93B2EB
:101CB00001FB04F24FF0000C40F802C074B103FBCA
:101CC000011403FB01F22044121B4FF6FF7C013B81
:101CD0009BB263458050A0EB0100F8D15DF8044B46
:101CE000704700BF0346006810B102680AB91A6065
:101CF000704700F1070C2CF0030CD11DBCF800C09C
:101D000021F003010CF1FF3CA1F800C0EFE700BF98
:101D10000B687BB1073323F003031A88013292B2B8
:101D20000346D1F800C043F807CB23F003031A8021
:101D3000086070470122F3E702FB0100704700BF13
:101D4000401A90FBF2F080B2704700BF531E11445E
:101D50009BB242B1DB430138CA1811F8013D00F8CB
:101D6000013F9142F9D17047014402E010F8013B74
:101D70001BB98842FAD1002070470120704700BF8C
:101D800010600860704700BF0A6803460068904210
:101D900005BF00220A6000201A60704710B4146862
:101DA0002060146861605DF8044B1060704700BFEC
:101DB000884203D01AB1436813607047002070470F
:101DC0000B68834209D02AB1586810601A680A600B
:101DD00018467047002BF9D1FAE70023F8E700BF57
:101DE0002DE9F041DFF834800B4E0C2706F130046A
:101DF0004546221D214628460C3CFFF7C1FFA6425E
:101E0000A5F10805F5D1043F3B1DA8F12008A6F176
:101E10003006EBD1BDE8F0819C3500201035002064
:101E200010B403468C46A2B101EB4101154803EB07
:101E30004304090101EB84010144487A0C7AA04271
:101E400004BF013008725DF8044B614618460EF07D
:101E50000BBB01EB41020B4C120100EB400302EB08
:101E6000830323449C7ADA7AA24202D05DF8044BC1
:101E7000704701329A72044B01225A545DF8044BA8
:101E80000EF04ABB1835002094340020F8B5064601
:101E90001C460D4602B322786378D21A12F0030270
:101EA0003AD1274F71004FEA450C3144AC448900C8
:101EB00001EB0C1101330431DBB27A186068237036
:101EC0002146FFF76BFF1F4B0122294630465A552A
:101ED0000EF022FB0020F8BD0EF008FB0028DAD03F
:101EE000294630460EF0E0FA0028D4D005EB450232
:101EF00006EB4601124F6378120102EB81023A446D
:101F00007100907AD27A90424FEA450C0CD020783A
:101F1000C01A10F00302C8D0012A03D00133DBB28B
:101F20002370D0E71046F8BD2278D21A920702D06B
:101F30000233DBB22370D4E902039847CAE700BF3B
:101F400018350020943400202DE9F04FDFF864911B
:101F500019F8003089B0002B5AD0DFF85CA13C2280
:101F600004234FF0000B00EB400712FB0033032467
:101F7000CDE904BB09F800B00AEB071703930294FC
:101F80008346B8460023B96A58F8240F079307AA76
:101F9000FFF70EFF044607AAB4B1079D2E786978B3
:101FA000761A06F00306012E35D02B78591A01F067
:101FB00003010129DBB23DD1D7E90901FFF7F8FEA2
:101FC000044607AA002CE8D197F82E3097F82F2066
:101FD0009A4203D087F82F300123049397F82C30CE
:101FE00097F82D209A4203D087F82D3001230593CE
:101FF000029B5D1EEBB2FF2B0293A7F10C07C0D131
:10200000049AD846DDF814B012B1BBF1000F45D0E8
:1020100009B0BDE8F08F01396970079BD3E902036D
:102020009847079D2A786978D3B2521A02F00302C2
:10203000012A21D0B86A019300224146FFF7C0FE71
:102040006C60019B6A786B702B789B1A03F003031A
:10205000012B08D0D7E9090107AAFFF7A9FE012E35
:10206000044698D10EE0039B6A70294620460AEB8D
:102070000302FFF793FEEDE7D7E9090107AAFFF78F
:1020800097FE0446029B8BB101235946584609F836
:102090000B300EF041FA09B0BDE8F08F5A464146C8
:1020A000404609B0BDE8F04F0EF0DEB9002C8BD0F1
:1020B000EAE700BF94340020183500204B1EDBB245
:1020C00071B1411E00EB030C002011F8013F23B158
:1020D0005A1E01301340C0B2FAD16145F5D17047A4
:1020E0000846704730B5037E0568FF2B14D003EB1C
:1020F00043028B4205EB021227D04FF0000C01E0A7
:1021000099420BD09E4613789468FF2B03EB430251
:10211000A44405EB0212F3D1002030BD714517D065
:102120000FFA8EFE137890680EEB4E0E4FEA0E1EDD
:10213000FF2B05F80E3006D003EB430305EB03132A
:102140009A6802449A60604430BD9E464FF0000C8D
:1021500013780376E4E700BFA2EB010C1CF4000F38
:1021600010B4836844690BD12CF07F4C6344A342C4
:102170000ED8E41A0023446183605DF8044B704775
:10218000891A21F07F418B4209D95B1AA342F0D909
:102190001B1B0024446183605DF8044B70470C44B2
:1021A000E41AE7E72DE9F843284DBDF82C70044602
:1021B0004FF02C0E0EFB045E084604EB840104EB8A
:1021C0004104DEF8041001EBC00605EB8405F47849
:1021D00011F83080717804F1010C5FFA8CFCE04555
:1021E00098BF4FF0000C61452DD0716804EB44049A
:1021F0004FEA041901EB04144FF0040801F80980B8
:102200006360089BA360099BE3600A9B23610C9BAE
:10221000A361119B63620D9BE3610E9B23620F9B85
:10222000A362109BE36202236270A782A37086F808
:1022300003C0DEE9083698472B4641460022B047E6
:10224000A078BDE8F8830120BDE8F883D8350020E8
:102250002DE9F04F0346407AD3E9004587B00028C6
:1022600000F0FE80421ED2B205EBC2029A468B46B7
:10227000039205952346039A516856780491BBF161
:10228000FF0F66D00BEB4B044FEA0418CDF804B0F7
:1022900013F808B003EB041400254FF0FF0C84F88A
:1022A00000C0DAF800709AF8182007EB08096245B8
:1022B000D9F8081018BF02960ED1CBE0091A06D142
:1022C000B9F81E80BEF81EE0F04500F2B780B85D98
:1022D000FF2894466DD0024602EB420607EB061E2D
:1022E0003601DEF808008842E8D9029EC9F80810D5
:1022F000BCF1FF0F89F8002064D00FFA8CFC0CEBC6
:102300004C0C4FEA0C1C019807F80C00FF2A06D071
:1023100002EB420207EB0217BA68521ABA60A278BF
:1023200001326270002DAAD0AA6A4FF00001297014
:10233000A97022B1E96A019300209047019B62686D
:10234000002A9CD1AA6A2262EA6A6262BBF1FF0F8C
:1023500098D1039A049F9278994606EB4601701C27
:10236000B2424FEA011CC6B207EB011569D0039BCC
:1023700017F80C101878B04208BF00260429ECD1D9
:102380006A7802EB420809EB0814012094F801E096
:10239000A1788E454FEA081818D04FF0000307F8CF
:1023A0000C30AA6AA8700AB1E96A9047039B9A7830
:1023B000D3E70246BCF1FF0F029EC9F8081089F866
:1023C00000209AD101988AF818009FE70192AA8A02
:1023D000DAF814104FF6FE7082424B4607D04FF6E3
:1023E000FF70121AB2FA82F2520984F82C206A6A3B
:1023F000A262EA6862602A69029300236362226231
:10240000AA8A4FF6FD739A4288BF0022A283AA6966
:10241000A261EA69E2602A6A2261AA68A2600023D6
:1024200063616A682046FFF797FEE2784FF0000389
:1024300042F00102E383E270029B2EE7029E014616
:1024400054E70399059881424B46A1F1080207D051
:10245000039210E707F80820019A8AF818205EE72F
:1024600007B0BDE8F08F00BF2DE9F04F447E012397
:102470008FB08376002C40F0B480037EFF2B814622
:1024800000F0AE800DF030FBD9F81420D9F81C30E4
:1024900099F81880D9F800A0801A20F07F45AB4247
:1024A00094BF00230123B8F1FF0F0493A34676D015
:1024B000059408EB48080AEB08144FEA0818A368CB
:1024C000AB426BD8A0781AF80880ED1A9B44637869
:1024D0001B1ADBB2012B5ED1A26AA3690393002A07
:1024E00000F0F0801668002E7ED0002B40F08F8028
:1024F000049B002B00F00B8104230393137A5907EC
:1025000000F0FA80137A6FF302031372E78B94F8EA
:102510002C207B1C9BB2E383002A74D0A28B9A42AE
:1025200071D2A26A002A00F04B81137A03F00703EC
:10253000012B68D00126002351685360A36A1A7AE0
:10254000002060F302021A72A078E7680138A070D8
:102550000FB36369D9F8142094F803C0ABEB0303FD
:10256000134423F07F40626A23690CF0010C002EB3
:1025700040F0B980B4F81EE0CDE900C37346B84717
:10258000039BE683002B049B18BF01230493E3788D
:1025900066F30003E370B8F1FF0F8AD1059C99F848
:1025A0000B3099F80A209A4208D10132D2B2022A9D
:1025B0001ABF14462346002389F80B4009EB830316
:1025C0000022C3F80CB0D9F8244089F81A204B46F1
:1025D000012204210320A4460FB0BDE8F04F60475C
:1025E00084760FB0BDE8F08F039B002B68D0049B6E
:1025F000002B87D1D9F81C305B4583D8B8F1FF0F89
:1026000011D1049E97E7A378013BA370C3E7049B15
:10261000002B7FF473AFD9F81C309B45FFF46EAFED
:10262000B8F1FF0F49D0039BE78B07939C46A38B20
:102630006668BB429CBFFB1A99B208EB480388BF8F
:1026400039460AEB0313089301FB06630693089BC4
:102650009968079B8B422ED3CDE90C70089BCDF86F
:1026600020C0DDF81CC0CDF81C90DDF80C90CDF832
:102670002C80CDE9095B8E46A346B0461446986A85
:102680009A6910B1006800284FD1002A4DD11B78FB
:10269000FF2B07D003EB43030AEB031399688E4427
:1026A000E645ECD92246DDE9079C5C46DDE9095B9D
:1026B0000D98DDF82C80CDF80CC0002A00F0978032
:1026C000002638E7039BA3B1049B002B7FF41EAFC9
:1026D000D9F81C309B45FFF419AFB8F1FF0FA2D118
:1026E00004990E4631E7CDE900C34FF6FF73B847B2
:1026F00051E7039E002128E7A08BE18B88423FF63B
:1027000001AF012161F302031372E78BFFE6D9F8F1
:102710001C305B453FF6F0AEB8F1FF0F53D04FF0E1
:10272000040CE78BCDF81CC081E7DD8B9F8B5E68C6
:10273000BD422AD2002E41D1002CA8D030462668B6
:102740002EB1B9F1000F02D1724496423FD2BD4280
:102750009DD3DA789BF8031002F0010601F0010521
:10276000AE4204D84A40D50791D400288FD02246E3
:10277000DDE9079C5C460C9FDDF82C80DDE9095BF8
:10278000002A32D1CDF80CC0C1E69EB1E81B80B260
:10279000B8F1000F0AD000FB0660401A069981428A
:1027A0002CBF00200120002CC9D1D0E74046002CCE
:1027B000C5D1CCE7002CC1D12046CAE72846E7E7BF
:1027C000A078012696E70423049E0393B3E62246ED
:1027D000DDE9079C5C46DDE9095BDDF82C80CDF87E
:1027E0000CC0002E3FF48EAE88E61668F7E716465A
:1027F0001146AAE62DE9F04F8FB0837E0090002BA2
:1028000040F0A982437E0C93002B7AD10098837A02
:10281000C27A012141769A424169079100F00E8403
:102820000133DBB2022B00990ABF0C9A1A461346F9
:1028300001EB82028B72D368079A0593D31823F0B9
:102840007F434B6101230B93009C267E0DF04CF9D6
:10285000677A236801937B1E65680490DBB2002FC2
:1028600000F0FB8405EBC30A0027FF2303930D96BA
:102870000897DAF804B04FF000092F469AF80300E1
:102880009AF802800FFA88F404EB440408F101037B
:1028900040454FEA0416DBB20BEB041400F0108144
:1028A0009AF800209A4208BF00238AF802301BF8E9
:1028B00006206178042A3AD9019801EB410300EB24
:1028C0000315082A4FEA03130293A8786B7822D8DD
:1028D0001B1A13F0FF032CD1062A1CD1009BDB7EB0
:1028E0008B4251D00BF80690A36A84F80290002B1B
:1028F000C4D00020E16A98479AF803009AF8028051
:10290000C0E7446A0421034601220420A4460FB014
:10291000BDE8F04F60470BF806904FF00103A3703D
:10292000A36A002BAAD0E16A01209847A6E798463F
:10293000A8E7052A1FD162684AB9A2683AB9E268D5
:102940002AB922691AB9626932F07F42E3D0012BB9
:102950001CD0009B04215C6A3D4601220846A0472A
:102960000123AA4508938AF80280AAF1080300F01F
:10297000AD809A467DE7012B00F0A381062AE8D1BD
:10298000009BDB7E8B42ADD16168BCE1DDF800804D
:102990004046FFF7A7FBA860D8F81410049B059ADF
:1029A0005B1A23F07F431344984240F2C481C01A5B
:1029B0006B68002B52D0A38A002B4FD0013B9AB2F8
:1029C000A282D5F804C0EB8B604523D90CF1010835
:1029D000069709911AE06A6ADFF814E2834996447F
:1029E0008E4584BF02F1E87202F5D4324746296A67
:1029F00094BF674602F5A572013BC01B521A9BB2F9
:102A000060456A62EB8340F21D82A28A9342E2D85B
:102A1000069F0999934220D2CDE909710CF1010278
:102A2000D5F820E006926A6ADFF8C4816F497244E3
:102A300090448845674606D8A2F1E872A2F5D432E0
:102A4000069FA2F5A57201339BB26A62EB83A28A4C
:102A50009A423844E7D8DDE90971AA8363680344E0
:102A6000AB60A2686B69A86A13446B6128B1036804
:102A70001BB1D4E901329B1A4360049A2846FFF740
:102A80006BFBE268AB691344AB61226993428CBF74
:102A90009B1A0023AB61A37D1BB1EA7863F30002AC
:102AA000EA70E37D13B1013B85F82C30DDE901329A
:102AB000039999546B786278039201336B7011E734
:102AC0003D46AA45AAF108037FF453AF0D9E089F27
:102AD000009A0B9B92F818B0BBEB060518BF0125B6
:102AE000002B00F0B881049B0799D2F800805B1A94
:102AF000BBF1FF0F23F07F495DD04FF0000A08962D
:102B0000CDF804A00695C2461646C846DDF81490D6
:102B100005970BEB4B050AEB05142D01A2684A45FE
:102B200000F27183019BA178E08B134401936378D9
:102B30005B1AF1698A4234BF891A0021A9EB0209A4
:102B4000A8EB020824BF4FF0FF32F276F161A16AD0
:102B5000DBB2002900F06C810A68A769002A00F046
:102B60005481002F40F05481022B00F04783002253
:102B7000A2601AF8052032766168002940F00B81C6
:102B8000A26A2AB1127A02F00702012A00F0E68056
:102B90003BB1012B00D020B1236A13B1616A01203F
:102BA0009847A378637096F818B0BBF1FF0FB0D1C7
:102BB000069D089E059F009C0B9B03995E4518BFD0
:102BC0001D462046FFF744FBCDE90156D4F800B07E
:102BD00003974FF0000C009B197EFF29084600F078
:102BE0007C830D464FF0FF0905E000BF592B177F8E
:102BF0005A2B17FF1D462BB203EB43030BEB0316B7
:102C00001B01B26A2AB1147A04F00704012C00F007
:102C100019821BF80330FF2BA946EBD1DDE90156E1
:102C2000039FBCF1000F00F01C818E4200F0048372
:102C3000002F00F045810846FF2800F05A83FF2E40
:102C400000F04283009B1B6800EB400003EB001385
:102C5000D3F808B0BBF1000F00F0EA820CF044FF9B
:102C6000DFF85482914F924EDDF800A00A2502460B
:102C7000DAF814300192D11A21F07F418B4505F129
:102C8000FF3501F103015CD959452CBF5B185B444A
:102C900023F07F494846DAF8283098470CF024FFA3
:102CA000019AA9EB0203821A22F07F42033223F039
:102CB0007F439A42044646D9002D00F0E680224622
:102CC000D6E7062A3FF40AAEDDF800804046FFF75B
:102CD00009FAAB78A8606B7098F81B2063789A4269
:102CE0007FF400AE1BF80630062B3FF44DAE009A81
:102CF000FF23D3761BF80630062B3FF445AE082B96
:102D00003FF442AE0499009B5A698B1A1D0209D404
:102D1000059A23F07F4313440099CA699A4288BFF9
:102D2000CB61DFE5059B521A22F07F4293428CBFB4
:102D30009B1A0023F0E76A6913441B1A6B61002099
:102D400036E601230C93009A00235376937E0C9A67
:102D50001A4340F095800FB0BDE8F08FA378C4F817
:102D600008906370079B019A71699A1822F07F425C
:102D70002046FFF7F1F9039B0AF805306378CDF898
:102D80000CB00133DBB2637096F818B0BBF1FF0FE3
:102D90007FF4BFAE0CE7A36A23B11B7A03F00703ED
:102DA000012BDBD0B4F81EC0BCF1000F4ED1B4F83B
:102DB0001CC0E646481C0290D4E908730022049423
:102DC000704604E001388E46441C724412D0DFF88D
:102DD000ECE0384C3B449E44A645F3D8DDF808E0CF
:102DE000A3F1E8730138A3F5D433441CA3F5A5730C
:102DF0007244ECD1049C94F82C006362002800F02B
:102E0000F380A260A4F81EC0ACE7002F3FF4AFAE81
:102E1000022B7FF4ACAE00287FF4A9AE0A7A02F050
:102E20000702012A3FF4A3AEF76186F81BB09EE6C5
:102E3000A769002F3FF49BAE022B7FF498AE0028C9
:102E4000F2D094E6069F0999A28AE3E5A37863701D
:102E50004FF0000EAEE7009C03992046FFF7F8F90B
:102E6000217E8E427FF4E4AE002F00F00F82009BA3
:102E7000002D40F06E825D769B7E002B3FF46BAFA1
:102E8000009B01225C6A03213FE540F65B4342461A
:102E90003946304616F0F4FC85F31188BFF36F8F86
:102EA0000323184602DF2246E2E600BFDC1F0500CE
:102EB000581D0500592B177FF01C05005A2B17FFD2
:102EC000009B5A7A5C68531EDBB20125002A3FF44E
:102ED000B2AECDE9075604EBC30301930694019B00
:102EE0005E78DA785B68B24218BF1D4667D036B2AA
:102EF00006EB4606330105EB0616EB5C012B49D0C9
:102F0000022B51D1D6E901C133699CF80040D6F8B3
:102F10000CE00593009BDEF80080D3F80090586920
:102F2000FF2CD6E905AB02D00B68834256D0009B3C
:102F30004FF000081C7E0860FF2C27D0CDE9025618
:102F4000CDF810C05646F24609E0BA684244B04790
:102F500088B919F80540BB68FF2C984438D004EBB9
:102F6000440509EB05172046B9695B462D01002E83
:102F7000EBD10029EDD00599DDF810C0BB68DDE983
:102F80000256D64609B17A6A0A6098448CF8004025
:102F9000CEF80080B36A4FF00002B27013B1F16A4C
:102FA00000209847019BDA7801994E780B7801361A
:102FB000F6B2B34208BF0026B2424E7097D1019AD2
:102FC00006998A42A2F1080300F0D180019386E7B6
:102FD000DDE90256DDF810C0D646D7E704EB44041D
:102FE000230119F80340A7E790457FF60AAF86460C
:102FF000481C0290029C0995704605E08E4672447A
:103000000130904580B212D9DFF8B8E2A84D3B44B8
:103010009E44AE45F2D8A646A3F1E8737244A3F5E8
:10302000D43301309045A3F5A57380B2ECD8049C4D
:10303000099D636260441FFA80FCE2E60C9B0B93DF
:10304000059301E4B1681C461346002940F008814D
:10305000D6F81880B8F1000F15D11A68002A40F090
:10306000F880944A9449954840F6BD1316F008FC40
:10307000002383F31188BFF36F8F0323184602DF09
:10308000B26A4FF00408009BDB69181D5368049373
:1030900019461368994280F0C080A3EB010C1BF81D
:1030A0000430FF2B00F0B980C445C0F0B6804FF06B
:1030B000000E0595C24677460546CDF818903AE0D1
:1030C000A7F10409F144E14528BFE14608EB0500FA
:1030D00084450DD3D1450BD3B06900283DD0107A7B
:1030E00000073AD4B9EB080002D0A84280F028814A
:1030F000886A20B1007A00F00700012827D088698B
:1031000028B3496819B3B169BE44043000EB0E0519
:1031100009B3107A0007ACEB080103D58D4294BFC8
:10312000294600211BF803300027FF2B22D008EB93
:103130000E0AD4451ED303EB43030BEB03111B0113
:1031400088680744042FBBD84FF00009BEE71BF87E
:1031500003300021E9E72946E4E7002DC8D0A9EBB8
:103160000809A945C4D32946DDE9055904E0DDE98C
:1031700007567CE6DDE90559049B0B4453601BF8B8
:103180000400FF2818BF4FF0FF0E01D1C0E0184621
:1031900003B203EB43030BEB031C1B01DCF80870C9
:1031A0008F4280F0D1801BF80330FF2B8646A1EBC5
:1031B0000701ECD1FF28B16015D0B9F1FF0F1BF862
:1031C00004106CD00FFA89F303EB43031B010BF8D7
:1031D000031000B200EB400003011BF803100BF8D2
:1031E00004100BF80350F38B013BF383137A022195
:1031F00061F3020313724FF0010CECE400287FF43A
:10320000B6AC04270AE64B46D21A009BA260069D84
:10321000089E059F93F818B0CDE4049B53601BF8FB
:103220000430FF2B08BF002172D00023B360DAE71F
:10323000009B83F819B023E6002F7FF403AD009BB9
:103240005A7A5C68531EDBB2002A3FF4FBAC654639
:103250003FE61A464FF0040815E7FF23039337E4CF
:10326000144A1749154840F6B51316F009FB002318
:1032700083F31188BFF36F8F0323184602DFD6F85C
:103280001880B8F1000F0DD0B26AFCE6009B5A7AA4
:103290005C68531EDBB2002A7FF41BAEE7E5009B9F
:1032A000197696E7B36A002B3FF4DBAED5E600BF94
:1032B000592B177FF01C0500781D0500581D0500CF
:1032C000301D05005A2B17FF0CF00EFC04460CF0C5
:1032D000D3FB009BC8B1187EB4E4DDE90156039F1F
:1032E000BCF1000F3FF4BDADFF2E13D0002F3FF413
:1032F000E7AD0CF0D1FB0446B8B1009A0023537639
:10330000937E002B7FF4BCAD25E5187E5C6199E4CB
:10331000B16068E7002FECD1009B5A7A5C68531EBD
:10332000DBB2002AE5D06546D3E5009DE8610CF0EC
:10333000DBFB6C766861AB7E002B3FF40CAD9FE548
:10334000DDE90559014617E77F1ACCF80870704689
:1033500030E7187E70E400BFF8B5069E9DF81C505B
:10336000089CB8B9144F3A605A1E39727B727E605D
:10337000D2B273B106EBC2025460114612F808399A
:103380008E4203EB4300A5EB030304EB0014DDB214
:10339000F2D10DB10120F8BD099B3B620A9B7B6213
:1033A000FF240B9BBB623C760CF09EFB7D81786119
:1033B000FC76FD612846F8BDD8350020044B2C2250
:1033C00002FB0033187A003818BF0120704700BF95
:1033D000D835002010B40B4B2C2202FB0032546A6B
:1033E00064B100EB800200EB420003EB8003A446D3
:1033F00001225DF8044B0321022060475DF8044B75
:10340000704700BFD835002010B58AB00C9C0094DE
:103410000D9C01940E9C0294BDF83C400394109CBA
:103420000494119C0594129C0694139C0794149C7C
:10343000089400240994FEF7B5FE0AB010BD00BF41
:1034400010B4BDF8104004945DF8044BFEF7AABE1A
:103450002DE9F84F294DBDF834609DF838800446B9
:1034600008462C2101FB045104EB840704EB4704BC
:1034700005EB84054C6804EBC00E14F830909EF800
:1034800003409EF8017004F1010C5FFA8CFCE145E9
:1034900098BF4FF0000C67459DF844902AD0DEF8A5
:1034A000047004EB44044FEA041A07EB04144FF0D1
:1034B000050B07F80AB063600A9BA3600B9BE360EF
:1034C0000C9B23610F9BA362109BE362022362703B
:1034D000A68284F8168084F81790A3708EF803C033
:1034E000D1E9083698472B4600220421B047A0783E
:1034F000BDE8F88F0120BDE8F88F00BFD835002067
:1035000010B588B00A9C00940B9C01940C9C02940A
:10351000BDF8344003949DF8384004940F9C059402
:10352000109C069400240794FFF792FF08B010BD8A
:103530002DE9F0411E4D064608462C2101FB065E92
:1035400006EB860406EB4404DEF8046005EB840712
:1035500006EBC00516F83060EC78697804F1010CD0
:103560005FFA8CFC664598BF4FF0000C61451BD09C
:10357000696804EB4404260101EB04144FF00708CA
:1035800001F80680A362069BE36202236270A370C7
:1035900085F803C0DEE9083598473B460022042140
:1035A000A847A078BDE8F0810120BDE8F08100BF08
:1035B000D83500202DE9F0411F4D064608462C2144
:1035C00001FB065E06EB860406EB4404DEF80460AD
:1035D00005EB840706EBC00516F83060EC786978D7
:1035E00004F1010C5FFA8CFC664598BF4FF0000CAB
:1035F00061451DD0696804EB4404260101EB041405
:103600004FF0080801F806806360069BA362079BE1
:10361000E36202236270A37085F803C0DEE9083517
:1036200098473B4600220421A847A078BDE8F081D6
:103630000120BDE8F08100BFD83500200CF054BA5D
:10364000401A20F07F40704701480021704700BFBA
:103650007F410100022801D00120704738B504469F
:1036600008461D4603F0EEFC10B10020287038BD5E
:10367000204638BD002303700B70704738B50546EF
:1036800000200C4603F09EF970B93DB9074B44B1D8
:1036900020681860A2889A80002038BD044B002C56
:1036A000F6D11C609C80F7E70C2038BD0C3600205A
:1036B000043600200128034605D8044A0448002B9C
:1036C00008BF104670470020704700BF0C3600202E
:1036D0000436002001280AD8064A074B002818BFE4
:1036E0001346186808609A888A8018467047002335
:1036F00018467047043600200C36002010B50446EA
:103700000AF03AFC50B90BF0B3F8D0B90BF0DCFC7E
:1037100050BB2046BDE8104012F0A2BF1C4A1D4914
:103720001D4840F6571316F0ABF8002383F31188B9
:10373000BFF36F8F0323184602DF0BF099F80028C0
:10374000E4D0134A1349144840F65C1316F098F875
:10375000002383F31188BFF36F8F0323184602DF22
:103760000BF0B2FC0028D4D0094A0A490A4840F6B6
:10377000681316F085F8002383F31188BFF36F8F69
:103780000323184602DF2046BDE8104012F068BF50
:10379000D01D05000C1E0500581D050008600148DD
:1037A00012F05EBF3440002012F05ABF2DE9F84FEE
:1037B00089462A4D99F8003095F8C010172B88BF1C
:1037C0000B469A423ED05C1CE4B29246182C35F867
:1037D00033200280834608BF002405EBC303002684
:1037E00001274FF012081AE0012833D0C3F80480F3
:1037F00089F8004095F8C030172C98BF23469A45A9
:1038000021D01AB20133DCB235F83200BBF8001017
:10381000182C08BF0024884205EBC20313D1586856
:1038200060B1FF28E0D9027902F00302013A012ACF
:103830000CD912225A6003F01FFCD9E701365F60F1
:10384000F6B2D5E700263046BDE8F88F0136F6B26D
:103850000122EFE70136F6B2CAE700BF403600208A
:103860002DE9F047374F3B8898425DD913F0FF05AB
:1038700028D0DFF8DCA0DFF8D0809AF81540DFF818
:10388000CC909AF814300134E4B2052C08BF00241F
:10389000A342404618D0FEF725FA064648468EB1A8
:1038A000FEF720FA002841D006609AF815304AF851
:1038B00023003B888AF81540013D013B15F0FF05C8
:1038C0003B80DED1BDE8F0873B88002BFAD0DFF8E3
:1038D00084A01D4D9AF82D401C4E4FF00008013475
:1038E000E4B20B2C9AF82C3008BF0024A3422846DF
:1038F000E8D0FEF7F7F981463046B9F1000FE1D084
:10390000FEF7F0F9C0B1C9F80480C0F800909AF849
:103910002D304AF823003B888AF82D40013B9BB2AA
:103920003B80002BDBD1CDE70546A2E730460649B8
:10393000BDE8F047FEF7ECB948460349BDE8F0475B
:10394000FEF7E6B9483700204C3700200038002049
:10395000443E0020083700202DE9F84F414B424FEC
:10396000DFF80891DFF8FCB00422981824214FF00A
:103970000008A7F81480FEF78FF93C4B04220821B9
:103980009818FEF789F997F814A07C7D0426013475
:10399000E4B2052C08BF0024A245484613D0FEF728
:1039A000A1F90546584675B1FEF79CF9002853D099
:1039B000C5F8048005607B7D47F82300013E16F0C2
:1039C000FF067C75E3D12A4B1022181D6421FEF7F7
:1039D00063F9284B1622181D0821FEF75DF92548CA
:1039E000FEF780F90446C8B1234A2046111FFEF7AE
:1039F000C7F92048FEF776F90446F0B11F4A204681
:103A0000111FFEF7BDF91E4B0E22FF201A80FFF793
:103A100027FF08F065FE0020BDE8F88F194A1A4913
:103A20001A4840F6321315F02BFF84F31188BFF3C8
:103A30006F8F0323184602DFD6E7124A1249134854
:103A400040F6391315F01CFF84F31188BFF36F8F14
:103A50000323184602DFD1E704492846FEF758F948
:103A6000B1E700BF803E0020143F00205C3E0020F4
:103A7000003800204C370020443700203C3700201D
:103A800048370020D01D0500C8220500581D05003C
:103A90002DE9F04FDFF89882DFF88492DFF888B2E2
:103AA000DFF8A4A287B0D8E9000103AAFEF780F9E5
:103AB0000546002834D0039C002C71D0207804AA3D
:103AC00002A903F0BFFF0446002855D0DDE9031327
:103AD000BDF808200F78ADF80A20059305AE0DF16A
:103AE0000A0503F0C1FF2146059ABDF80A0004F05B
:103AF00001F8204603F082FF32462946384603F09B
:103B0000A1FF04460028ECD1D9F8000012F0A8FD6E
:103B1000D8E9000103AAFEF74BF905460028CAD1EF
:103B200004AA02A90DF1070003F074FF044600285F
:103B300046D0049B05939DF80770BDF80830ADF89A
:103B40000A3005AE0DF10A0503F08EFF2146059AF5
:103B5000BDF80A0003F0CEFF204603F04FFF3246C7
:103B60002946384603F06EFF04460028ECD16C4B22
:103B7000186812F075FD96E7039B05931B79013BCE
:103B8000172B20D8DFE803F02F43861F1F1F1F1FAE
:103B90001F1F1F1F1F1F1F1F1F1F1F1F1F1F7B2FC9
:103BA000604840F604235A46514615F069FE84F3F6
:103BB0001188BFF36F8F0323184602DF039C7DE754
:103BC00007B0BDE8F08F584A5849564840F6A4332C
:103BD00015F056FE002383F31188BFF36F8F032384
:103BE000184602DF5FE75249D8F804000022FEF7CA
:103BF000E7F8504B059993F8C13028460B704E4AB0
:103C0000FEF7CCF8464B186812F02AFD4BE74849FE
:103C1000D8F804000022FEF7D3F8059EB46844B13A
:103C2000237803F0FF07002B6AD02378013BDBB237
:103C30002370337B23B1012B52D13046F3F71CF9AB
:103C40003E4A00273773537D117D0133DBB2052BCC
:103C500008BF3B46994234D03560517D42F821601F
:103C60005375002C3FF41FAF2378002B7FF41BAF5C
:103C70006369002B3FF417AFA069984713E72C49FD
:103C8000D8F804000022FEF79BF80599284603F0B7
:103C9000EFFC08E705A9284603F014FD2449D8F8ED
:103CA00004000022FEF78CF8059900293FF4FBAED2
:103CB0000B792D2B3FF4F7AE1E4B284693F8C130FD
:103CC0009CE7194A1E49174840F6124315F0D8FDE3
:103CD00087F31188BFF36F8F0323184602DFC0E715
:103CE000114A12490F4840F60B4315F0C9FD002355
:103CF00083F31188BFF36F8F0323184602DF9FE71A
:103D0000094A1049074840F6B43315F0B9FD87F366
:103D10001188BFF36F8F0323184602DF85E700BFCA
:103D200030400020581D0500D01D0500301E050044
:103D300040370020403600203C370020143F002050
:103D4000341E0500181E0500141E050030B5314B49
:103D5000314C186087B00BF081FE2378002B53D0D4
:103D60002E492F4A2F4D05954FF0050C81F808C0BC
:103D70002D4C04922D4A0220CDE9022404230D2467
:103D8000CDE900142A4A087408760B7000200A2135
:103D9000FFF7E2FA40BB0122002126481CF008F898
:103DA0000AF07CF8044610B1204607B030BDFFF79A
:103DB000D3FD04460028F7D10AF042FD044600284E
:103DC000F2D102F0ABFD04460028EDD10BF070F902
:103DD00004460028E8D103F0B3FB04460028E3D1F1
:103DE0000120F3F7EDFDDFE7134A1449144840F2D0
:103DF000762315F045FD002383F31188BFF36F8F01
:103E00000323184602DFC6E7FDF7EAFF012323700C
:103E1000A6E700BF304000209C6A0020BC42002082
:103E2000DD050400DD060400750504004C4000209B
:103E3000DC42002034400020D01D05000C1E05008F
:103E4000581D050010B586B002F078FD002835D168
:103E500003F078FB002844D10024414B2046A3F80E
:103E6000C040F3F7ADFD3F493F4A404BA1F8004148
:103E700094829C850122214668461BF099FF3C4BA9
:103E8000224621460320C3F808D0FDF7FFFF002893
:103E900057D14FF0FF324FF0FF33684612F01AFC53
:103EA00002F052FD00283CD1FFF756FD48BB00212F
:103EB000012006B0BDE81040FFF7E0BB2D4A2E49B7
:103EC0002E4840F22E3315F0DBFC002383F31188DB
:103ED000BFF36F8F0323184602DF03F033FB002884
:103EE000BAD0244A2449254840F25A3315F0C8FC78
:103EF000002383F31188BFF36F8F0323184602DF7B
:103F0000AAE71C4A1C491D4840F2A33315F0B8FC2F
:103F1000002383F31188BFF36F8F0323184602DF5A
:103F2000C5E7144A1449154840F2963315F0A8FC29
:103F3000002383F31188BFF36F8F0323184602DF3A
:103F4000B2E70C4A0E490D4840F2893315F098FC4F
:103F500084F31188BFF36F8F0323184602DF98E7BD
:103F6000403600202C3F0020443E0020083700202F
:103F700004060020D01D05000C1E0500581D05007C
:103F8000441E050008B5FFF75DFFBDE8084009F0D5
:103F9000B5BF00BF2DE9F04FDFF8F490364E83B087
:103FA00007468846A9F1C00400233B60D6E900011A
:103FB00001AAFDF7FDFE054600284BD0019B4946AE
:103FC0001A784046FFF7F2FB034600284AD194F8DE
:103FD000C0208DF8012094F8C1200DF101010DF1F0
:103FE00002009A46FFF7E2FB4AEA000212F0FF0ADB
:103FF0000346F0D1019B1A79012A37D1DFF894B03A
:10400000706852463146FDF7DBFE0BF1040128468D
:10401000FDF77EFEBBF800300D2B0AD8019817493A
:104020000133ABF80030FDF773FE0120FFF718FCF9
:10403000BAE7134A134914484FF4D76315F020FC2C
:104040008AF31188BFF36F8F0323184602DFBBF892
:104050000030E3E70D49404691F8C120C031FFF739
:10406000A5FB0346184603B0BDE8F08F3B605346FE
:10407000184603B0BDE8F08F383700200038002024
:10408000D01D05004C1E0500581D050040360020BF
:104090000037002048370020F0B5624983B0002384
:1040A0004868019301AAFDF78BFE0446002868D0FA
:1040B00020465D49FDF72CFE019B1C791D2C10D874
:1040C000DFE804F0200F0F200F0F0F0F0F0F0F0F5F
:1040D0000F0F0F0F0F0F0F0F0F0F0F322020202089
:1040E0002020524A5249534840F2735315F0C8FBFE
:1040F000002383F31188BFF36F8F0323184602DF79
:1041000003B0F0BD002CFBD1484A4B49494840F26E
:104110006F5315F0B5FB84F31188BFF36F8F032342
:10412000184602DF03B0F0BD1A7F3C2A38D05C7F0E
:10413000C4B19B681C68606E20B100233F49636670
:10414000FDF7E6FD94F86A306FF3000384F86A30F7
:10415000002002F037FC10F0FF00D1D108F08EFFF4
:1041600003B0F0BD314A3249324840F2F64315F00F
:1041700087FB84F31188BFF36F8F0323184602DF98
:10418000E6E72A4A2E492B4840F2354315F078FBE2
:1041900084F31188BFF36F8F0323184602DF87E78C
:1041A0009E68D6E90045F5B100277760AB6F6BB12B
:1041B0001E4A24491F4840F2B24315F061FB87F3C1
:1041C0001188BFF36F8F0323184602DF05F16C01DE
:1041D00005F16800FDF7D8FD064698B12868AE677E
:1041E00002F01AFFAEE7114A1749124840F2AF43F6
:1041F00015F046FB85F31188BFF36F8F0323184634
:1042000002DFD1E7094A11490A4840F2B54315F0E7
:1042100037FB86F31188BFF36F8F0323184602DF45
:10422000DCE700BF383700204C370020D01D0500E8
:10423000301E0500581D0500BC1E0500003800207A
:10424000C8220500981E05008C1E0500B01E050042
:104250002DE9F047046881465CB3DFF86C81DFF834
:1042600088A1584F2646246835791D2D10D8DFE8DF
:1042700005F03C0F0F3C0F0F0F0F0F0F0F0F0F0F1D
:104280000F0F0F0F0F0F0F0F0F28583C3C3C3C3CFB
:1042900040F2AC6342465146384615F0F1FA00232D
:1042A00083F31188BFF36F8F0323184602DF002CBE
:1042B000D8D10023C9F80030BDE8F047FF20FFF750
:1042C000CFBA337F3C2B66D0F3B13F4A3F493D48DC
:1042D00040F2D75315F0D4FA002383F31188BFF3CB
:1042E0006F8F0323184602DF35796DB9384940F2E4
:1042F0002D634246384615F0C3FA85F31188BFF3A3
:104300006F8F0323184602DF324D2B880D2B31D8D7
:10431000013331492B803046FDF7FAFC002CA1D146
:10432000C7E7F0880428C2D802F084FED0F89430A1
:10433000054673B1244A2949224840F29B6315F08F
:104340009FFA002383F31188BFF36F8F032318466E
:1043500002DF05F1880105F18400FDF715FD064631
:1043600008B3C5F89460284602F056FE002C7FF48E
:1043700079AF9EE71A494FF4D7634246384615F0A5
:104380007FFA002383F31188BFF36F8F032318464E
:1043900002DF2B88BCE710493046FDF7B9FC002C42
:1043A0007FF460AF85E7084A0E49064840F29E63F5
:1043B00015F066FA86F31188BFF36F8F0323184652
:1043C00002DFCEE7581D0500D01D0500E01E0500E8
:1043D000EC1E05004837002000380020141F05009F
:1043E0004C1E0500C8220500301E05000148FDF7DF
:1043F00079BC00BF4C3700200149FDF789BC00BFE4
:104400004C3700200148FDF76DBC00BF003800208C
:104410000149FDF77DBC00BF00380020034B044A72
:1044200093F8C1300B70FDF7B9BC00BF40360020D7
:104430003C37002008B5064B064A93F8C1300B7094
:10444000FDF7ACFC044B1868BDE8084012F008B951
:10445000403600203C370020304000200C4991F8C5
:104460002C2091F82D309A420AD8A3EB020C5FFA67
:104470008CFC604509D89A4207D051F82200704759
:104480000B339B1ADBB29842F7D90020704700BF6C
:1044900008370020094A92F82C1092F82D308B42F0
:1044A00009D04B1CDBB20B2B08BF002352F82100B4
:1044B00082F82C3070470020704700BF083700207A
:1044C00008B5134A92F8C1C092F8C0E00CF101039C
:1044D000DBB2182B08BF00239E4508D022F83C0011
:1044E00002EBCC0CCCF8041082F8C13008BD094AAC
:1044F00009490A4840F2127315F0C2F9002383F308
:104500001188BFF36F8F0322104602DF1B80FFDE8E
:1045100040360020D01D050018240500581D050058
:104520000022082302700B70704700BF002208B5FC
:1045300011460B4B0120FDF7A9FC00B908BD094A43
:1045400009490A4840F2317315F09AF9002383F3C0
:104550001188BFF36F8F0323184602DF08BD00BF29
:10456000F4050020D01D05002C1F0500581D050076
:10457000022810B50C4602D00B68022B07D0044865
:104580004FF0FF324FF0FF3312F0A4F8206810BD57
:104590003440002004490A680AB1104670470246B8
:1045A00008601046704700BF3C360020044A13687C
:1045B00023B1984206BF00211160002318467047BE
:1045C0003C360020014B1868704700BF3C36002085
:1045D00004490A680AB1104670470246086010464E
:1045E000704700BF04370020044A136823B1984283
:1045F00006BF0021116000231846704704370020D1
:10460000014B1868704700BF0437002030B50568BB
:104610002B7887B05BB304460122002168461BF06B
:10462000C7FB144BC5F818D06B612B78FBB1124B4C
:104630000022114603209C60FDF728FC38B94FF496
:1046400000420023684612F045F807B030BD0B4A1F
:104650000B490C4840F2E97315F012F9002383F37B
:104660001188BFF36F8F0323184602DFE7E76FF06F
:104670007700EAE7A9370300E4050020D01D050014
:104680002C1F0500581D0500F0B5254E336885B078
:104690000C461746002B36D0994215D102230393BE
:1046A00003AB0246009303211E4B0020FEF740FFA0
:1046B000022805460CD0039B022B09D195B1336823
:1046C0000BB19C4221D014B36FF02D0005B0F0BDAA
:1046D00015484FF0FF324FF0FF3311F0FBFF039D01
:1046E000002DECD13846FFF791FF33680BB19C42A7
:1046F00011D0002CE8D10028E8D010F1780F08BFC5
:10470000002005B0F0BD3160C8E7002333606FF0D2
:10471000770005B0F0BD35600028D7D0EDE700BFC9
:104720003C3600209D370300344000200B490A7DB1
:104730004B7D9A420AD8A3EB020C5FFA8CFC6045D1
:1047400009D89A4207D051F82200704705339B1AC6
:10475000DBB29842F7D90020704700BF443E0020EA
:10476000074A117D537D8B4208D04B1CDBB2052BD1
:1047700008BF002352F821001375704700207047CE
:10478000443E002038B50C46054603F03DF9207044
:1047900021462846024ABDE83840FDF7FFBA00BF6F
:1047A000443700200122024B11460020FDF76EBB6A
:1047B000D405002070B50C46054603F025F92146C6
:1047C0002070064A2846FDF7E9FA0122BDE870404C
:1047D000034B11460020FDF759BB00BF44370020B2
:1047E000D40500202DE9F0431A4D9DF81C8095F862
:1047F00001C10CF1010E5FFA8EFEBEF1080F994661
:1048000095F8003108BF4FF0000E73451DD01446D7
:1048100005EB4C1CE36807460E4610685168926829
:1048200064460FC49CF81C30CCF8186008F00108EE
:1048300023F0030343EA0803CCE904978CF81C3007
:1048400085F801E16046BDE8F0834FF0000C60465A
:10485000BDE8F0832C3F0020054890F8003190F827
:1048600001219A4214BF00EB43100020704700BFA3
:104870002C3F002001460B480A7890F80131072AA6
:1048800084BF90F800210A70934208D0531CDBB219
:10489000082B08BF002300EB42100B70704700206C
:1048A000704700BF2C3F00202DE9F04F444F97F890
:1048B000004197F8013185B0A34202903FD04FF0FC
:1048C000000A07EB44140A25CDF80CA0D346CDF816
:1048D00004A0267FD4F80C90C6F3400806F0010629
:1048E000002D47D0013DEDB2B8F1000F2AD097F866
:1048F000013197F80041A34221D00134E4B2082CE1
:1049000008BF0024A34287F8004118D007EB4414E5
:10491000E368B8F1000FDCD1002E3AD1019A002AE9
:1049200047D0BBF1000F08BFCB46227F9107D0D400
:10493000D20735D4019A9A4201D09B45C9D105B01E
:10494000BDE8F08F1F4B02989C6042464146FDF740
:104950009DFA0028CBD01C4A1C491D4840F67E0316
:1049600014F08EFF88F31188BFF36F8F032318466E
:1049700002DFBCE7144A1749154840F66F0314F0EC
:104980007FFF85F31188BFF36F8F0323184602DF83
:10499000A8E7039A82B1BAF1000F08BFCA46C4E77C
:1049A000BBF1000F95D1039A9A42C8D09A4590D195
:1049B000C5E7CDF80490B8E7CDF80C90B5E700BF97
:1049C0002C3F0020C4050020D01D05002C1F050031
:1049D000581D0500341F0500054B1A7D597D914275
:1049E00004D053F8220010B10C30704700207047FB
:1049F000143F002070B5134A117D537D8B421ED0A9
:104A00004B1CDBB252F82140052B08BF0023137565
:104A1000ACB102230025266823712560A06002F056
:104A2000F3FF094A207021463046FDF7B7F901220D
:104A3000064B11462846FDF729FA204670BD002492
:104A4000FBE700BF143F002044370020D4050020BE
:104A500010B582B00024CDE90044049B09F044FC69
:104A600002B010BD10B50346007F1A699969012490
:104A700082B02040CDE90004586909F035FC08B146
:104A8000773001D102B010BD074A084908484E23CB
:104A900014F0F6FE002383F31188BFF36F8F032316
:104AA000184602DF02B010BD3C1F0500801F050044
:104AB000581D050010B50469FFF764FA40B90C48A9
:104AC000F6F7AAFB0B48F6F7A7FB0020206010BD05
:104AD000094A0A490A4840F2793314F0D1FE00230A
:104AE00083F31188BFF36F8F0323184602DFE6E7D5
:104AF000201E0020581D0020941F05000C1E0500DC
:104B0000581D05002DE9F047464FD0F81080DFF81A
:104B10001CA1DFF81C9182B006464FF0FF324FF027
:104B2000FF33384611F06AFD0028F6D04379019032
:104B3000042B22D8002B4FD13B4840F2122352467F
:104B4000494614F09DFE002383F31188BFF36F8F55
:104B50000322104602DF019A01A81360FFF778FBD9
:104B60004FF0FF324FF0FF33384611F047FD002879
:104B7000D3D043790190042BDCD9052BDCD14FF045
:104B8000FF324FF0FF330820F7F72EFA0446214694
:104B9000019800F05DFF019B00221A6001A8FFF759
:104BA00057FB002CB9D0204615F04CFE2146054697
:104BB000002015F06DFE2B8A0446294630463BB195
:104BC000D8F80030984712F075FA002CEBD1A4E722
:104BD0002846F6F7EBFEF6E7022B13D04FF0FF3234
:104BE0004FF0FF330220F7F7FFF9044601989CB11C
:104BF000214600F069FF019B00221A6001A8FFF71F
:104C000027FBD0E70022002301210020F7F7FCF961
:104C100004460198002CEBD1046001A8FFF718FBB3
:104C20007BE700BFC0440020581D0500941F05000D
:104C3000301E0500F0B50546076989B00E461F48CD
:104C40001BF05FF84FF0FF3200211D481BF0B0F859
:104C50001B48FFF77BF8044660BB3E60F1F710FE8F
:104C6000002600276FF00903CDE90334CDE906677C
:104C7000CDE90144134B144900954FF4E0721348F9
:104C800012F022F8124911481BF0C4F96FF0070224
:104C9000CDE90324CDE90667CDE901440D4B0E496A
:104CA00000954FF460720D4812F00EF80C490B4855
:104CB0001BF0B0F9204609B0F0BD00BFC044002091
:104CC000D8440020FD4C0300C0850020201E002099
:104CD000D41F0500054B030040820020581D002012
:104CE000E01F05000B7E0269022B01D013681847F4
:104CF000CB681B78052BF9D1704700BF2DE9F04335
:104D0000DFF8C4802F4F83B005460DE0F7F77CF93C
:104D10002246BDF80210044601F0ACF921462846AF
:104D2000FFF7E0FF12F0C6F90DF1020101A8FFF74D
:104D300031F904464FF0FF324FF0FF3300211320CA
:104D4000002CE3D1019BB3B1FFF7A6F9DDF8049085
:104D5000484601F0A7F9019E89F805007379032BF5
:104D600002D13379182B0ED0314638461BF007F8A4
:104D7000019B002BD8D14FF0FF324FF0FF3340465C
:104D800011F0A8FCD0E74FF0FF3321464FF0FF327F
:104D90000520B6F80690F7F737F94946024604466B
:104DA00006F11C0000F02CFE484600F049FE2146AA
:104DB000284624B1FFF796FF2046F6F7F7FD019E3F
:104DC000D2E700BFC0440020D844002070B50B8A51
:104DD00082B033B10B7E012B0C46064619D0042B52
:104DE00004D06FF01505284602B070BD01A9204619
:104DF00000F0A8FD0199054611B13046FFF772FF9A
:104E0000002DF0D12046F6F7D1FD0025284602B04E
:104E100070BD002301A92046019300F02BF9014643
:104E20000028EFD03046FFF75DFF019D002DE9D04F
:104E3000284601F037F96871019902481AF09FFF7E
:104E4000E0E700BFC044002010B512F0E3F8054CC5
:104E500020461AF062FF20461AF053FFBDE81040CA
:104E600012F0ECB8C04400202DE9F0411A4C6468FF
:104E7000A40004D51646194A1268120701D4BDE8E9
:104E8000F08103F10C0405460F462046022115F07F
:104E900016FD40F63E4303800121204615F00FFD2C
:104EA0000346042220461A700B2115F008FD0570F8
:104EB000A0F801603DB97B68BA68C0F80720C0F867
:104EC0000330BDE8F0814FF00008C0F80380C0F85F
:104ED0000780BDE8F08100BF90010020880100201C
:104EE000F0B5013887B0144611280AD8DFE800F081
:104EF000233F55090967097998AB09090909090987
:104F0000090D6FF0150007B0F0BDCB68DA7899781D
:104F1000188807F0D1FB554B06460121188816F07A
:104F2000F9F9012105460C3015F0C9FC0670256021
:104F3000002007B0F0BD4D4B0D21188816F0EAF99E
:104F40000D2120600C3015F0BAFC4FF00214002344
:104F50004FF4806101220370C0F80140A0F80510F1
:104F6000C271037243728372C3720373E0E73F4BF3
:104F70004121188816F0CEF9412120600C3015F03F
:104F80009EFC002104463E2200F8031B1BF05FFA42
:104F900040F2A733A4F80130CAE7344B092118883E
:104FA00016F0B8F9092120600C3015F088FC034692
:104FB000002203F8012BC0F801205A60B8E7C96845
:104FC0000020FEF75BFB294B0121188816F0A2F99F
:104FD000012105460C3015F072FC0023037025609A
:104FE000A6E7234E214F0FCE01AD0FC53368388899
:104FF0002B70122116F08EF9122120600C3015F062
:105000005EFC0446002301AE04F8013B84460FCE4B
:105010002D78CCF801006160A260E360257487E719
:10502000124B1821188816F075F9182120600C30E1
:1050300015F045FC00230446012100F8023B0AF06C
:1050400093FC607074E7094B2121188816F062F90F
:10505000212120600C3015F032FC0146002301F8BC
:10506000113B01300AF0D0FC62E700BF3869002034
:10507000FC1F05002DE9F041038A8CB00022022BB1
:10508000079230D9044603210C3015F03FFC228AE8
:1050900083789A4227D30088D94EC0F38523082B02
:1050A00030801FFA80FCC0F3090509D8A3B1013B89
:1050B000072B11D8DFE803F01C10284C10101064E7
:1050C0003F2B09D107AA21462846FFF709FF1630D2
:1050D00040F02784B6F800C0012160460CB0BDE85E
:1050E000F04116F029B9002420460CB0BDE8F0814B
:1050F000062D00F0CF831D2DEED1E368188802F055
:10510000D7F801463088E9E7632D00F0078400F204
:10511000EE80032D00F0DE832D2D40F0D380E36878
:10512000604604211E8893F8028016F0F3F80421EB
:1051300004460C3015F0C3FBB7B20546C31C42460B
:1051400039460220FEF786FAA5F801602870CBE701
:10515000681E0828C0D801A353F820F0B5530300F7
:105160006953030043530300D9500300D95003008F
:10517000D9500300D9500300D95003002353030032
:10518000681E4D28A8D801A353F820F01554030039
:10519000DF530300BD540300D9500300B354030090
:1051A000975403007D5403007154030065540300B9
:1051B00045540300D9500300D9500300D9500300CF
:1051C000D9500300255403002B5703002357030035
:1051D0001B570300F9560300D9500300D1560300B2
:1051E000C35603008956030069560300D9500300D3
:1051F0005F5603004F5603002F560300D95003009B
:10520000D9500300D95003000F560300F555030091
:10521000E5550300B1550300A5550300D95003001F
:10522000D9500300E7570300DF570300D9570300A5
:10523000B957030087570300555703004B57030026
:105240003D5703004B580300F557030085550300F5
:1052500033550300D9500300D9500300D95003003F
:10526000D9500300D9500300D9500300D95003008E
:10527000D9500300D9500300D9500300D95003007E
:10528000D9500300D9500300D9500300D95003006E
:10529000D9500300D9500300D9500300D95003005E
:1052A000D9500300D9500300D9500300D95003004E
:1052B000D950030011550300D9500300D950030001
:1052C00007550300012D7FF407AFE2684D4B1168CD
:1052D00052681960604629465A6016F01BF8012191
:1052E00004460C3015F0EBFA00230370FCE67B2D2E
:1052F00000F0D8827C2D7FF4EFAEE3681F885988D8
:10530000B8B202F0E7F805460321308816F002F83B
:10531000032104460C3015F0D2FA0570A0F8017094
:10532000E2E66046072115F0F5FF072104460C3040
:1053300015F0C5FA0146002001F8010BFEF7CAF985
:10534000D2E60921604615F0E5FF092104460C303C
:1053500015F0B5FA0346002203F8012B6021C0F8CE
:1053600001205A604171BFE66046412115F0D2FF2D
:10537000412104460C3015F0A2FA002105463F22D7
:1053800000F8021B1BF063F804231F4AEB72EB7555
:1053900020231E49C5F81A20C0204FF490626B707C
:1053A0004FF40A73A871C5F82110A5F82720A5F8B5
:1053B0000F3099E60921604615F0ACFF092104463B
:1053C0000C3015F07CFA4FF450610023104A018034
:1053D0000D218370C3700171C0F8052084E604219B
:1053E000604615F097FF042104460C3015F067FA6B
:1053F00000231B210322037041708370C27073E687
:105400003869002090010020F7C3F70E30F0F97FD3
:10541000F105FFFFE268C64B1168526819606046EB
:10542000012159E76046022115F074FF022104466C
:105430000C3015F044FA00230370054607F0A2FA79
:10544000687051E6E3681878F1F742FA05460121E1
:10545000308815F05FFF012104460C3015F02FFA5B
:10546000057041E6E16811F8010B01F0D3FBEDE7AF
:10547000E16811F8010B01F05FFBE7E702216046EC
:1054800015F048FF022104460C3015F018FA0023ED
:105490000370437028E6E468A57BA37962792179DB
:1054A00020880295657B01950734009401F042F94C
:1054B000CCE7E1680120FEF7E1F8C7E76046092183
:1054C00015F028FF092104460C3015F0F8F90346C1
:1054D000002503F8015BC0F801505D600646FEF749
:1054E000B3F82B4661F30703C1F3072262F30F23DE
:1054F000090C61F31743090A61F31F63C6F8010041
:10550000C6F80530F0E5E068C17907F065FD9DE774
:105510006046032115F0FEFE032104460C3015F011
:10552000CEF90146002301F8023B0130FEF7A2F854
:10553000DAE5E26891781088B2F80540CB0703D528
:10554000D37843F00303D37013798F07D17844BF26
:1055500043F00303137143EA0102032A00F2E781D7
:105560004D0700F0E1815A0700F0DE8114F00302DC
:105570001CBF04F1FF3404F0010201F03DFF0146BD
:105580003088ABE5E3681A78D10744BF072159702A
:1055900092074CBF07219978587848BF997001F05D
:1055A00021FF53E7E3685988188801F0E3FE4DE7CF
:1055B0006046052115F0AEFE052104460C3015F0BD
:1055C0007EF908A905460DF11A0001F0C7FEBDF8E5
:1055D0001A30A5F80130BDF82020A5F803200023DB
:1055E0002B7081E5E3681F889A885988B8B201F06A
:1055F00083FE88E6E268178892780023CDE90233BB
:10560000CDE900330221B8B201F088FD7BE6E16804
:1056100000220F884B88039208890290C888019065
:1056200089880091B8B2022101F078FD6BE609216A
:10563000604615F06FFE092104460C3015F03FF965
:105640003C493D4A01600023426003724CE5E36837
:105650001F8800220621B8B207F01CF853E6E26862
:10566000002132F8027BF6E76046092115F052FE70
:10567000092104460C3015F022F9002300F8013B03
:10568000082108F04BFC2FE5E068002308AA00F190
:1056900010010BF087F83088112115F03BFE112125
:1056A00004460C3015F00BF90646002306F8013BC2
:1056B00008AD07460FCDC7F801007160B260F36016
:1056C00012E5E368188801F0CFFD0146308805E552
:1056D000E368604608211E8815F01CFE0821044678
:1056E0000C3015F0ECF80546E91CB0B201F05EFD97
:1056F000A5F801602870F7E4E16800224B8808886B
:1057000003920C890294CC880194898800911146F7
:1057100001F004FD01463088E0E4E06807F0E8F9B4
:1057200094E6E06807F056F990E607F02DF98DE66B
:1057300088010020008FCC30ECC00100E36818889D
:1057400007F040FC30880121C7E5E368187807F0CE
:1057500025FC7BE6E368186808909A889B798DF8A9
:10576000263060460721ADF8242015F0D3FD07212F
:1057700004460C3015F0A3F80546411C08A807F0B4
:10578000D9FB2870B0E4E368186808909A889B7980
:105790008DF8263060460721ADF8242015F0BAFDBB
:1057A000072104460C3015F08AF80546411C08A86C
:1057B00007F086FB287097E46046022115F0AAFDE9
:1057C000022104460C3015F07AF8054607F024FA59
:1057D000002368702B7087E407F020FA36E6E06853
:1057E00007F05AFA32E6E06800F11702C11D07F02F
:1057F0000FFE2BE6E368604605211E8815F08AFD42
:10580000052104460C3015F05AF805462A1DB0B2A1
:10581000E91C01F0C5FDEB782A792870002B93FA7A
:10582000A3F3B3FA83F308BF4FF0FF330133EB70F8
:10583000002A92FAA2F3B3FA83F308BF4FF0FF33C2
:105840000133A5F801602B714EE46046092115F083
:1058500061FD092104460C3015F031F808AB05460E
:105860000DF11A0206A90DF1160001F08DFDBDF82B
:105870001630A5F80130BDF81830A5F80330BDF892
:105880001A30A5F80530BDF82020A5F80720002320
:105890002B7029E4E3689978188801F0ADFC014683
:1058A00030881BE4E3681F8808A9B8B201F0DAFD6C
:1058B00005210546308815F02DFD052104460C30E4
:1058C00014F0FDFF0570A0F80170BDF82030A0F8BD
:1058D000033009E4174B184A4FF0FF3041F6FF71CF
:1058E000C3E90001154B00200021C2E900011F207F
:1058F0000021C3E90001FEF7A5FA3088012115F067
:1059000009FD012104460C3014F0D9FF00230C4A94
:1059100003701360FFF798FAFFF7E6BBE268064BE7
:105920007AE5079CFFF7E0BB1221FFF7D6BB1121F8
:10593000FFF7D3BB90010020E81E00208801002063
:10594000F04400202DE9F84300230B60038A032B69
:105950002ED9054688460C30042114F0D7FF2B8A37
:105960004788B0F80090BB4222D31B2F20D801F00B
:105970007DFB4FEA193633460446F8B19B0817D130
:10598000D6B1012E14D12379677166F30103237117
:10599000E9683A46E01D1AF032FD2146C9F30B00D2
:1059A00001F070FB08B9BDE8F883204601F064FB04
:1059B0006FF01500BDE8F8830226E4E70F4B1B6883
:1059C0009B0117D54FF0FF324FF0FF330220F6F75F
:1059D0000BFB0221C8F800000C3014F070FF4FF4EC
:1059E0008D730380D8F8000001210C3014F067FF9C
:1059F000012303706FF06800D5E700BF900100201D
:105A0000F8B50E4B1B68DB0600D4F8BD02F10C04A0
:105A100006460D462046022114F051FF034640F28F
:105A200005421A802046042114F049FF0027077020
:105A3000A0F801503278C270F8BD00BF900100207C
:105A4000024A1368013B1360704700BFF044002016
:105A500070B5037FC68803F00303013B012B0FD908
:105A6000164A1749174842F2CF3313F009FF0023B3
:105A700083F31188BFF36F8F0323184602DF70BDD5
:105A8000044601F10C052846042114F018FF237F79
:105A900003F00303022B0CBF46F4005646F4805675
:105AA0000680637F4380617F284614F008FF627F91
:105AB00004F11F01BDE870401AF0A1BC10200500E0
:105AC000301E0500581D05002DE9F04390F804C074
:105AD000C688BCF1030F85B004460D4600F11C07D3
:105AE0000ED0ACF1170CBCF1060F00F2AF82DFE86C
:105AF0001CF02B00880090002100C100D400F400AD
:105B0000C37F033B122B00F21F81DFE813F0630118
:105B10001D011D018A01B1011D01E3011D011D01CE
:105B20001D01E8011D01BF011D011A001D011D011C
:105B30002D012D01C74B5B6818044FF0000400F1E4
:105B4000398105B0BDE8F083F80700F1ED81277FCA
:105B5000002F00F0E081BF4B5B689900F1D5BE4B90
:105B60001B6840F20122134203F40078E9D00C359F
:105B7000002F40F0F481B94A136801331360B8F183
:105B8000000F00F00C820221284614F098FE41F626
:105B90003E7303800121284614F091FE03460A2239
:105BA0001A7028461E2114F08AFE0770A0F80160C2
:105BB000637FC370A37F0371D4F81F30C0F8053032
:105BC000B4F82330A0F80930D4F82B30C0F80B30EB
:105BD000B4F82F30A0F80F30D4F82530C0F81130C9
:105BE000B4F82930A0F81530638EA0F81730A38ED2
:105BF000A0F81930E38EA0F81B3094F838304377C2
:105C00009FE70A463846314605B0BDE8F043FFF746
:105C1000F7BE904B5B689A004FF0000891D58E4B11
:105C20001B685B078DD50C350221284614F047FE12
:105C300040F63E2303800121284614F040FE03462F
:105C40004FF00309284683F80090092114F037FE2D
:105C5000FF07054600F1EC81237F2B70A5F801605A
:105C6000E38BA5F80330238CA5F80530638CA5F8E9
:105C7000073066E77A4B1B6819027FF562AF0C3577
:105C80000221284614F01BFE40F257230380022114
:105C9000284614F014FE068053E76E4B5B689A00AA
:105CA0007FF54FAF6C4B1B681B037FF54AAF0C357C
:105CB0000221284614F003FE40F23E4303800121F6
:105CC000284614F0FCFD142303700321284614F029
:105CD000F6FD0680237F837033E75E4B5B689F0091
:105CE0007FF52FAF5C4B1B6818057FF52AAF0C358D
:105CF0000221284614F0E3FD40F23E6303800121B7
:105D0000284614F0DCFD0C2303700521284614F00E
:105D1000D6FD237F0370A0F80160627F002A92FA0B
:105D2000A2F3B3FA83F308BF4FF0FF330133C3701C
:105D3000A27F92FAA2F3002AB3FA83F308BF4FF0CE
:105D4000FF3301330371FCE6464A4749474842F2B4
:105D5000A33313F095FD002383F31188BFF36F8FF6
:105D60000323184602DFECE63A4B5B689A007FF5A6
:105D7000E8AE394B1B685B067FF5E3AE0C350221BC
:105D8000284614F09CFD40F63E330380012128464E
:105D900014F095FD072303700A21284614F08FFDA7
:105DA0000680A38C4380E38C8380238CC380638C28
:105DB0000381C6E60C350221284614F080FD4FF41D
:105DC0004C7303800321284614F079FD0470A0F879
:105DD0000160B6E61F4B5B6899007FF5B2AE1E4BC3
:105DE0001B68DA067FF5ADAE0C350221284614F0AB
:105DF00066FD40F63E5303800121284614F05FFD06
:105E0000052303700C21284614F059FD034623F89E
:105E1000026B216A626AC0F802105A60238D4381C6
:105E20008FE60C4B1B681B064FF000047FF589AE14
:105E30000C350221284614F042FD4FF481630380A3
:105E40000421284614F03BFD01230470A0F80160F2
:105E5000C37076E69001002088010020F044002005
:105E6000E81E002010200500301E0500581D05000A
:105E700090F820300E2B7FF464AE0B4632460021A2
:105E80001A2005B0BDE8F043FEF7EEBF724B5B6829
:105E9000980059D5714B1B68990655D50C350221D0
:105EA000284614F00CFD40F63E33038001212846BD
:105EB00014F005FD062303700A21284614F0FFFCA8
:105EC0000680238C4380638C8380A38CC380E38C07
:105ED000038136E60B46324639460020D1E75E4B59
:105EE00090F820401B681F067FF52BAE0C35022171
:105EF000284614F0E4FC4FF4816303800421284613
:105F000014F0DDFC002C08BF1F2400230470A0F84F
:105F10000160C37015E6A07F04F12503FF2204F1A0
:105F20001F0106F067FF16E64D4A4E494E4842F201
:105F3000CF0313F0A5FC002383F31188BFF36F8F09
:105F40000323184602DF02E60023CDE90233CDE940
:105F500000331A220221304601F0E0F8F1E5B8F1F1
:105F6000000F4CD10221284614F0A9FC41F23E3327
:105F700003800121284614F0A2FC012303701221A2
:105F8000284614F09CFCC0F80180C0F80580C0F8D9
:105F90000980C0F80D8080F811800770D1E50221DA
:105FA000284614F08CFC41F23E3303800121284640
:105FB00014F085FC034601221A702846122114F0C1
:105FC0007EFC0770A0F80160637FC370A37F03F0BD
:105FD00001030371D4F81F30C0F80530B4F8233042
:105FE000A0F80930638EA0F80B30A38EA0F80D3016
:105FF000E38EA0F80F3094F838304374A1E5022105
:10600000284614F05CFC41F63E73038001212846CB
:1060100014F055FC0A2303701E21284614F04FFC8F
:1060200004461D22002101301AF011FA277088E57C
:106030000B4A0E490C4842F2581313F021FC88F326
:106040001188BFF36F8F484602DF05E6044A08490E
:10605000054842F2BF237CE6900100208801002021
:10606000102005004C200500581D05008820050063
:10607000301E050070B500F10C040E4620460221CA
:10608000154614F01CFC40F21353038005212046F2
:1060900014F015FC01230370A0F80160A0F8035070
:1060A00070BD00BF0379032B09D0172B05D0183B17
:1060B000052B8CBF00200320704701207047037F11
:1060C00003F00303032B14BF05200420704700BF17
:1060D00030B583B01B4B079D1B4AEB1AA2FB032371
:1060E00013F47F5FC3F387141BD1A21C174B0095D9
:1060F000D2B201210020FDF71BFA10F0FD0F0ED0E7
:10610000134A1449144840F6EB1313F0B9FB00236B
:1061100083F31188BFF36F8F0323184602DF03B0A8
:1061200030BD0B4A0D490C4840F6E61313F0A8FBAE
:10613000002383F31188BFF36F8F0323184602DF18
:10614000D3E700BF2845002089888888F5610300CF
:10615000C420050010210500581D0500042105007C
:10616000F8B505682F6E0646C7B16C6E00232B6626
:1061700044B300211723696623714FF6FF73E38050
:1061800004F11C001E221AF062F93C232377A6605A
:1061900021463846BDE8F840FEF74CB9114A12498D
:1061A000124840F6332313F06BFB87F31188BFF3DB
:1061B0006F8F0323184602DF6C6E2F6E00232B6651
:1061C000002CD6D1074A0A49084840F6372313F075
:1061D00057FB84F31188BFF36F8F0323184602DF48
:1061E0006C6EC6E7C42005002C210500581D050073
:1061F0004021050000B170470C4B10B50246044623
:10620000996002200121FBF741FE00B910BD084A48
:106210000849094840F6072313F032FB84F311883C
:10622000BFF36F8F0323184602DF10BD3406002032
:10623000C42005002C1F0500581D050038B5044674
:1062400010F81C3B002B2ED0194D6369A8607BB160
:10625000184A1949194840F61C2313F011FB002372
:1062600083F31188BFF36F8F0323184602DFA868FA
:1062700013490F4B0022C4E9051011460120FBF71A
:1062800005FE00B938BD0B4A0E490C4840F62323E1
:1062900013F0F6FA002383F31188BFF36F8F032303
:1062A000184602DF38BDBDE83840FFF759BF00BFD0
:1062B00024060020C420050058210500581D0500B3
:1062C000616103002C1F050038B50C46124994F893
:1062D0002930124A0978117004EB8303DB6A1D78B8
:1062E00000B938BDFEF76EF98442FAD015F00E0FF2
:1062F00002D1236A002BF4D0094A0A490A4840F621
:10630000D31313F0BDFA002383F31188BFF36F8F0B
:106310000323184602DF38BD9E6A00209D6A0020D4
:10632000C42005006C210500581D050000B5154B63
:1063300093F829109A8C93F86AC003EB81014FF00F
:10634000020E22F44372C86A6EF3420C4FF40061ED
:1063500022F00202A3F8681083F86AC042F00E022D
:1063600006214FF0000C9A8480F800C0417093F829
:10637000350003EB800304229B6B1A7059705DF8A3
:1063800004FB00BF2845002070B51C4C256AAB6F8C
:1063900073B11B4A1B491C484FF4266313F070FA73
:1063A000002383F31188BFF36F8F0323184602DFA6
:1063B00005F16C0105F16800FBF7E6FC064670B1DB
:1063C0002868AE6700F028FE0025606E2562FEF7A3
:1063D0001FF8206E6566FEF70FF8256670BD084A47
:1063E0000A49094840F6622313F04AFA86F31188F5
:1063F000BFF36F8F0323184602DFE1E72845002033
:10640000C4200500C4210500581D0500C822050050
:1064100030B5504C94F86A30D90785B067D5236AF7
:1064200053B193F82C2042F0020283F82C20236A07
:1064300093F82C30DA0771D44648FEF7ABF8844263
:106440000ED0454A4549464840F62B3313F018FA1A
:10645000002383F31188BFF36F8F0323184602DFF5
:1064600094F82430DB0703AD0DD5022103913D4B99
:106470000095032101220020FDF75AF82946FEF776
:1064800077F800285BD10222364B009503210020CB
:106490000392FDF74DF82946FEF76AF8054648BB1A
:1064A0003148FEF7B3F808B1783039D12948FEF702
:1064B0007DF884420ED0284A2849294840F64D33B9
:1064C00013F0DEF9002383F31188BFF36F8F0323EA
:1064D000184602DF236A0BB1FFF756FF94F86A30C3
:1064E00000206FF3000384F86A3006F0C7FD002037
:1064F00005B030BD1748FEF759F884420ED0164A51
:106500001649174840F6443313F0BAF9002383F3D1
:106510001188BFF36F8F0323184602DF0C20E7E7D3
:106520000D4A12490E4840F64A3313F0A9F985F393
:106530001188BFF36F8F0323184602DFB6E70548C3
:10654000FEF734F88442E9D0034A0449044840F68F
:106550003633D9E728450020C4200500D82105009E
:10656000581D05009D37030044450020E421050027
:10657000037803F00F0302F1FF3C022B1FFA8CFC9F
:1065800025D0012B0DD01031C9009BB1062B11D0A5
:106590004FF4F37313FB0CF340F25320184480B212
:1065A000704740F2162313FB0CF340F2E33018441B
:1065B00080B2704740781030C00001F21B3100F506
:1065C000B37313FB0CF30844184480B2704741784E
:1065D0000CEB8C03C3EB0310400001F11003DB0054
:1065E00000F23B1003FB020290B270472DE9F0432A
:1065F0001E468BB04FF6FF739E429DF84890139C49
:1066000017D025780135EDB280461746257075B351
:106610003B493C4B0E8104F11C000022C860C1E9DB
:10662000008781F80A90996001201146FBF72EFC43
:1066300068B994F8240010F0010505D1324A334BB3
:1066400011781B788B4221D00BB0BDE8F083304A23
:106650003049314840F66C1313F012F9002383F3EC
:106660001188BFF36F8F0323184602DFE1E7284A42
:106670002A49294840F64A1313F002F985F3118894
:10668000BFF36F8F0323184602DFC1E701330421F4
:1066900009A8137007F05EFC099B214A0694A2FB2F
:1066A0000312991A02EB5102120A40F2471101FB40
:1066B00012331C4A1C49A21AA1FB021292091B495F
:1066C0000232CDE904510133CDE90255CDE900553F
:1066D000D2B2012128460993FCF712FF10F0FD0FFA
:1066E000B2D00B4A12490C4840F2BB7313F0C8F801
:1066F00085F31188BFF36F8F0323184602DFA3E7EA
:10670000FC440020140600209E6A00209D6A0020A0
:10671000C42005002C1F0500581D0500FC210500A4
:1067200021F1D4902845002089888888C962030017
:10673000002205002DE9F04F714C1F46714B94F873
:106740006A6086468C4693E8030083B016F0010623
:106750001546DDF830809DF834209DF838300090E3
:106760008DF8041040F08A80A18C02F0070203F03B
:106770000303520021F4437142EA032221F0020193
:106780000A43A28494F8292004EB8202BCF1010F91
:106790000CF10803D2F82C9008BF4FF0000E0DEB5F
:1067A000030CA4F868E099F800A01CF8083C2AF053
:1067B0001F0113F00E0F03F00F030CBF0122002284
:1067C0000B4362F3451389F8003003F00F03012BEC
:1067D0000AF00F0A49D094F86A3065F3420384F84E
:1067E0006A30DAB25B070CD5134667F3C30384F84B
:1067F0006A30D8F80030C4F86B30434BB8F8042046
:106800009A8099F8003003F00F02012A05F0010B7D
:1068100039D099F80120F2B1BAF1010F51D099F8AD
:1068200000306BF386136FF3C71389F8003094F8C8
:106830003530E46104EB8304AD01A36B05F0400542
:106840005A7845F004051D700AB906225A70304680
:1068500003B0BDE8F08F6BF3861362F3C71389F8BA
:106860000030062389F80130E1E7BAF1010FB2D018
:1068700099F80120CAB984F84060ACE70C2630468C
:1068800003B0BDE8F08F4A466BF3861367F3C71376
:1068900002F8083BD8F80010C9F80810B8F804103E
:1068A00091800C2389F80130C1E7052A16D9063AF0
:1068B000D2B209F10801154884F8402019F09FFD73
:1068C00089E794F84020114909F1080019F097FD73
:1068D00094F84030063389F80130A0E70C4A0D499E
:1068E0000D4840F2BD1312F0CBFF86F31188BFF3C1
:1068F0006F8F0323184602DF99F80120D7E700BF06
:1069000028450020B411050093450020694500206A
:10691000C420050038220500581D050010B5064C9E
:10692000204607F0BDFF04F10C0007F0B9FFFFF7A8
:10693000FDFC002010BD00BF5045002008B5FFF74A
:1069400067FD002008BD00BF38B5094C04F10C05F7
:10695000204607F0B5FF284607F0B2FF204607F0B3
:106960009FFF284607F09CFFFFF7E0FC002038BDA2
:1069700050450020034A044B801AA3FB0030C0F3AB
:106980008F1070472845002089888888044A00684D
:10699000044B801AA3FB0030C0F38F10704700BF78
:1069A000284500208988888838B9054890F86A30D9
:1069B00013F0010F08BF002070470020704700BF90
:1069C0002845002028B9044B93F86A0000F0010024
:1069D00070470020704700BF2845002050B9064B83
:1069E00093F86A0010F0010005D093F8250000F03C
:1069F00003007047002070472845002070B5064608
:106A00000C4690F8260006F089FC23780546C3F36F
:106A10008010FCF74FFE0368C6F871308388A6F833
:106A200075308DB1237843F04003237023782A68B2
:106A3000C4F8022003F00F03AA88E280012B04F1BE
:106A4000020503D0284670BD0546EFE796F82600FC
:106A500006F096FC0028F5D02278234642F080020A
:106A600003F8082B0268A26082889A80284670BDCD
:106A70001F2957D82DE9F04190F8293000EB830306
:106A800082B0DF6A3B7803F00F03012B0E46054608
:106A9000904649D00DF10701283007F07DFF3A7884
:106AA000037802F00F0223F01F03134303703B78B7
:106AB0000278C3F3401363F3451202703B78D2B2FD
:106AC000C3F38013394663F38612027011F8023B58
:106AD000D2B2DB0963F3C712044600F8022B062288
:106AE00019F09BFC3246414604F10800063619F0C5
:106AF00086FC667095F86A30DB0707D49DF807308E
:106B000085F82930002002B0BDE8F08195F83530D5
:106B100005EB830321469A6B2846F0F7B1F800286D
:106B2000ECD0F0E71220704780F840100A46413060
:106B3000414619F064FCE5E703460A460148194658
:106B4000FFF796BF284500201F295FD82DE9F041A7
:106B500090F8353000EB830382B09E6B0F460446FD
:106B6000904600F13405002E41D028460DF1070172
:106B700007F012FF037823F03F03314643F004038C
:106B8000037011F8022BDBB2C2F3801203F03F0353
:106B900043EA82130370BB1D437005460622023090
:106BA00019F03BFC3A46414605F1080019F027FC74
:106BB00094F86A30DA0707D49DF8073084F8353046
:106BC000002002B0BDE8F08194F8292004EB820295
:106BD0004123D16A0A7802F00F02D340DB07EBD5DC
:106BE0002A462046F0F74CF80028E5D0E9E7284689
:106BF00007F056FEC0B258B994F8353004EB830361
:106C00009E6B0423337006237370AEE71220704727
:106C10000720D6E703460A4601481946FFF794BF06
:106C20002845002010B5134B1348144C05224FF48F
:106C3000DC71FBF731F8124B0322181D2421FBF7FE
:106C40002BF8104B1722181D0821FBF725F802F02E
:106C5000ABFB0D4A0D4B0E49002010601B221A8021
:106C60000C4A03234FF4A47CA4F800C00B701370EB
:106C700010BD00BFC0450020F01E00203A69002072
:106C800080460020C4450020D84700203C690020F1
:106C9000A06A00209F6A00202DE9F0410668334970
:106CA00082B004464FF4DC723046FBF749F804F139
:106CB0006805214608F00AFAE06E01AA2946FBF7AA
:106CC0007FF808B3DFF8B8804FF6FF7798F8C12057
:106CD00098F8C010531CDBB2182B08BF0023994250
:106CE00032D008EBC20128F83270019A4A6012686B
:106CF0000260019A106088F8C130E06E01AA29464E
:106D0000FBF75EF80028E1D1D6F8644106F5B275CC
:106D10004CB10023C6F8643129462046FDF74AFDF0
:106D200002B0BDE8F081124A1249134840F2FC73E8
:106D300012F0A6FD84F31188BFF36F8F032318466A
:106D400002DFD6F86441E4E7094A0C490A484FF4E7
:106D5000FD6312F095FD002383F31188BFF36F8F5D
:106D60000322104602DF1B80FFDE00BFF01E002062
:106D700078220500C0220500581D0500B822050034
:106D8000F046002010B50C46C0B9144B002201217A
:106D900002209C60FBF77AF800B910BD104A114937
:106DA000114840F2A27312F06BFD002383F31188A7
:106DB000BFF36F8F0323184602DF10BD084A0B494B
:106DC000094840F29C7312F05BFD002383F31188A5
:106DD000BFF36F8F0323184602DFD6E76406002057
:106DE000782205002C1F0500581D0500D022050043
:106DF00008B50C4B0022986011460120FBF746F8BD
:106E000000B908BD084A0949094840F2CE7312F09A
:106E100037FD002383F31188BFF36F8F03231846D8
:106E200002DF08BD44060020782205002C1F050063
:106E3000581D050038B5044610F81C3B002B2ED019
:106E4000194D6369A8607BB1184A1949194840F285
:106E5000B77312F015FD002383F31188BFF36F8F12
:106E60000323184602DFA86813490F4B0022C4E928
:106E7000051011460120FBF709F800B938BD0B4A8F
:106E80000E490C4840F2BE7312F0FAFC002383F363
:106E90001188BFF36F8F0323184602DF38BDBDE8AA
:106EA0003840FFF7A5BF00BF540600207822050038
:106EB00058210500581D0500F16D03002C1F050029
:106EC00008B583685A6892F82730DB090FD10B4A5E
:106ED0000B490C4840F2137312F0D2FC002383F3E9
:106EE0001188BFF36F8F0323184602DF08BD0146E8
:106EF000BDE808400831F0F7FFBA00BF782205006E
:106F0000301E0500581D050000B9704710B50C462D
:106F1000FDF776FB844212D0FDF754FB84420ED07D
:106F2000074A0849084840F2D66312F0A9FC00233A
:106F300083F31188BFF36F8F0323184602DF10BD60
:106F400078220500DC220500581D050010B50C460E
:106F5000A0B92046FDF748FB84420ED00F4A1049E5
:106F6000104840F2EC6312F08BFC002383F311888D
:106F7000BFF36F8F0323184602DF10BD074A0A498B
:106F8000084840F2E96312F07BFC002383F3118888
:106F9000BFF36F8F0323184602DFDAE7782205007C
:106FA00030230500581D0500D022050010B50C4601
:106FB000A0B92046FDF70CFB84420ED00F4A1049C1
:106FC000104840F2E26312F05BFC002383F3118867
:106FD000BFF36F8F0323184602DF10BD074A0A492B
:106FE000084840F2DF6312F04BFC002383F3118862
:106FF000BFF36F8F0323184602DFDAE7782205001C
:1070000030230500581D0500D02205000148FAF77D
:1070100069BE00BFC04500200149FAF779BE00BF34
:10702000C045002002494FF4DC72FAF789BE00BF68
:10703000F01E002002464FF4DC710148FAF77CBED6
:10704000F01E002004280DD810B50446224606483C
:107050004FF4DC71FAF770FE038EA34200D110BD2D
:10706000002010BD00207047F01E00200148FAF7F4
:1070700039BE00BF804600200149FAF749BE00BF73
:107080008046002004283FD870B504460E462048AC
:1070900022464FF4DC71FAF74FFE038EA3420546F9
:1070A0001CD11C4A92F821C092F820100CF1010367
:1070B000DBB2042B08BF0023994222D022F83C40C7
:1070C00002EBCC0CCCF8046082F82130037843B991
:1070D00095F94330002B0FDB002070BD6FF01500D9
:1070E00070BD0D4B0022986001210320FAF7CEFEFF
:1070F00095F94330002BEFDA2146284605F090FA47
:10710000EAE76FF0680070BD6FF01500704700BFD0
:10711000F01E0020B4470020740600202DE9F04F37
:1071200085B00428BDF83890BDF83CA0BDF840B04B
:10713000039214D804460D461B4822464FF4DC71D6
:107140001E46FAF7F9FDB0F83080A045074606D193
:1071500075B1022D07D0012005B0BDE8F08F0220E7
:1071600005B0BDE8F08F039BABB902F08BFB0EE0DE
:10717000119B0193CDF800B053464A46314602F0C8
:10718000F9FA0028ECD197F94330002B07DB0020F7
:1071900005B0BDE8F08F039902F084FBF7E74146A4
:1071A000384605F03DFAF2E7F01E002004281ED80C
:1071B00070B504460D460F4822464FF4DC71FAF7CD
:1071C000BBFD038EA342064608D102F065FA38B132
:1071D00003682B6003792B71002070BD022070BD05
:1071E000D6F83E302B6096F842302B71F4E702203F
:1071F000704700BFF01E0020042870B502D9022499
:10720000204670BD05460C4615482A464FF4DC71F1
:10721000FAF792FD038EAB4206461FD11A2C04D812
:10722000042C16D81224204670BD292C01D03B2CEA
:10723000F8D12146304602F015FA04460028DFD185
:1072400096F94330002BDBDA2946304605F0E8F9A1
:10725000D6E7044BE340DB07EBD4E3E70C24CFE7AE
:10726000F01E002020003804042870B515D804460C
:1072700022460E484FF4DC71FAF75EFD068EA642F8
:1072800005460AD1012102F09BF9044618B995F987
:107290004330002B04DB204670BD0224204670BD25
:1072A0002846314605F0BCF9204670BDF01E00208E
:1072B000042870B514D8044622460E484FF4DC71F9
:1072C000FAF73AFD068EA642054609D102F090F97A
:1072D000044618B995F94330002B04DB204670BDF5
:1072E0000224204670BD2846314605F099F9204613
:1072F00070BD00BFF01E0020042825D82DE9F04104
:1073000004460E4617464FF4DC7102461248FAF75F
:1073100013FDB0F83080A04505460FD1D0F84031BC
:107320009B060ED53A46314602F0C8F920B995F9C8
:107330004330002B0ADB0020BDE8F0810220BDE8CD
:10734000F0811A20BDE8F0810220704741462846AE
:1073500005F066F9EFE700BFF01E0020034A044B7A
:1073600012881B8802800B80704700BF3C69002098
:107370003A690020024A034B1080198000207047B0
:107380003C6900203A6900204FF0450CA0F800C08D
:107390004FF42670A2F800C008801880704700BF24
:1073A00004281BD870B504460E4615464FF4DC7110
:1073B00002460B48FAF7C0FC028EA24203460BD1EC
:1073C00090F88240C4F30204347093F88330C3F31E
:1073D00002032B70002070BD022070BD0220704798
:1073E000F01E0020024A034B1070197000207047F5
:1073F000A06A00209F6A00202DE9F043042883B092
:1074000024D80446884617464FF4DC7102461448D7
:107410001E46FAF791FCB0F83090A145054615D10B
:10742000D0F84031DB0516D50124009433463A46A6
:10743000414602F0EFF8044648B995F94330002B75
:1074400005DA4946284605F0EBF800E0022420461C
:1074500003B0BDE8F0831A24204603B0BDE8F083F2
:10746000F01E002004282ED838B504460D461748D3
:1074700022464FF4DC71FAF75FFC038EA34220D161
:10748000438EB0F89621052B0FD801339BB202FB37
:1074900003F30F494FF4FA7202FB03F3A1FB03134A
:1074A000C3F34F332B80002038BD03FB02F20849A1
:1074B00040F2E24303FB02F2A1FB0212C2F34F339C
:1074C000F0E7022038BD0220704700BFF01E002008
:1074D0005917B7D104282ED838B505460C46174899
:1074E0002A464FF4DC71FAF727FC038EAB42844640
:1074F0001FD1438E42F2107202FB04F1052B01F101
:10750000FF310DD801339BB24FF4FA7202FB03F343
:107510001944B1FBF3F189B2ACF89611002038BDE3
:1075200040F2E24202FB03F31944B1FBF3F189B2EA
:10753000F2E7022038BD0220704700BFF01E002095
:10754000FFF770BB2DE9F8431F4FDFF89090DFF88D
:1075500090800025AAB24FF4DC713846FAF7ECFBB4
:107560000446E81C04F11C022146C0B2FDF78CF869
:107570000646B0B110F1780F13D040F221734A469D
:107580004146124812F07CF911483246294612F061
:1075900077F9002383F31188BFF36F8F0323184615
:1075A00002DF01354FF6FF720023052D2286C4F855
:1075B0009430CFD10749084A0B84A2F8C030BDE807
:1075C000F843FFF72FBB00BFF01E0020581D050039
:1075D00084230500B4470020F046002078220500EF
:1075E0006C230500014B1878704700BFA06A00208B
:1075F000014B1878704700BF9F6A00202DE9F84FB3
:10760000DFF8688082468B4617469946002501E0E0
:10761000052D28D0AEB232464FF4DC714046FAF761
:107620008BFB038EB342044605F10105F0D190F8BF
:10763000AA61C6F34003BB42EAD10622494600F2E2
:10764000B11019F08AF80028E2D106F0010656457B
:10765000DED104F2AB100622594619F07EF800285C
:10766000D6D1012000E00020BDE8F88FF01E0020F8
:1076700038B58B6808601D682B780C46A3B16B6920
:1076800073B10C4A0C490D484FF45E7312F0F8F8D0
:10769000002383F31188BFF36F8F0323184602DFA3
:1076A000074BC5E9053438BDBDE838400846FFF74B
:1076B00007BC00BF7822050058210500581D0500B1
:1076C000C16E0300F8B50B68DE88042E30D80C4676
:1076D0000746324618484FF4DC71FAF72DFB038E4B
:1076E000B342054623D102F019F92268137F03F053
:1076F0000303032B08D1012313712268394628465E
:10770000BDE8F84002F01EB953B995F890319B07D7
:1077100003D53D2385F86031226801231371F8BD3C
:1077200095F890319A07FAD53D2385F860312368A2
:1077300001221A71F8BD00BFF01E0020F8B5044602
:10774000008E1D464FF6FF7398420F4616460CD02A
:107750002046C4E94776A4F8245101F0C3FE94F80A
:10776000903113F0010010D1F8BD0B4A0B490C48C1
:1077700040F2BE3312F084F8002383F31188BFF384
:107780006F8F0323184602DFE2E76FF3000384F8EC
:1077900090316FF08B00F8BD782205009C23050026
:1077A000581D05002DE9F0411E4C1F4E94F8212074
:1077B00007461CE0FAF7C0FA0346E0301B8EAB42E6
:1077C00023D1D8F8041001F007FC94F8201094F8A5
:1077D00021204B1C8A4207F1FF30DBB204D0042B7E
:1077E00008BF002384F8203010F0FF0718D094F869
:1077F000203093424FF4DC71304604EBC3080FD0C5
:1078000034F83350042D2A46D4D9D8F804100B7913
:107810006FF301034FF6FF700B71FCF751FED4E7D5
:10782000BDE8F081B4470020F01E00202DE9F04FA4
:10783000414A1468A04206460B4604BF002111606D
:10784000008EA6F86A01182283B0012186F868210B
:1078500086F88031304601F04FFE06F1E0073046F1
:1078600001F05EFE384601F09FFB384601F0D4FB84
:10787000044600283BD00379DFF8D090DFF8C4B08D
:10788000DFF8CCA003F00303032B0CBF0346002357
:1078900003604846FAF726FA06F188080546B8B1AB
:1078A000214642462846FAF779FA384601F0B4FBF9
:1078B0000446E0B1037903F00303032B0CBF034636
:1078C000002303604846FAF70DFA05460028E7D181
:1078D0001A4840F28D735A46514611F0D1FF85F394
:1078E0001188BFF36F8F0323184602DFD8E7328E6B
:1078F000134B00960332D2B201210020FBF718FE91
:1079000010F0FD0F0ED00F4A0F490C4840F2537390
:1079100011F0B6FF002383F31188BFF36F8F0323A9
:10792000184602DF4FF6FF73FF20338603B0BDE831
:10793000F04FFFF737BF00BFD8470020581D0500A4
:10794000856D0300782205003C230500C445002016
:10795000C822050000293BD02DE9F84F4D1EDFF865
:107960007890DFF878B0DFF878A00746EDB200F144
:10797000E00815E0237903F00303032B0CBF234633
:1079800000232360FAF7AEF9064690B1013D07F1F6
:10799000880221463046EDB2FAF700FAFF2D06D0F4
:1079A000404601F039FB04464846002CE2D1BDE8D0
:1079B000F88F084840F2B5535A46514611F060FF1F
:1079C00086F31188BFF36F8F0323184602DFDDE7CC
:1079D000704700BF581D0500C445002078220500EF
:1079E000C822050010B504460120FFF7DBFE204643
:1079F0000121BDE81040FFF7ADBF00BF0149FAF714
:107A000087B900BFC4450020014B93F8C1007047FF
:107A1000F046002000B50A4B93F8C0C093F8C1E0CF
:107A2000F4450BD080F800E033F83C00088003EB0D
:107A3000CC035B68136018685DF804FB0020FBE76B
:107A4000F0460020074B93F8C0C0844508D003EBF4
:107A5000CC0033F83C300B804368136018687047E3
:107A600000207047F0460020094A92F8C01092F8B2
:107A7000C1308B4209D04B1CDBB2182B08BF00234E
:107A800052F8310082F8C03070470020704700BFC4
:107A9000F046002008B5134A92F8C1C092F8C0E041
:107AA0000CF10103DBB2182B08BF00239E4508D060
:107AB00022F83C0002EBCC0CCCF8041082F8C13068
:107AC00008BD094A09490A4840F2F45311F0D8FEAA
:107AD000002383F31188BFF36F8F0322104602DF68
:107AE0001B80FFDEF04600207822050014240500EC
:107AF000581D0500F8B55779144605460E467FB364
:107B0000237903F00302032A0CD04FF6FF7295424B
:107B100004BF6FF30103237121462846BDE8F840F6
:107B2000FCF7CEBC4FF6FF739D4228D133689C42D0
:107B30003CD0002BF0D0204A2049214840F2166367
:107B400011F09EFE002383F31188BFF36F8F032390
:107B5000184602DF21462846BDE8F840FCF7B0BCD5
:107B6000154A1849164840F2016311F089FE87F35F
:107B70001188BFF36F8F0323184602DFC0E72A4640
:107B80004FF4DC711048FAF7D7F8214601F0A8FE4F
:107B90003368A342CDD1042D08D80B482A464FF4B0
:107BA000DC71FAF7C9F8038EAB4200D00020214601
:107BB000BDE8F84001F04ABC782205002824050001
:107BC000581D05001C240500F01E002090F86620BA
:107BD000B0F85C30C2F30212022A14BFDB089B0823
:107BE00090F87E20B0F8580014BF0A3B0B3B9BB2C4
:107BF000D20644BF043B9BB2984228BF1846704748
:107C0000704700BF90F8903143F0020380F8903144
:107C1000704700BF90F890316FF3410380F89031C6
:107C2000704700BF0278838F12B1581E80B2704730
:107C3000C18EB0F824215818104480B2704700BF9C
:107C400010B50B68C0F83E3004463E300B79037126
:107C50000521FAF733FA94F8433060F3050384F80A
:107C6000433010BDB0F87C30B3F5267F28BF4FF409
:107C70002673B3F5A47F4FF4267038BF4FF4A47376
:107C800008801380704700BF00B5B0F86C20B0F8D2
:107C9000661003468A4290F88300B3F86AC028BF92
:107CA0000A4600F00700B3F870101B2A38BF1B22E9
:107CB000042814BF4FF4A4704FF42960614528BF15
:107CC00061468142B3F87AC038BF01468C45B3F8AB
:107CD000760044D09042A3F87A1001D0A3F8762021
:107CE00093F8DD2042F00202012083F8DD20B3F892
:107CF00064C0B3F86E2093F88210B3F868E0624570
:107D000028BF624601F007011B2A38BF1B22042945
:107D1000B3F8721014BF4FF4A47C4FF4296C714572
:107D200028BF71466145B3F878E038BF61468E459B
:107D3000B3F874C017D06245A3F8781001D0A3F847
:107D4000742093F8DD206FF3410283F8DD2093F86F
:107D5000DD200120024383F8DD205DF804FB904222
:107D6000BCD10020C3E76245E9D193F8DD1041EAB8
:107D7000510202F0010221F003010A4383F8DD20E1
:107D80000028E4D15DF804FBB0F86C20B0F8661070
:107D900003468A4290F88300B3F86AC028BF0A46B7
:107DA00000F00700B3F870101B2A38BF1B2204280C
:107DB00014BF4FF4A4704FF42960614528BF614699
:107DC0008142B3F87AC038BF01468C45B3F87600DB
:107DD0000DD09042A3F87A1001D0A3F8762093F842
:107DE000DD2042F00202012083F8DD20704790423E
:107DF000F3D10020704700BFB0F86E20B0F86410D7
:107E000003468A4290F88200B3F868C028BF0A4649
:107E100000F00700B3F872101B2A38BF1B22042899
:107E200014BF4FF4A4704FF42960614528BF614628
:107E30008142B3F878C038BF01468C45B3F874006E
:107E400014D08242A3F8781001D0A3F874204FF028
:107E5000010C93F8DD106046C1F3400242EA0C02C7
:107E600021F003010A4383F8DD2070478242ECD100
:107E700093F8DD10002001F0010CEDE71B2928BF6D
:107E80001B21B2F5A47F064BA0F87E1028BF4FF44B
:107E9000A472A0F87C208366A0F86410704700BF2D
:107EA00048019802F8B5002343678367A0F8803043
:107EB000314B324A1B8812881B2B28BF1B23A0F88A
:107EC0007E30A0F86430452301F00305A0F8663049
:107ED0004FF01B1305F12806C366523590F8833026
:107EE000B2F5A47FC1F340014FEAC6064FEAC505CB
:107EF00028BF4FF4A472CE40CD4003F00703B7B2C1
:107F0000ADB2A0F87C20042B4FF4A4720446A0F874
:107F10006A50A0F87070A0F87270A0F8682020D0A5
:107F2000AF423B4628BF2B46934238BF1346A4F8C6
:107F30007A301B23A4F8763094F8DD3043F0020346
:107F400084F8DD302046FFF757FF94F8DD30AF426C
:107F500043F0010384F8DD3006D0012384F880303B
:107F6000F8BD4FF42963E2E7B6F5A47FF5D1636E5F
:107F7000B3F11B1FF1D1F8BD3C6900203A69002024
:107F8000F8B506460F46154601F040F904460028AC
:107F90003CD02A1F201D092A06D8DFE802F01F2244
:107FA000250505050528052B234A2449244840F2C8
:107FB000DF2311F065FC002383F31188BFF36F8F7B
:107FC0000323184602DFE3797B732146304601F034
:107FD00033F9304604F028F82046F8BD02F0BAFE26
:107FE000F1E702F0CFFEEEE702F0D6FEEBE702F09B
:107FF000DDFEE8E796F8303197F84E101BB1D6F861
:1080000040315B0711D402F0DBFEDCE70A4A0D4980
:108010000B484FF4317311F033FC84F31188BFF334
:108020006F8F0323184602DFB3E70A4697F84D1017
:1080300002F0D2FEC7E700BF34240500301E050061
:10804000581D050018240500F8B505460C4601F03A
:10805000D5F828B9204601F013F90323A372F8BD1F
:10806000042221462846FFF78BFF8368C268C4F8C4
:108070004720C4F843300369C5F8B830A669002327
:10808000A361A6B10323377933712B8EF38006F1F8
:108090001C01204602F046FE2D2F02D00423A372BD
:1080A000F8BD30683146FCF7C5F90423F7E7074A05
:1080B0000749084840F2F62311F0E2FB86F31188E5
:1080C000BFF36F8F0323184602DFDBE7342405007C
:1080D00078240500581D050070B504460D4601F0D2
:1080E0008DF810B90623AB7270BD04F19B063346C0
:1080F000002205F13B0105F12B0008F053FBD4F8F9
:10810000A310C4F8C410D4F8B410D4F8A720C4F84D
:10811000D510D4F8B810D4F89F30C4F8C820C4F8EB
:10812000D91094F8B32094F8D410C4F8C0300023C8
:10813000D4F89B0084F8AB3063F30001C4E9333317
:1081400084F8AC3084F8AD3084F8AE3084F8AF30C9
:1081500084F8B03084F8B13084F8B23042F00103D2
:10816000C4F8BC0084F8D41084F8B3300522294642
:108170002046FFF705FF4FF4C1636B8194F89A30F6
:1081800043F0080384F89A3070BD00BFF0B50C4688
:10819000897A83B0064615460D2900F22C81DFE866
:1081A00001F05E6669959907070C1736393E4F5204
:1081B000002D00F0A18003B0F0BD002DFBD12146C1
:1081C00001F01CF8002840F0C7800723A372F2E7F3
:1081D000022DF0D1A5690023A361002D00F0EE80EF
:1081E00003272F71338EEB80237A052B00F0E1807B
:1081F000062B40F0CF801A232B712146304600F029
:10820000FDFF002840F08D800923A372D3E7002DE5
:10821000D1D1F2E7002DCED10B23A372CBE7072DEE
:10822000C9D1012101F00CF83046FFF7EBFC2146E3
:10823000304600F0E3FF002864D10C23A372BAE7B4
:10824000002DB8D1F3E7082DB5D140F20233638198
:1082500090F89A306FF3041380F89A30ABE7002D52
:10826000A9D1237A062BD7D00223A372A3E7002D2E
:10827000FAD0A0E7012D9ED12946019300F0E0FF3E
:108280003046FFF7BFFC304602F066FA019B5A68A1
:108290009968C4F82510C4F821201A7B84F8292095
:1082A0005A7B84F82A20D3F80E20D3F81210C4F891
:1082B0003F10C4F83B20D3F81630C6F8B43021463E
:1082C000304603B0BDE8F040FFF7BEBE002D7FF49E
:1082D00072AFF4E7032D0CD0042D7FF46CAF0621B0
:1082E00040F20362072384F82010A4F84D20A37203
:1082F00061E70523A3725EE7214603B0BDE8F040C5
:10830000FFF7EABE0B2221463046FFF739FE40F662
:108310000D33638196F89A306FF3C30386F89A3071
:1083200049E7062221463046FFF72AFE304604F090
:1083300049F80023A3720121304600F095FF304632
:10834000FFF768FC304602F00BFA96F89A3043F0DB
:10835000100386F89A302EE70D2221463046FFF7AB
:108360000FFE304604F02EF894F82030062B34D05F
:10837000242B3FF420AF284A2849294840F277337C
:1083800011F07EFA85F31188BFF36F8F032318462F
:1083900002DF10E7204A2149214840F21E3311F044
:1083A0006FFA002383F31188BFF36F8F384602DF23
:1083B00023E705F11C0002F0EFFC1EE7164A1949FD
:1083C000174840F20F3311F05BFA85F31188BFF3C1
:1083D0006F8F0323184602DF02E70121A1723046A6
:1083E00000F042FF3046FFF715FC304603B0BDE811
:1083F000F04002F0B5B9084A0849094840F2D343B1
:1084000011F03EFA002383F31188BFF36F8F03232B
:10841000184602DFCFE600BF34240500301E0500F9
:10842000581D05007824050092F81FC0ACF1030C1C
:1084300002F11C03BCF1080F06D8DFE80CF01205AE
:10844000050F0505050C09003D2380F860317047D4
:108450000822FFF79BBE0722FFF798BE0222FFF714
:1084600095BE0122FFF792BE00230322FFF78EBEC6
:1084700000230422FFF78ABE887AA0F10400B0FA34
:1084800080F04009704700BF13460022FFF77EBE10
:1084900070B591F82C3091F82D20042B0C4603D8A0
:1084A000032B01D0042A0DD91343112113F0070324
:1084B00084F828104FF001050CD184F828300125EC
:1084C000284670BD032A0DD0134313F007034FF065
:1084D0000005F2D0668DFFF7A5FB801B0304EFD4E7
:1084E0002823EAE7112381F828300125F2E700BFAD
:1084F000F0B50E4683B00DF1060201A9B0F8785030
:10850000B0F87A700446FFF7ADFB96F82D20002AEC
:108510005CD196F82C30FBB9B4F87830AB420ED36E
:10852000BDF806209A420AD3B4F87A30BB4206D38B
:10853000BDF804209A4202D3002003B0F0BD94F8A5
:10854000DD30A4F8785043F001030120A4F87A70DC
:1085500084F8DD3003B0F0BD94F9430000281DDB42
:1085600094F8821094F8745001F003032B440D33F7
:10857000DB00C1F34001CB409BB2BDF80650B3F520
:10858000A47F38BF4FF4A4739D4228BF1D4632B369
:10859000002803DA96F82C30002BBDD094F8832005
:1085A00094F87610BDF8047002F003030B440D3309
:1085B000DB00C2F34002D3409BB2B3F5A47F38BFC7
:1085C0004FF4A4739F4228BF1F46A5E794F94300C8
:1085D0000028C5DB96F82C30002BDFD0C0E796F8DA
:1085E0002C30002B98D0002896DAD7E770B58D692B
:1085F00000230C4606468B61002D35D094F82130BF
:10860000DB071ED52B792D2B1ED11D232B71338E0D
:10861000EB8094F828302B7796F88330C3F302036D
:10862000AB7796F88230C3F302036B77286829464C
:10863000FBF700FF94F821306FF3000384F821303A
:1086400070BD01232B71F1E70F4A1049104840F229
:10865000B91311F015F9002383F31188BFF36F8F5D
:108660000323184602DFD0E7074A0A4908484FF4B7
:10867000DB7311F005F985F31188BFF36F8F0323C6
:10868000184602DFBAE700BF7C240500C0240500BD
:10869000581D05007824050070B591F821304D6A09
:1086A0009B070C4603D4CDB101232B710AE006468B
:1086B000ADB103232B71338EEB8005F11C013046E5
:1086C00002F0DAFC28682946FBF7B4FE94F8213062
:1086D00000226FF3410384F82130626270BD074AC3
:1086E0000749084840F2DF1311F0CAF885F31188F2
:1086F000BFF36F8F0323184602DFDAE77C240500FF
:1087000078240500581D0500F8B5CE690C460546CD
:108710004EB300F087FD10B90723A372F8BD00F037
:1087200089FD06466062002834D0637BE669666195
:108730000027172BE76125D01E4A1F491F4840F22A
:10874000C93311F09DF887F31188BFF36F8F0323AE
:10875000184602DF2846314600F06EFD2846BDE887
:10876000F84003F061BC134A154914484FF469738B
:1087700011F086F886F31188BFF36F8F0323184634
:1087800002DFC6E7311D284602F060FB41F6030315
:108790006381DFE7074A0B49084840F2AE3311F026
:1087A0006FF886F31188BFF36F8F0323184602DF3B
:1087B000BBE700BF7C240500301E0500581D0500E6
:1087C000E8240500FC240500F8B5CE690C460546F2
:1087D000002E5AD0637B162B2ED195F94330002BF7
:1087E0002ADBE66966610023E36194F8203095F89E
:1087F000A421C3F3C20363F3C50285F8A42194F84E
:10880000202095F8A43162F3020385F8A43194F88E
:10881000203095F88220C3F3801363F3C302311D27
:1088200085F88220204602F0EDFA0221284600F069
:1088300007FD0223A3721FE000F0F4FC10B9072328
:10884000A372F8BD00F0F6FC0646606260B3637B7D
:10885000E66966610027162BE761C6D01A4A1B49F4
:108860001B484FF4D27311F00BF887F31188BFF354
:108870006F8F0323184602DF2846314600F0DCFCE8
:108880002846BDE8F84001F06FBF0F4A1149104873
:108890004FF4BF7310F0F4FF86F31188BFF36F8FAE
:1088A0000323184602DF95E7074A0B49084840F2C0
:1088B000891310F0E5FF86F31188BFF36F8F032350
:1088C000184602DFC3E700BF7C240500301E050008
:1088D000581D0500E8240500FC24050038B50546B0
:1088E0000C4601F031FF10B10123A37238BD2846B8
:1088F00003F088FB0028F7D12146284600F07EFCD3
:108900000028F1D0284603F07BFB0728ECD028464E
:10891000012103F06FFB28460D2103F06FFB1623A6
:1089200021466373284600F071FCE0612146284629
:10893000BDE83840FFF748BF38B505460C4603F0A0
:108940006BFB10B10223A37238BD2146284600F00C
:1089500055FC0028F6D0284603F052FB0728F1D03A
:1089600028460D2103F04AFB17232146637328464E
:1089700000F04CFCE06121462846BDE83840FFF796
:10898000C3BE00BFF0B591F80AC083B00C460746DD
:1089900015461E46BCF1090F0BD8DFE80CF00505A3
:1089A0001B0A0A0A31747BAF002A00F0BA8003B0B8
:1089B000F0BDA94AA949AA4840F2653310F060FF0A
:1089C000002383F31188BFF36F8F0323184602DF60
:1089D00003B0F0BD032AEAD190F84330DB0940F040
:1089E000D3809D4A9D499E4840F28A2310F048FF5B
:1089F000002383F31188BFF36F8F284602DFD6E789
:108A0000052A00F0B480062A00F09080022ACED118
:108A100090F94330002B0EDB8F4A9249904840F288
:108A2000CB2310F02DFF002383F31188BFF36F8F4A
:108A30000323184602DF0221384603F0DBFA3146F1
:108A4000204602F019FA21463846FFF721FD054677
:108A5000204600F015FC002D40F0B08094F82D3039
:108A60002BB197F8822063F3061287F882203846EC
:108A700001F084FE0823A3720221384603B0BDE84A
:108A8000F04000F0F1BB002A91D103B0BDE8F04006
:108A9000FFF79ABE002A8AD14D8DFFF7C3F8401B1D
:108AA000030484D497F9435097F8820097F88330F1
:108AB00094F82C2094F82D10002D00F0070C03F0F2
:108AC0000706C0F297800021384603F093FA94F825
:108AD0002030002284F82820DB0994F8212063F359
:108AE000000284F8212097F88230C3F3020262F377
:108AF0000613092287F88230A27258E7042A7FF40D
:108B000056AFFFF773FD21463846FFF7C5FD3846DF
:108B100001F0F8FE0021384603F070FA0023A3723A
:108B200045E703B0BDE8F040FFF7D8BE002103F0F1
:108B300061FAD7F840311A2223F48073C7F8403124
:108B400084F82820204600F09BFB94F8213043F065
:108B5000010384F8213097F88230C3F3020262F3F4
:108B60000613092287F882300221A27285E7314676
:108B7000204602F03FF994F84E3084F82830002166
:108B8000384603F037FADDE7374B90F8822093E858
:108B9000030094F82030134302AD03F0070305E906
:108BA000030008336B44022113F8083C63F30612F8
:108BB00041F6060387F8822063815EE7002138468C
:108BC00003F018FA94F828300BB187F8603194F864
:108BD000203094F82120DB0963F3000284F821207F
:108BE00097F88230C3F3020262F3061387F88230EB
:108BF000092340E711F003011FD061F3020012F0D6
:108C0000030287F8820023D062F302038C4587F8C1
:108C100083301AD021463846FFF76AFC94F8213099
:108C200060F3410384F821300021384603F0E2F973
:108C3000002384F8283001234FE712F003023FF4A9
:108C400042AF62F3020387F883309642E2D13AE7FB
:108C50008C45DFD137E700BF7C240500301E0500BE
:108C6000581D050018250500BC110500F0B50C467F
:108C7000897A83B00646154609290BD8DFE801F04A
:108C80001B2059620A0A95ADB605042D00F0E0805C
:108C900003B0F0BD8E4A8F498F4840F20A5310F05E
:108CA000EFFD002383F31188BFF36F8F0323184672
:108CB00002DF03B0F0BD002DEAD10123A372E7E784
:108CC0001946204602F0B4F894F8202096F8A43112
:108CD000C2F3C200C3F3C2010140C3F30203C2F3F3
:108CE0000200034043EAC10322F03F02134384F829
:108CF000203096F94330002B0BDB94F8203013F032
:108D0000380F40F0A18094F8203023F03F0384F81E
:108D100020300221304600F093FA012DB8D196F8A8
:108D20004330DB0907D16A4A6A496B4840F2344351
:108D3000B5E7002DACD12146304603B0BDE8F04088
:108D4000FFF7FABD022DA3D190F94330002B0EDBC3
:108D50005F4A6249604840F2544310F091FD00239D
:108D600083F31188BFF36F8F0323184602DF5C4B38
:108D700096F8822093E8030094F82030134302AD64
:108D800003F0070305E9030008336B44022113F8DD
:108D9000083C304663F30612062386F88220A3724D
:108DA00003B0BDE8F04000F05FBA032D7FF470AF70
:108DB0001946204602F060F821463046FFF768FB6E
:108DC0000546204600F05CFA002D52D094F8283079
:108DD000282B2ED186F860312BE0002D7FF458AF80
:108DE000214603B0BDE8F040FFF78EBC002D7FF4B4
:108DF0004FAF678DFEF716FFC01B03043FF548AF6A
:108E000084F8285096F9435096F8820096F88330FB
:108E100094F82C2094F82D10002D00F0070C03F08E
:108E200007072CDB002294F8213062F3000384F85A
:108E3000213096F88230C3F3020262F3061309224E
:108E400086F88230A27223E75A077FF462AF5AE7AE
:108E50002146FFF7CBFB21463046FFF71DFC30468D
:108E600003F0B0FA0021304603F0C8F80023A372E3
:108E70000EE7304603F0DEF80823A37208E711F08E
:108E8000030118D061F3020012F0030286F8820099
:108E90001BD062F302038C4586F8833012D0214642
:108EA0003046FFF725FB94F8213060F3410301229F
:108EB00084F82130B7E712F00302B3D062F3020363
:108EC00086F883309742EAD1ACE78C45E7D1A9E731
:108ED0007C240500301E0500581D050018250500DE
:108EE000BC11050092F81FC0BCF1110F02F11C0368
:108EF0000FD0BCF1180F12D0BCF1070F0CD010B579
:108F000024230C4680F8603101F0FCFC0023A3729E
:108F100010BD0522FFF736BD0622FFF733BD022242
:108F2000FFF730BD13460022FFF72CBD1346032286
:108F3000FFF728BD00230422FFF724BD10B592F8E7
:108F40001FE0BEF1160F02F11C030BD0BEF1180F8B
:108F50000DD024230C4680F8603103F033FA00234F
:108F6000A37210BDBDE810400122FFF77FBEBDE82F
:108F700010400322FFF77ABE13460022FFF776BEA9
:108F800013460222FFF772BE00230422FFF76EBED3
:108F90000023037043608360C3600361704700BFB8
:108FA000037801330370704703785BB9C3687BB102
:108FB00002691AB1816861B10B6082600023C360ED
:108FC00003617047013BDBB20370002BEED07047AA
:108FD00070474360F1E700BF03783BB100230C30DA
:108FE0000B60436843B1196041607047002304304F
:108FF0000B604368002BF6D101604160704700BFF1
:1090000000230B60836813B1196081607047416071
:1090100081607047406870470346406828B199688E
:1090200002685A60884208BF9A6070474078A0F191
:109030000C00B0FA80F04009704700BF4078A0F102
:109040000800B0FA80F04009704700BF4078A0F1F6
:109050000200B0FA80F04009704700BF4078A0F1EC
:109060001700B0FA80F04009704700BF4078A0F1C7
:109070000100B0FA80F04009704700BF4078A0F1CD
:109080000900B0FA80F04009704700BF4078A0F1B5
:109090000600B0FA80F04009704700BF4078A0F1A8
:1090A0001800B0FA80F04009704700BF4078A0F186
:1090B0000300B0FA80F04009704700BF4078A0F18B
:1090C0000500B0FA80F04009704700BFF8B50646C9
:1090D00008460D46F8F706FE044680B100274560B5
:1090E0000672476187612C223946203017F0AFF9AC
:1090F0004FF47F43FF2262726381A381A7732046EE
:10910000F8BD00BF4078A0F10200B0FA80F040093D
:10911000704700BF4078A0F10200B0FA80F040092B
:10912000704700BF4078A0F10100B0FA80F040091C
:10913000704700BF4078A0F10200B0FA80F040090B
:10914000704700BF4078A0F11800B0FA80F04009E5
:10915000704700BF4078A0F10100B0FA80F04009EC
:10916000704700BF4078A0F10100B0FA80F04009DC
:10917000704700BF4078A0F10900B0FA80F04009C4
:10918000704700BF4078A0F10900B0FA80F04009B4
:10919000704700BF4078A0F10300B0FA80F04009AA
:1091A000704700BF4078A0F10300B0FA80F040099A
:1091B000704700BF38B5456804462DB129462046A2
:1091C000BDE83840F8F7A4BD094A0A490A487023A7
:1091D00010F056FB85F31188BFF36F8F03231846F9
:1091E00002DF656820462946BDE83840F8F790BDA3
:1091F0003025050070250500581D0500024B186834
:10920000003818BF012070479406002010B50448AC
:10921000F8F768FD04460430FEF7F2FC204610BD66
:109220009406002008B50120FBF718F9003818BF94
:10923000012008BDFBF72EB9E030FFF7E1BE00BF0B
:1092400038B590F8563105460C461BB11C4385F8DD
:10925000564138BDE030FFF7A3FE95F856311C4368
:1092600085F8564138BD00BF90F8563123EA010118
:1092700080F8561101B17047E030FFF795BE00BF8E
:1092800038B58569044645B12B792D2B04D02D23A3
:109290002B71A36922691A6038BD084A0849094838
:1092A0004FF4967310F0ECFA85F31188BFF36F8FCB
:1092B0000323184602DFA569E6E700BF3025050055
:1092C0007C250500581D050038B5856904465DB14B
:1092D0002B792D2B00D038BD01232B71A169BDE85E
:1092E00038400868FBF7A6B8074A084908484FF411
:1092F0009D7310F0C5FA85F31188BFF36F8F0323B8
:10930000184602DFA569E3E7302505007C25050046
:10931000581D05008B6913B11A792D2A0BD00B7AD1
:10932000072B15D0CB692BB1D0F85C211A60CB6923
:10933000C0F85C3170471B68D0F858215A608B69BF
:1093400001221A718B69C0F858310B7A072BE9D1C9
:109350004B6A002BE6D01B68D0F858215A604B6A44
:1093600001221A714B6AC0F85831DBE7F8B50D4F8E
:1093700005463846F8F7B6FC044680B1002647603B
:109380000572466186612C223146203017F05FF865
:109390004FF47F43FF2262726381A381A67320464C
:1093A000F8BD00BF8406002010B50A4B052258689E
:1093B0005021F8F771FC084B052258685021F8F746
:1093C0006BFC064BBDE81040586814222C21F8F7BE
:1093D00063BC00BF8C060020840600209406002099
:1093E00038B50446002501F04DFA2046C4E93E5543
:1093F00084F8045102F0DAFFC4F82851C4E9425558
:1094000084F81651A4F81451A4F81851C4F82B513B
:10941000A4F84851C4F83051C4F83451C4F8385154
:10942000C4F83C51C4F84051C4F84451FAF70CF95F
:1094300094F89A3084F85651C4E95001C4E956555D
:1094400023F0180384F89A30A58738BD08460149EF
:10945000F8F75EBC9406002038B5B0F80251034618
:10946000144625B1A9420ED26D1AA0F80251B3F8E4
:10947000122122B191420DD2521AA3F812210023D7
:109480001846237038BD01F0BDF8054658B12B7A57
:109490000A2B03D022236FF07300F2E795F82030F7
:1094A0006FF07300EDE7074A0749084840F20223CE
:1094B00010F0E6F985F31188BFF36F8F0323184688
:1094C00002DFE4E73025050090250500581D050062
:1094D000034B0B44B3FBF1F3A0F81831704700BF06
:1094E000FF59620210B5044602F068FF2046BDE84D
:1094F000104001F0CFB900BF10B5044611B10129E9
:1095000007D010BD02F062FF2046BDE8104001F018
:1095100023BA02F05FFF2046BDE8104001F040BAD8
:1095200070B5D0F85841064634B1206821464468E9
:10953000FAF774FF002CF8D1D6F85C410023C6F886
:1095400058313CB1054D204624682946F8F7E0FB28
:10955000002CF8D10023C6F85C3170BD94060020C1
:1095600090F94330002B14DA70B504460E46032000
:1095700009491546FFF7AAFD014640B180F8206071
:1095800080F82150204601F009F8002070BD0C2021
:1095900070BD0C20704700BF8C06002010B5074935
:1095A00004460120FFF792FD28B10146204600F055
:1095B000F5FF002010BD0C2010BD00BF8C06002060
:1095C00038B504460D4602200849FFF77FFD58B123
:1095D00090F8203065F30003014680F820302046E3
:1095E00000F0DCFF002038BD0C2038BD8C060020C8
:1095F00010B5074904460420FFF768FD28B101466D
:10960000204600F0CBFF002010BD0C2010BD00BF95
:109610008C0600202DE9F0410546884607201049B8
:109620009DF8186017461C46FFF750FDA8B1E300EF
:1096300008F0070803F03803BF0143EA080307F006
:1096400040073B4343EAC613014680F820302846D2
:1096500000F0A4FF0020BDE8F0810C20BDE8F081FF
:109660008C06002038B504460D4601F0F1F920467D
:1096700002F00CFF07490A20FFF728FD38B1014628
:1096800080F82050204600F089FF002038BD0C20D3
:1096900038BD00BF8C06002008B590F94330002B80
:1096A00008DB00F0AFFF20B1037A0B2B0CBF223098
:1096B000002008BD02F0ACFCF5E700BFF8B5D0F81B
:1096C00040319B0601D40020F8BD04460D460C2015
:1096D00008491646FFF7FAFC074648B129462046D6
:1096E0003246FEF7CBFB3946204600F057FFEAE74B
:1096F0000C20F8BD8C06002070B506460D4602F021
:1097000087FC20B1037A053B012B044601D90C20CC
:1097100070BD01463046FEF7AFFE0028F7D029683D
:109720006A68AB68ED68C4F837503046C4F82B104F
:10973000C4F82F20C4F833302146FEF795FE0020F0
:1097400070BD00BF38B5054602F062FC20B1037A57
:10975000053B012B044601D90C2038BD01462846A3
:10976000FEF78AFE0028F7D028462146FEF780FE45
:10977000002038BD2DE9F0470546D0F84001BDF87E
:109780002090099E9A4683078846174632D495F959
:109790004330002B50DB30490820FFF797FC04468C
:1097A000002C56D0237A082B2AD0092B34D1A4F8C8
:1097B00026802785A4F82AA0A4F82C90002E3ED05D
:1097C0003388238773886387B388A387F388E38705
:1097D0003389A4F840307389A4F8423095F94330B6
:1097E000002B12DA2846FDF71DFC0146284602F040
:1097F00017FF0AE018490920FFF768FC0446CFE785
:109800002785A4F82AA0A4F82C902846214600F029
:10981000C5FE0020BDE8F087104A1149114840F20A
:10982000054310F02DF8002383F31188BFF36F8FE9
:109830000323184602DFE8E71A20BDE8F0870A4A4A
:109840004FF0FF33C4E90E23A4F840304FF6FF7306
:10985000C2E70C20DEE700BF8C06002030250500A3
:10986000301E0500581D05000000FFFF08B502F07E
:10987000CFFB28B1007AA0F10C00B0FA80F04009CB
:1098800008BD00BF10B5044602F0C2FB10B1037A58
:10989000092B00D010BD01462046BDE8104002F063
:1098A000D9B900BF38B504460D4602F0B1FB10B17E
:1098B000037A092B00D038BD80F82050014620469D
:1098C000BDE8384002F0CAB908B502F0A1FB28B1E2
:1098D000007AA0F10900B0FA80F0400908BD00BF8D
:1098E00038B505460C4600F08DFE10B14369A34221
:1098F0000ED0284602F08CFB10B14369A34200D081
:1099000038BD224601462846BDE8384002F024BD55
:1099100001462246284600F07FFFEAE710B50446DC
:1099200000F070FE18B10146204600F099FF204675
:1099300002F06EFB014620B12046BDE8104002F067
:1099400023BD10BD2DE9F041537F144605460E4658
:10995000002B3FD0D37F1E2B29D9284600F052FE82
:109960000746284602F054FB0146002F5ED0FA7AE3
:10997000E37F002848D09342C07A51D03A7B002A36
:109980005DD098424ED00A7B002A4BD1072B6DD078
:10999000112B04D14A7B94F820309A4242D02346BE
:1099A000324639462846BDE8F04100F0EBBE444A55
:1099B00052F8232022B104F11C00904760B1E37FEC
:1099C000022BCAD10123224631462846BDE8F04188
:1099D00002F004BDFF23D377284600F013FE28B120
:1099E000E27FC37A9A420DD0037B5BB9284602F02E
:1099F0000FFB002850D0E27FC37A9A4202D0037B4B
:109A0000002BE0D0BDE8F0819342C8D03A7B002A19
:109A1000C5D1072B4DD0112B4BD00D2BBFD0D1E78B
:109A200098421CD11F2385F86031EBE70028C9D08C
:109A3000234632462846BDE8F04102F013BC072B0E
:109A40002CD0112B18D0B3F10D0218BF012298426F
:109A50001FD00B7BEBB9002AA1D02423E3E70A7BBC
:109A6000002ADFD1072B95D0112B98D14B7B94F88E
:109A700020209A42D6D092E77A7B94F82030D21AEE
:109A800018BF0122112804D0087B10B9487B9842E6
:109A9000E1D1002ACCD1C5E7034694E77A7B94F85C
:109AA0002030D21A18BF01220728EDD1002ABFD1D9
:109AB000B8E77A7B94F820309A4283D16FE700BFF1
:109AC0009425050070B505460E46FFF79FFB04463A
:109AD000002862D0337A013B211D0B2B07D8DFE829
:109AE00003F022282E3506060606063B0642324AB9
:109AF00032493348DD230FF0C3FE002383F311887E
:109B0000BFF36F8F0323184602DFE3797373214697
:109B10002846FFF791FB337A0A2B2AD02846BDE866
:109B2000704000F021BE084600F0B0FF1323F3722E
:109B3000EBE7284600F0DEFF0923F372E5E7304645
:109B400001F096F8FF237461F372DEE7084601F036
:109B5000B1F80C23F372D8E7304601F09BF8FF23ED
:109B60007461F372D1E7284601F056FA1523F372B7
:109B7000CBE76B8EB5F89C1140F2E24202FB03F397
:109B800042F2107202FB013101392846B1FBF3F1B8
:109B9000BDE8704089B200F0EDBD074A09490848A8
:109BA000A2230FF06DFE84F31188BFF36F8F0323A0
:109BB000184602DF8EE700BF10260500301E0500A4
:109BC000581D0500182405002DE9F04107460C46F4
:109BD000164602F021FA28B10323A3720025284675
:109BE000BDE8F08121463846FFF708FB054600280E
:109BF000F2D021463846FFF709FB804680B3237A2E
:109C0000013B08F104010B2B07D8DFE803F03846CD
:109C1000064C060606060606063E264A264927483C
:109C200040F25E430FF02CFE002383F31188BFF354
:109C30006F8F0323184602DF98F80730637341469D
:109C40003846FFF7F9FA384602F0EEF90423A3721A
:109C5000002EC4D0384602F0B5FB0023A372BEE745
:109C6000144A174915484FF483630FF009FE88F32F
:109C70001188BFF36F8F0323184602DFBFE7084642
:109C800000F00EFFFF23E372D6E7384601F0DCF95F
:109C9000FF23C4F81480E372CEE7384600F04EFF8D
:109CA000FF23E372C8E7084601F004F8FF23E372DC
:109CB000C2E700BF10260500301E0500581D050034
:109CC0001824050038B50B7A013B0C4605460B2BD2
:109CD0000CD8DFE803F006060B290B0B0B0B0B1B54
:109CE0000B24BDE838400122FFF76EBF174A184920
:109CF000184840F20E530FF0C3FD002383F3118880
:109D0000BFF36F8F0323184602DF38BD02F05AFB02
:109D100094F820300022A27285F8603138BDBDE889
:109D200038400022FFF750BF90F8283143B9012294
:109D3000FFF74AFF0028E8D0012385F8283138BD15
:109D400002F040FB0023A37238BD00BF10260500BF
:109D5000301E0500581D05002DE9F0410C46897A9A
:109D600006461546042900F2F380DFE801F00723D8
:109D70000C1B0300012D4DD0BDE8F081002DFBD15F
:109D80000123A372F8E7002DF6D1237A0A2B74D1B0
:109D9000304602F017FB94F820300022A27286F8B9
:109DA0006031E9E7002DE7D121463046BDE8F041BA
:109DB000FFF788BF022DDFD1DA786272023A122AE9
:109DC0006AD801A151F822F0E19E0300999E030098
:109DD000999E0300999E0300999E0300999E03009B
:109DE000D99E0300999E0300999E0300999E03004B
:109DF000F39E0300999E0300999E0300999E030021
:109E0000999E0300999E0300A99D0300999E03005B
:109E1000B99E0300237A0C2BAED1FDF7EDFF94F829
:109E20002030042140EA03073046FFF71DFAA569F8
:109E30000023FFB2A361002D7BD02B792D2B0ED0F8
:109E40004B4A4C494C4840F281430FF019FD002326
:109E500083F31188BFF36F8F0323184602DF002FAF
:109E60004BD101232B7128682946FAF7E3FA3046D3
:109E700002F0A8FA0023A3727EE73D4A3F493E481C
:109E800040F224530FF0FCFC85F31188BFF36F8F71
:109E90000323184602DF7BE7354A3949364840F24A
:109EA0000D430FF0EDFC002383F31188BFF36F8F98
:109EB0000323184602DF77E7194601F0F5F804217D
:109EC0003046FFF7BDF93046FDF75EFF84F820000D
:109ED0002046FFF7D5F967E7194600F06FFE63E704
:109EE0001946204600F0E2FE08213046FFF7A8F9A7
:109EF0005AE7194600F006FF56E703272F71338E05
:109F0000EB80237A0C2B05F11C080DD0184A1D4953
:109F1000194840F28A430FF0B3FC002383F3118801
:109F2000BFF36F8F384602DF4146304601F0A4F898
:109F300099E70F4A1449104840F27E430FF0A0FC05
:109F400085F31188BFF36F8F0323184602DF74E790
:109F5000074A0B49084840F28A530FF091FC00234E
:109F600083F31188BFF36F8F0323184602DF03E7E3
:109F700010260500C0240500581D050058260500C0
:109F8000301E050074260500782405002DE9F041F7
:109F9000D1F8188000260C4605468E61B8F1000FF6
:109FA00049D00126032788F804702B8EA8F80630C4
:109FB000237A042B08F11C0129D00C2B23D0022B6F
:109FC00017D0284A284940F2AB1328480FF058FC14
:109FD000002383F31188BFF36F8F384602DF0EB181
:109FE000BDE8F081D8F800004146BDE8F041FAF73D
:109FF00021BA637A072B1AD0092B10D0194A1A49B3
:10A000004FF48173E1E7284601F036F8E7E7637A19
:10A010000C2B08D0134A144940F20F13D5E72846F9
:10A0200000F0AEFDDBE7284600F056FED7E72046FD
:10A0300000F052FDD3E7FFF7FDF880460028B1D1CC
:10A04000084A0B4909484FF4C6730FF019FC88F30E
:10A050001188BFF36F8F0323184602DF88F804804E
:10A06000FFDE00BF10260500301E0500581D05004C
:10A070007824050038B50B7A013B0C4605460B2BBE
:10A0800015D8DFE803F006240E321414141414411A
:10A0900014494B7A072B04D0132B02D0242385F8C4
:10A0A0006031284600F02EFC0023A37238BD324AEE
:10A0B000324933484FF413730FF0E2FB002383F36C
:10A0C0001188BFF36F8F0323184602DF38BD4B7A28
:10A0D000072B01D0092BE1D194F82030DB07E0D524
:10A0E00021462846FFF752FFDBE74B7A0C2BD5D1F0
:10A0F0008B6993B321462846FFF748FF284600F0B6
:10A1000001FC0023A37238BD00F0FCFB00221623E3
:10A11000A27285F8603138BD4B7A152B16D0072B0B
:10A12000BCD1D0F8403123F02003C0F8403100F01A
:10A13000E9FB0023A3722846FFF798FB0028B5D15E
:10A1400028460421BDE83840FFF78EB8FDF79CFD96
:10A1500068B9284600F0D6FBEBE7FFF763F8002864
:10A16000C8D1284600F000FB0423A37238BD214665
:10A170002846FFF70BFFECE710260500301E050010
:10A18000581D050070B50E7A731E0C4605460B2B44
:10A1900007D8DFE803F0161D3145060606060661FE
:10A1A000066F534A5349544840F2CF230FF068FBDF
:10A1B000002383F31188BFF36F8F0323184602DF58
:10A1C00070BD00F0C1FA00287FD00123A37270BDDA
:10A1D00000F0BAFA0028F8D121462846FFF70EF819
:10A1E0000028F2D021462846FFF76CFC6369002B5B
:10A1F00008BF0326A67270BD00F0A6FA0028E4D1BD
:10A2000021462846FEF7FAFF0028DED021462846E0
:10A21000FFF758FC6369002B18BF0226A67270BDB9
:10A2200090F828319BBB00F08FFA0028CDD1214651
:10A230002846FEF7E3FF0028C7D021462846FFF74F
:10A2400041FC6269002A4FF001030CBF0322022285
:10A25000A27285F8283170BDFEF7D0FF0028B4D077
:10A2600021462846FFF72EFC1622022384F82020E0
:10A27000A37270BDD0F840319B0602D5FFF7F6FA05
:10A2800068B1284600F03EFB0023A37270BD0C228B
:10A2900000234A728B61BDE87040FFF7EBBE284691
:10A2A00000F052FA002890D121462846FEF7A6FF7A
:10A2B00000288AD004212846FEF7C2FF21462846FE
:10A2C000FFF700FC0323A37270BD21462846FEF76A
:10A2D00095FF00283FF479AF21462846FFF7F2FBAF
:10A2E0006369002B0CBF03230223A37270BD00BF60
:10A2F00010260500301E0500581D050070B50C46DF
:10A30000897A06461546042900F2A380DFE801F0A9
:10A3100003031B280600002D5CD070BD002DFCD16E
:10A32000237A042B00F08780524A534953484FF454
:10A330005F730FF0A5FA85F31188BFF36F8F0323C6
:10A34000184602DF70BD052DE7D1237A032B01D01B
:10A350000A2BE2D121463046BDE87040FFF78ABEA5
:10A36000012DDAD1DA786272023A172A37D801A1C0
:10A3700051F822F02BA40300DFA30300DFA30300A6
:10A38000DFA30300DFA3030021A40300DFA3030076
:10A3900019A40300DFA30300DFA3030011A403003B
:10A3A00055A30300DFA30300DFA30300DFA3030023
:10A3B00007A40300DFA3030055A30300DFA30300EA
:10A3C000FFA30300DFA30300DFA30300DFA3030059
:10A3D00055A303002146BDE87040FFF7D3BE254AD0
:10A3E0002549264840F24F330FF04AFA002383F301
:10A3F0001188BFF36F8F0323184602DFAAE71946BF
:10A4000000F07CFEA6E71946204600F0F3FCA1E729
:10A41000194600F077FC9DE7194600F0FDFB99E72F
:10A420001946204600F054FB94E7124A124913489B
:10A4300040F23633D8E7FEF7F5FE00283FF46DAF63
:10A4400021463046FFF7A2FD304600F05BFAA572C8
:10A4500070BD084A0849094840F29A330FF010FAD3
:10A46000002383F31188BFF36F8F0323184602DFA5
:10A4700070BD00BF10260500301E0500581D0500E8
:10A48000131D0522FFF73ABF02F11C030122FFF75B
:10A4900035BF00BF13460022FFF730BF02F11C0397
:10A4A0000222FFF759BC00BF131D0122FFF754BC65
:10A4B00013460022FFF750BC70B5044606F056F86C
:10A4C00068B1D4F8F85045B1D4F8FC202B68C4F832
:10A4D000F830954208BFC4F8FC30284670BD0546E8
:10A4E0000121032005F0E0FF2A4606460121032052
:10A4F000F7F796FCD4F8F85045B1D4F8FC202B6857
:10A50000C4F8F830954208BFC4F8FC30002EE4D0FF
:10A51000012211460320F7F783FC284670BD00BFD7
:10A5200070B5044606F022F840B1D4F8F850DDB119
:10A5300000220123A4F80221AB7370BD054601215E
:10A54000032005F0B1FF2A46064601210320F7F754
:10A5500067FCD4F8F850002EE9D001221146032000
:10A56000F7F75EFC002DE3D1094A0A490A484FF487
:10A57000F5730FF085F985F31188BFF36F8F03230F
:10A58000184602DF00220123A4F80221AB7370BD3C
:10A590009C260500E4260500581D0500F8B5054673
:10A5A0000C4605F0E3FF40B100232360D5F8FC30F2
:10A5B000F3B11C60C5F8FC40F8BD0646012103203C
:10A5C00005F072FF3246074601210320F7F728FC09
:10A5D0002660D5F8FC3083B11C60C5F8FC40002F24
:10A5E000EAD00122BDE8F84011460320F7F718BC75
:10A5F000C5F8F840C5F8FC40F8BDC5F8F840C5F806
:10A60000FC40ECE770B5054605F0B0FF18B1D5F891
:10A61000F840204670BD04460121032005F044FFA8
:10A620002246064601210320F7F7FAFBD5F8F84049
:10A63000002EEED0012211460320F7F7F1FB204651
:10A6400070BD00BF38B50C460546FFF7DBFF8442FE
:10A650000DD0184A1849194852230FF011F9002358
:10A6600083F31188BFF36F8F0323184602DFA369BA
:10A6700013B11B792D2B07D02846FFF71DFF20466D
:10A68000BDE83840FEF796BD0A4A0D490B485723EE
:10A690000FF0F6F8002383F31188BFF36F8F0323C5
:10A6A000184602DF2846FFF707FF2046BDE838407E
:10A6B000FEF780BD9C260500F8260500581D050004
:10A6C0000C27050038B50546FFF79CFF037A013BD0
:10A6D00004460B2B1BD8DFE803F0060606061A1A01
:10A6E0002A1414061A06014600222846FFF7D2FE55
:10A6F000A37B03B938BD21462846BDE83840FFF7A3
:10A70000A1BF01460022284601F076FAF0E70B4A85
:10A710000B490C484FF4EF730FF0B2F8002383F3AA
:10A720001188BFF36F8F0323184602DFE0E701466D
:10A7300000222846FEF7F6FBDAE700BF9C2605005C
:10A74000301E0500581D050090F80401A0F101001D
:10A75000B0FA80F040097047012380F80431704757
:10A76000002380F804317047B0F81831A0F80231A6
:10A77000704700BFA0F80211704700BF0023A0F887
:10A780000231704738B50C468969054610461A46AD
:10A79000F9B1217A01390B2923D8DFE801F0060647
:10A7A00006062222321D1D06220621462846FFF7F4
:10A7B0006BFEA36923B11B792D2B1CBF0023A36162
:10A7C000A37B03B938BD21462846BDE83840FFF7D2
:10A7D00039BFA3612061DCE72146284601F0B8F9C2
:10A7E000E7E70A4A0A490B4840F249130FF048F8D4
:10A7F000002383F31188BFF36F8F0323184602DF12
:10A80000D7E721462846FEF76DFBD2E79C260500D8
:10A81000301E0500581D050038B50B7A033B0C4669
:10A820000546092B09D8DFE803F0050808080D08DC
:10A83000080508052146FFF723FEA37B002262617D
:10A8400043B938BD2146FEF771FBA37B002262614C
:10A85000002BF6D021462846BDE83840FFF7F2BE6F
:10A8600038B50B7A072B0C46054608D0A37B03B9F5
:10A8700038BD21462846BDE83840FFF7E3BEFEF765
:10A8800059FBF3E70222002380F80021A0F80231EF
:10A89000704700BF38B590F800310446032B1AD832
:10A8A000DFE803F002100F10FFF7ACFE48B1057AA5
:10A8B0002046FFF707FF0A2D14BF0123032384F866
:10A8C000003138BDFFF79EFE0028FAD02046BDE8D3
:10A8D0003840FFF7F7BE084A084909484FF41B7390
:10A8E0000EF0CEFF002383F31188BFF36F8F032395
:10A8F000184602DF38BD00BF9C260500301E05004B
:10A90000581D050010B590F800310446032B0DD8F2
:10A91000DFE803F008020702FFF702FE002384F8D5
:10A92000003110BDBDE81040FFF7FABD074A0849E5
:10A9300008484FF41B730EF0A3FF002383F3118824
:10A94000BFF36F8F0323184602DF10BD9C2605005E
:10A95000301E0500581D050008B590F80031022B87
:10A9600013D000D808BD032BFCD00A4A0A490B4873
:10A970004FF41B730EF084FF002383F31188BFF3A1
:10A980006F8F0323184602DF08BD002380F80031D3
:10A9900008BD00BF9C260500301E0500581D05009F
:10A9A00038B590F800310446032B3AD8DFE803F0BD
:10A9B0000926121320462946FEF7ACFC2846FEF76E
:10A9C000F9FB2046FFF778FD05460028F2D1022367
:10A9D00084F8003138BDFFF76FFD05460028F6D03A
:10A9E00029462046FEF796FC2846FEF7E3FB204664
:10A9F000FFF762FD05460028F2D1E8E7FFF75CFDAE
:10AA000005460028E3D029462046FEF783FC284669
:10AA1000FEF7D0FB2046FFF74FFD05460028F2D198
:10AA2000D5E7084A084909484FF41B730EF028FF80
:10AA3000002383F31188BFF36F8F0323184602DFCF
:10AA400038BD00BF9C260500301E0500581D0500BE
:10AA500038B50546FFF730FD68B104462146284663
:10AA6000FEF758FC2046FEF7A5FB2846FFF724FD1D
:10AA700004460028F2D10024A5F8024121462846C8
:10AA800001F0B8FA85F8004138BD00BF0378012114
:10AA9000122243F0030303704170C270704700BF7D
:10AAA00003780121132243F0030303704170C27045
:10AAB000704700BF0B784FF0020C43F003030722EE
:10AAC0000B7081F801C0CA7090F84C300B71704760
:10AAD0000B7980F84C3070470B784FF0020C43F044
:10AAE000030307220B7081F801C0CA7090F84C3044
:10AAF0000B71704710B50B780C460922082143F002
:10AB00000303E1706270237090F94330002BACBFF7
:10AB10000B460E23E370F8F797FD002261F307025E
:10AB2000C1F3072C0B0C6CF30F2263F317421B0AC3
:10AB300063F31F626060A26010BD00BF38B50C46B1
:10AB40000546F8F781FD237843F0030323700923BA
:10AB50006370E370D5F84031217263F0FF03184051
:10AB6000020C0B0CC0F307252071C1F30721100A5A
:10AB7000A2711A0AE07165716172A372E27238BD46
:10AB80000B78092243F003030B704A70CA70D0E9B6
:10AB90004E23100CC2F3072C0A711A0C81F805C061
:10ABA00088714FEA102C0B72C3F30720130A81F847
:10ABB00007C048728A72CB72704700BF2DE9F0411E
:10ABC0004B68144F8E685A0F82EA137202F001022A
:10ABD0001F400021931849419B18054641F1000888
:10ABE00087EA0374F8F730FD04EA0003C5F8403142
:10ABF00063F0FF0306F0EF063B4046EA0878C5E93C
:10AC00004E3608EA01010122C5F8441185F83021C9
:10AC1000BDE8F0812FCF87F72DE9F0414A68134F47
:10AC20008E68530F83EA127303F00103D91807EA01
:10AC300002074FF000025241C918054642F10004D4
:10AC400087EA0178F8F700FD06F0EF0646EA04749B
:10AC5000C5E94E7608EA00000C400123C5F8400122
:10AC6000C5F8444185F83031BDE8F0812FCF87F732
:10AC70000B784FF0030C43F0030319220B7081F89B
:10AC800001C0CA7090F820300B7190F821304B71E0
:10AC9000704700BF0B78022243F003030B704A7029
:10ACA000CA7090F820300B71704700BF0B7980F8A4
:10ACB000203070470378074AC0F805204FF0060C93
:10ACC00043F0030340F60C51037080F801C0A0F874
:10ACD00003107047F105FFFF0B784FF0060C43F0AF
:10ACE00003030C220B7081F801C0CA7090F82A315E
:10ACF0000B71B0F82B31A1F80530B0F82D31A1F867
:10AD000007307047012380F829310B7980F82A3108
:10AD1000B1F80530A0F82B31B1F80730A0F82D318B
:10AD2000704700BF0B78032243F003034FF0170C6A
:10AD30000B7081F801C0CA70D0F82130D0F82520FE
:10AD40008A604B6090F829300B7390F82A304B736F
:10AD5000704700BF10B503780D21042243F00303B0
:10AD600041700370C270841805F000FC0C2120B102
:10AD70002046BDE8104003F0DBB82046BDE8104097
:10AD800003F0CCB803780121052243F003030370DC
:10AD90004170C270704700BF03780121062243F062
:10ADA000030303704170C270704700BF0378012134
:10ADB0000B2243F0030303704170C270704700BF61
:10ADC000037801714FF0020C43F003030D2203706E
:10ADD00080F801C0C27070470378017143F003032B
:10ADE0004FF0030C0370112380F801C0C37042714F
:10ADF000704700BF0B7980F84D304B7980F84E30AA
:10AE0000704700BF0B784FF0030C43F0030316228A
:10AE10000B7081F801C0CA7090F82030C3F3C203F0
:10AE20004B7190F82030C3F302030B71704700BFE1
:10AE30000A7990F8203062F3C50380F820304A790F
:10AE400062F3020380F82030704700BF0B784FF0A8
:10AE5000030C43F0030317220B7081F801C0CA7082
:10AE600090F8A431C3F3C2034B7190F8A431C3F33B
:10AE700002030B71704700BFCB8843850B7980F8C4
:10AE80002C304B7980F82D30704700BF0B784FF095
:10AE9000180C43F003030F220B7081F801C0CA7035
:10AEA000C38C8B80038DCB80438D0B81838D4B8135
:10AEB00090F834300B73C38EA1F80D30038FA1F8D6
:10AEC0000F30438FA1F81130838FA1F81330C38F57
:10AED000A1F81530B0F84030A1F81730B0F8423082
:10AEE000A1F81930704700BF0B784FF0180C43F0F1
:10AEF000030310220B7081F801C0CA70C38C8B80D1
:10AF0000038DCB80438D0B81838D4B8190F8343042
:10AF10000B73C38EA1F80D30038FA1F80F30438F50
:10AF2000A1F81130838FA1F81330C38FA1F8153029
:10AF3000B0F84030A1F81730B0F84230A1F819301D
:10AF4000704700BF8B88C384CB8803850B894385FA
:10AF50004B8983850B7B80F83430B1F80D30C38684
:10AF6000B1F80F300387B1F811304387B1F81330CF
:10AF70008387B1F81530C387B1F81730A0F8403097
:10AF8000B1F81930A0F84230704700BF0B780022AA
:10AF900043F003034FF00C0CCA700B7081F801C032
:10AFA00090F823300B71036B094AA2FB03239B0A21
:10AFB000A1F80530438DA1F80930038DA1F80730C1
:10AFC000838DA1F80B30838CA1F80D30704700BF42
:10AFD0005917B7D10B7980F82330B1F8053040F21A
:10AFE000E24202FB03F30363B1F809304385B1F891
:10AFF00007300385B1F80B308385B1F80D308384B9
:10B00000704700BFB1F8093003844B68C0F82230A4
:10B010000B7A80F8263070470B784FF0090C43F01C
:10B02000030314220B7081F801C0CA70B0F86630B7
:10B030008B80B0F864300B81B0F86A30CB80B0F808
:10B0400068304B81704700BF0B784FF0090C43F01C
:10B05000030315220B7081F801C0CA70B0F8663086
:10B060008B80B0F864300B81B0F86A30CB80B0F8D8
:10B0700068304B81704700BF0B784FF0090C43F0EC
:10B08000030315220B7081F801C0CA70B0F8763046
:10B090008B80B0F874300B81B0F87A30CB80B0F888
:10B0A00078304B81704700BF8B88A3F11B02E02AE8
:10B0B00022D8B1F808C0ACF11B02E02A1CD830B588
:10B0C000CD88A5F5A47244F2481492B2A24212D8D7
:10B0D0004A8900218E4662F30F0EA2F5A4726CF32A
:10B0E0000F0192B2A24263F31F4165F31F4E9CBF52
:10B0F000C166C0F870E030BD704700BF8B88A3F117
:10B100001B02E02A22D8B1F808C0ACF11B02E02AE9
:10B110001CD830B5CD88A5F5A47244F2481492B27B
:10B12000A24212D84A8900218E4662F30F0EA2F580
:10B13000A4726CF30F0192B2A24263F31F4165F354
:10B140001F4E9CBFC166C0F870E030BD704700BFA5
:10B1500070B58C6900230D4606468B6104B3192334
:10B1600022792371338EE38095F82030237743B919
:10B170002B8DE3836B8D2384AB8D63842D2A09D0C3
:10B1800070BD738EE383B38E2384B6F89C316384E1
:10B190002D2AF5D120682146BDE87040F9F74AB95B
:10B1A000074A0849084840F207130EF069FB84F388
:10B1B0001188BFF36F8F0323184602DFCFE700BF6C
:10B1C0006427050078240500581D0500F8B58C6932
:10B1D00000230D4606468B6194B103232779237122
:10B1E000338EE38004F11C012846FFF74FFE2D2F1C
:10B1F00000D0F8BD20682146BDE8F840F9F71AB93B
:10B20000074A084908484FF459730EF039FB84F394
:10B210001188BFF36F8F0323184602DFDDE700BFFD
:10B220006427050078240500581D050030B5438EBD
:10B230000A8D4C8D8D8D934285B002D1838EA342B1
:10B2400014D0012381F8223002950B6BCDE9002444
:10B250000C7A91F82320898C0391A4F10801B1FAAA
:10B2600081F14909EBF7F8FF05B030BDB0F89C312A
:10B270005B1B18BF0123E5E7F8B5CD6900230C4639
:10B2800007461646CB61002D3FD0291D112E0AD846
:10B29000DFE806F02E0909090909092A090909093F
:10B2A000090909093222234A234924484FF45273D9
:10B2B0000EF0E6FA002383F31188BFF36F8F0323A8
:10B2C000184602DFEB79637329463846FDF7B4FF71
:10B2D000237A092B14D0F8BD084694F8202094F85E
:10B2E0002110FFF779FDEDE72046FFF7E3FBE9E7E3
:10B2F0002046FFF74BFEE5E72046FFF7F5FDE1E7C7
:10B300003846BDE8F84000F08FBEFDF77FFF0546E8
:10B310000028BAD1074A0A49084840F22E330EF0F5
:10B32000AFFA85F31188BFF36F8F0323184602DF4E
:10B33000ABE700BF64270500301E0500581D05005F
:10B340001824050038B58B690C46054673B11F4AB1
:10B350001F49204840F286330EF092FA002383F30F
:10B360001188BFF36F8F0323184602DFFDF762FFDA
:10B370002D23A061037194F834200121002384F867
:10B3800023102363218D4AB1B1FBF2F313FB02F3C7
:10B39000E28C9BB29A429CBF23851946238F8B4235
:10B3A00004D840F2E24202FB03F323632846FCF791
:10B3B00039FCAB8E06331844A0840022214628466F
:10B3C000FFF75AFF4FF60B73638138BD6427050002
:10B3D000B0270500581D05002DE9F0413A4E3368AD
:10B3E00004460D462BB1834203D00123AB72BDE866
:10B3F000F0812046FFF7A8F90028F6D1204600F09A
:10B4000001FE07460028F0D129462046FDF7F6FE4A
:10B410000028EAD02046FCF705FC012180462046A2
:10B4200000F0E8FDA5F83680D5F81C8085F834706A
:10B430003460EF61B8F1000F29D008F1040128460B
:10B44000FFF724FD98F807306B7341462046FDF75F
:10B45000F3FE2B7A092B16D094F84330DB0902D087
:10B4600004236B81C3E7194A19491A4840F29B1318
:10B470000EF006FA002383F31188BFF36F8F0323C6
:10B48000184602DFB3E72046FFF76EF9E4E72946E6
:10B490002046FDF7BBFE80460028CED10B4A0E4960
:10B4A0000C4840F22F130EF0EBF988F31188BFF32C
:10B4B0006F8F0323184602DF04212846FFF7E6FCBE
:10B4C00098F80730FFDE00BFD8470020642705004A
:10B4D000301E0500581D05001824050038B5054626
:10B4E0000C4600F099FD10B10923A37238BD214626
:10B4F0002846FDF783FE0028F6D021462846FDF7B2
:10B5000085FEE061FDF78EFE10B90C23A37238BDF5
:10B5100021462846BDE83840FFF714BF70B50C46F9
:10B520000546FCF77FFBA38CC31A1B0400D570BD36
:10B5300021462846FFF77AFE237A092B15D094F886
:10B540002260E6B92046FDF7BFFEA661284600F05E
:10B5500039FF237A092B05D10D4B1A68954204BF98
:10B5600000221A600023A37270BD284600F062FD1D
:10B57000237A092BE3D194F82030002BDFD000236D
:10B5800084F8203021462846FFF7E2FDDEE700BFC1
:10B59000D847002070B506460C4600F03DFD10B1BE
:10B5A0000623A37270BD054621463046FDF726FEF0
:10B5B0000028F5D0112221463046FFF75DFE3046C7
:10B5C00000F000FF237A092B04D1044B1A6896423D
:10B5D00008BF1D600023A37270BD00BFD8470020C4
:10B5E00070B5204A136806460C468BB183420FD0D3
:10B5F00002238B7200F010FD054620B9214630462B
:10B60000FDF7FCFD08BB2046BDE87040FDF738BEE5
:10B61000218D738E16609942628DA08D06D02146D1
:10B620003046FFF7D3FD0423A37270BDB38E93425F
:10B63000F5D1B6F89C318342F1D12046FDF744FEA6
:10B6400000220523A261A37270BD4FF472632146EC
:10B6500023843046FFF79EFF2046FDF735FEA561A7
:10B6600070BD00BFD847002070B50C46897A0646E9
:10B6700015460C2900F2A980DFE801F00B17464EB1
:10B68000586273A77A848B9F0700002D00F0AD806D
:10B6900070BD002DFCD1237A082B00F0C980092B46
:10B6A00040F0B7800123A37270BD012DF0D119467F
:10B6B0002046FFF747FCE38C228DA08D618D94F826
:10B6C0003450052B17D9B2F5486F14D8934212D8CD
:10B6D000B1F5FA7F0FD2A0F10A039BB240F6764C87
:10B6E000634508D84B1C9BB202FB03F3B3EB800FFE
:10B6F00001D2AA420AD240F61E7323842146304664
:10B70000BDE87040FFF746BF012DC1D82146304645
:10B71000BDE87040FFF764BF002DB9D1FDF782FD91
:10B72000002840F0C7800323A37270BD032D67D0AB
:10B73000042DADD10F22062384F82120A37270BD01
:10B74000002DA5D190F94330002B5CDA94F820301D
:10B7500083B10F2384F821302146BDE87040FFF704
:10B7600019BF002D94D12146BDE87040FFF712BFEC
:10B77000002D8DD1304600F04FFC00285BD008230F
:10B78000A37270BD002D83D12146BDE87040FFF744
:10B79000A5BE022D7FF47CAF90F84320C2F3C01108
:10B7A000D20956D184F84C1000F036FC054600282A
:10B7B00000F089800D23A37270BD002D7FF468AF67
:10B7C0002146BDE87040FFF7A9BE504A5049514894
:10B7D00040F251530EF054F8002383F31188BFF365
:10B7E0006F8F0323184602DF70BDFDF71BFD002895
:10B7F0003FF44EAF21463046BDE87040FFF7A2BD92
:10B800000523A37270BDA5612146BDE87040FFF716
:10B8100065BE3E4A3E493F4840F2F2330EF030F8F2
:10B8200085F31188BFF36F8F0323184602DF70BDC5
:10B830000A23A37270BD21463046FDF7DFFC0028C5
:10B840009DD0102221463046FFF716FD0A23638162
:10B8500070BD19462046FFF7BDFB218D628DA58D79
:10B860008B1F9BB240F67A4083422AD8B2F5FA7F0A
:10B8700027D2A5F10A039BB240F67640834220D836
:10B88000531C9BB201FB03F3B3EB850F19D2304677
:10B89000A58CFCF7C7F92B1A9BB247F6FE729342B0
:10B8A00029D9282386F86031304600F08BFD00232B
:10B8B000A37270BD21463046FFF788FC0423A372B3
:10B8C00070BD1E23EEE721463046FDF797FC0028A9
:10B8D0003FF470AF072221463046FFF7CDFC3046DB
:10B8E00000F070FD237A092BE1D10B4B1A689642C8
:10B8F000DDD11D60DBE72046FDF7C2FC0B23A37200
:10B9000021463046BDE87040FFF708BE64270500B9
:10B91000301E0500581D0500D8470020F8B50C461C
:10B92000897A06461546062908D8DFE801F0172B64
:10B93000070733640400002D65D0F8BD7F4A8049B5
:10B9400080484FF43E730DF09BFF002383F3118872
:10B95000BFF36F8F0323184602DFF8BD002DECD133
:10B96000237A092B10D0754A754976484FF4F57340
:10B970000DF086FF85F31188BFF36F8F0323184600
:10B9800002DFF8BD002DD8D121463046BDE8F84091
:10B99000FFF722BD032D00F08D80042D00F0928072
:10B9A000022DCAD119462046FFF714FB228D608D67
:10B9B000B4F82CC0931F9BB240F67A418B4244D816
:10B9C000B0F5FA7F41D2ACF10A039BB240F6764162
:10B9D0008B423AD8431C9BB202FB03F3B3EB8C0FB0
:10B9E00033D22946304600F005FB2046FDF748FCDF
:10B9F0000623A372F8BD002D9FD1FEF7A5FE60B30C
:10BA00000523A372F8BDFCF70DF9A38CC01A03043B
:10BA100093D42946304600F0EDFA21463046FFF730
:10BA200005FC237A092B58D094F82250002D5ED1C2
:10BA30002046FDF749FCA5613046FEF763FF237AF7
:10BA4000092B2CD00023A372F8BD0021304600F052
:10BA5000D1FA1E2386F86031EEE721463046FDF725
:10BA6000CDFB0028CCD02946304600F0C3FAE76968
:10BA7000E561002F43D094F8202094F82110381D60
:10BA8000FFF7AAF9FB79637339463046FDF7D4FB1B
:10BA9000237A092BD0D13046FEF766FECCE796F923
:10BAA0004330002B25DB284B1A689642CAD100226E
:10BAB0001A60C7E75B7984F8203021463046FFF7EB
:10BAC00047FBB9E7D0F840311A2223F00203C0F84F
:10BAD0004031214684F82020F0E73046FEF74EFE44
:10BAE000237A092BA0D194F82030002B9CD000237E
:10BAF000E1E73046FDF7E8FE0028D4D0A2E7214672
:10BB00003046FDF783FB07460028B4D10B4A0F49A6
:10BB10000C4840F22F130DF0B3FE85F31188BFF3EC
:10BB20006F8F0323184602DF042094F8202094F836
:10BB30002110FFF751F9EB79FFDE00BF6427050004
:10BB4000301E0500581D0500D847002018240500A8
:10BB500010B592F81FC082B0044602F11C03BCF17C
:10BB6000110F0AD8DFE80CF02C0909090909092589
:10BB700009090909090909091E17242380F86031F8
:10BB80000191FEF7BFFE01990B7A092B1FD000230C
:10BB90008B7202B010BD0322204602B0BDE81040F7
:10BBA000FFF7BCBE0122204602B0BDE81040FFF7FF
:10BBB000B5BE0422204602B0BDE81040FFF7AEBE7D
:10BBC0000222204602B0BDE81040FFF7A7BE94F95C
:10BBD0004330002B06DB074B1A689442D7D1002272
:10BBE0001A60D4E720460191FDF76EFE0199002806
:10BBF000F1D0CCE7D847002013460022FFF78EBED5
:10BC000070B5D57F02F11C0335B10F2D09D1BDE808
:10BC100070400122FFF728BDBDE870400222FFF707
:10BC200023BD24230E4680F86031044600F0CAFB91
:10BC3000337A092B05D1044B1A68944204BF0022C1
:10BC40001A600023B37270BDD8470020134600224B
:10BC5000FFF70ABD00230322FFF706BD00230422DD
:10BC6000FFF702BD70B5D37F012B05460C4607D008
:10BC7000242380F8603100F0A5FB0023A37270BD7F
:10BC80008B7A012B12D013F0FD0FF8D0154A16490C
:10BC9000164840F227130DF0F3FD002383F31188BB
:10BCA000BFF36F8F0323184602DF70BD02F11C0142
:10BCB0002046FFF7A7F92846268CFBF7B3FF361A74
:10BCC000B6B247F6FE739E4202D80223A37270BD3D
:10BCD000282385F86031284600F074FB0023A37206
:10BCE00070BD00BFD0270500301E0500581D05009F
:10BCF00038B58B7A012B12D0022B0C4610D00BB327
:10BD0000124A1349134840F227130DF0B9FD0023DE
:10BD100083F31188BFF36F8F0323184602DF38BD0A
:10BD20000546FBF77FFF238CC01A0304F7D404F108
:10BD300022012846FBF784FF284600F043FB00233E
:10BD4000A37238BD01238B7238BD00BFD027050018
:10BD5000301E0500581D050038B5D0F808318B425B
:10BD600004460D4623D01C4A1C491D4878230DF07B
:10BD700087FD002383F31188BFF36F8F03231846D9
:10BD800002DFAB6913B11B792D2B15D0D4F8083124
:10BD900043B1D4F80C111A68C4F80821994208BFBD
:10BDA000C4F80C212846BDE83840FDF703BA8B697A
:10BDB000002BE8D10B46ECE7074A0A4908487D23E7
:10BDC0000DF05EFD002383F31188BFF36F8F032313
:10BDD000184602DFDAE700BF18280500F82605003C
:10BDE000581D05000C27050038B5D0F808512B7AEE
:10BDF000013B04460B2B28D8DFE803F006060606B5
:10BE000018181D131306220600222946FEF750FBC0
:10BE1000AB7B2BB129462046BDE83840FFF79CBFDD
:10BE200038BD00222946FFF711FFF1E7002229461D
:10BE3000FCF72AFBECE700222946FDF79DF8E7E72F
:10BE400000222946FFF754FFE2E7084A084909485B
:10BE50004FF4E7730DF014FD002383F31188BFF353
:10BE60006F8F0323184602DFD2E700BF18280500B2
:10BE7000301E0500581D050070B5D0F80851044665
:10BE80001DB394F81431012B03D1022384F810312F
:10BE900070BD29462046FDF7B1F90028F5D02946A6
:10BEA0002046FDF7B3F90646F0B1311D2846FEF7EE
:10BEB00001FEF3796B7331462046FDF7BDF901238E
:10BEC000AB73002384F8103170BD0F4A0F4910483E
:10BED00040F216230DF0D4FC85F31188BFF36F8F69
:10BEE0000323184602DFCCE7074A0A4908484FF403
:10BEF000EF730DF0C5FC86F31188BFF36F8F03233A
:10BF0000184602DFD1E700BF18280500E426050027
:10BF1000581D05001824050070B5D0F808510446D6
:10BF2000ADB394F81431012B03D1012384F81031FF
:10BF300070BD29462046FDF761F90028F5D0294655
:10BF40002046FDF763F9064600283CD02046FEF760
:10BF500059FB2A7A037A934206F1040026D0082B73
:10BF600026D02A2194F830311BB1D4F840315B0738
:10BF700023D4FEF725FFF3796B7331462046FDF796
:10BF80005BF90123AB73002384F8103170BD154AAF
:10BF90001549164840F206230DF072FC85F311880E
:10BFA000BFF36F8F0323184602DFBAE72321D9E7D7
:10BFB000092A14BF2A212321D4E70A4694F817112D
:10BFC000FEF70AFFD7E7074A094908484FF4EF731D
:10BFD0000DF056FC86F31188BFF36F8F03231846CC
:10BFE00002DFB3E718280500E4260500581D050008
:10BFF0001824050080F81611704700BF704700BF75
:10C000000020704790F81501003818BF01207047D4
:10C01000D0F80801704700BF90F81401A0F10100AA
:10C02000B0FA80F040097047B0F81831A0F812312A
:10C03000704700BF0023A0F81231704738B5D0F820
:10C040000841A4B10546D5F80C212368C5F808318C
:10C050009442214608BFC5F80C312846FDF75AF92D
:10C060002046FDF7A7F8D5F80841002CEBD138BDE4
:10C07000022938B5054612D004290C460AD00129F8
:10C0800000D038BDD0F80831002BFAD0BDE83840D8
:10C09000FFF7AABEFFF7D2FF85F8104138BDD0F8F0
:10C0A0000841002380F815313CB100230122A5F896
:10C0B0001231A27385F8103138BD074A0749084884
:10C0C00040F229230DF0DCFB84F31188BFF36F8F5E
:10C0D0000323184602DFE8E718280500E4260500D8
:10C0E000581D0500F8B590F8103104460E46154667
:10C0F000052B00F29F80DFE803F00E1607030B0309
:10C10000BDE8F840FFF7B4BFBDE8F840FFF7B4BEA4
:10C1100003290CD0F8BD71B10429FBD1FFF78EFFC4
:10C1200084F81061F8BDBDE8F840FFF7F5BE0023C4
:10C1300080F81031F8BDD0F80871002FEAD03B7AB2
:10C1400090F816C190F843E0112B11D8414A012113
:10C1500001FA03F0024052B30A2B21D0C3B184F894
:10C1600015612046FFF740FE032384F81031F8BD27
:10C17000394A3A493A486B230DF082FB002383F396
:10C180001188BFF36F8F0323184602DF3B7AE3E782
:10C19000EB7F87F84C302046BDE8F840FFF76CBED7
:10C1A0002046FFF721FE052384F81031F8BD10F476
:10C1B000386FDDD00A2BF3D0002BE9D0BCF1000F93
:10C1C00001D10E46CBE71EF0800F12D1BCF1010F5A
:10C1D00022D0BCF1020F9DD12046FEF713FA3B7A24
:10C1E000027A9A4222D0082A1ED02A2384F860318B
:10C1F000F8BDBCF1010FECD12046FEF703FA08B1FF
:10C20000FF22C272012384F815312046FFF7ECFDAE
:10C21000032384F81031F8BDEB7F84F817312046F2
:10C22000BDE8F840FFF778BE092BDED1232384F860
:10C230006031F8BD084A094909484FF443730DF0CD
:10C240001FFB002383F31188BFF36F8F032318466E
:10C2500002DFF8BD7FF4030018280500301E05003A
:10C26000581D050038B50C468969054610461A4622
:10C27000237AF1B10C2B57D8DFE803F00D0707073D
:10C28000073C3C484242074E070021462846FEF73D
:10C2900005F9A16921B10B792D2B1CBF0023A361E6
:10C2A000A37B2BB121462846BDE83840FFF754BD9B
:10C2B00038BDA26120610C2B36D801A151F823F0C2
:10C2C00025C303008BC203008BC203008BC2030093
:10C2D0008BC20300F5C20300F5C203000DC30300C7
:10C2E00001C3030001C303008BC2030019C3030091
:10C2F0008BC2030021462846FCF796F8A169C9E7DE
:10C3000021462846FFF77CFCA169C3E72146284661
:10C31000FCF714FEA169BDE721462846FFF7A2FC01
:10C32000A169B7E71146B5E7084A094909484FF43A
:10C33000A1730DF0A5FA002383F31188BFF36F8F6B
:10C340000323184602DFA169A4E700BF18280500EF
:10C35000301E0500581D050038B50B7A072B0C461A
:10C3600005460ED00C2B01D1FEF79EF8A37B0022D0
:10C3700062612BB121462846BDE83840FFF7ECBC8E
:10C3800038BDFCF7FDFDF1E738B50B7A072B0C46FD
:10C39000054608D0A37B2BB121462846BDE838408E
:10C3A000FFF7DABC38BDFCF7EFFDF3E7042200230A
:10C3B00080F81021A0F81231704700BF002201213F
:10C3C000FFF790BE00220221FFF78CBE002203215E
:10C3D000FFF788BE00220421FFF784BEF0B50446B3
:10C3E00083B00E4615467BB1D37F1B2B31D8DFF8C7
:10C3F00098C090F843100CEB4307C9097F781AB234
:10C4000001238B403B402BD11846FCF7AFFF07467A
:10C41000E8B100230360D4F80C31E3B11860C4F82C
:10C420000C012A4600212046FFF75CFEBB7B1BB1B6
:10C4300039462046FFF790FCD4F8081139B12B4655
:10C440003246204603B0BDE8F040FFF70BBF03B013
:10C45000F0BD0023D8E7C4F80801C4F80C01E0E7F8
:10C460001CF812300A2BCFD10193FFF7E7FD002211
:10C47000A4F8122184F8152184F810212046FEF733
:10C48000E7FA019BC0E700BF6028050010B504462D
:10C49000FFF7D4FD0023A4F8123184F8153184F895
:10C4A000103110BD10B50C4630B994F884316FF3DB
:10C4B000000384F8843110BD0A4A0B490B4840F24E
:10C4C000A2230DF0DDF9002383F31188BFF36F8FF2
:10C4D0000323184602DF94F884316FF3000384F8D5
:10C4E000843110BD98280500E0280500581D05007E
:10C4F00000B9704708B5084A0849094840F29A232C
:10C500000DF0BEF9002383F31188BFF36F8F03236F
:10C51000184602DF08BD00BF98280500D02205009C
:10C52000581D0500012800D0704710B50C46F8F7DB
:10C5300049F884420ED0084A0849094840F292233B
:10C540000DF09EF9002383F31188BFF36F8F03234F
:10C55000184602DF10BD00BF98280500F42805002A
:10C56000581D05002DE9F843099C9DF820900546CB
:10C57000208E4FF6FF71884225D0294620469046EE
:10C580001F46FBF7DBF8F0B926780136F6B22670C5
:10C590005EB31D491D4B0F8104F11C000022C860D1
:10C5A000C1E9005881F80A90996001201146F5F719
:10C5B0006DFC50B9FF20FBF7F5F82046FF21BDE8E0
:10C5C000F843FBF7C7B9BDE8F883114A114912488F
:10C5D0004FF413730DF054F9002383F31188BFF364
:10C5E0006F8F0323184602DFE4E7094A0B490A4824
:10C5F00040F23F230DF044F986F31188BFF36F8FAB
:10C600000323184602DFC4E7744E00209C06002076
:10C61000982805000C1E0500581D0500FC2105008A
:10C62000438F43B110B590F8843113F0010488B002
:10C6300002D008B010BD7047124A43F0010380F8E1
:10C64000843103310123CDE90442CDE90243069050
:10C65000CAB2CDE90044234603212046F6F750FF35
:10C6600010F0FD0FE5D0084A0849094840F20523BB
:10C670000DF006F984F31188BFF36F8F032318467A
:10C6800002DFD6E7A5C40300982805003C23050077
:10C69000581D050038B50C461546FAF7D3FC48B1CD
:10C6A0001CB1BDE83840FDF74DB82946BDE838401B
:10C6B000FDF722B8022038BD38B50C461546FAF70A
:10C6C000C1FC58B190F94330002B05DA2A462146C7
:10C6D000BDE83840FCF744BF0C2038BD022038BD0F
:10C6E000064B074A10B41F204FF0FF3425211C6071
:10C6F000187111705DF8044B704700BF844E002024
:10C70000A16A002030B5044600789DF80C5002FB69
:10C7100001111F4A014482FB01020A44521102EB3B
:10C72000C20002EB80028A1AD0B2C1082070595CA4
:10C7300002F0070241FA02F212F001021FD1B0FB2F
:10C74000F5F405FB1404E4B25D1E1046043300F159
:10C75000080E15F8011F5FFA8EFE024611F0010F58
:10C7600002F1010C4FEA510102D04CB1013CE4B29C
:10C770005FFA8CF27245F1D110469D42E7D130BD8F
:10C78000C11D891AC9B207291046F6D830BD00BFAD
:10C79000A7C867DD4288008850407047F0B5344D27
:10C7A000344C48404FF0030C060A5FFA80FE0EEB53
:10C7B0008E2E06EB862004EA401705EA400605EABD
:10C7C0004E0004EA4E1E3E4340EA0E0000EB0027F6
:10C7D00006EB062E06EB0E2600EB0720360CC0F308
:10C7E000074040EA062000EB00100CF1FF3C084433
:10C7F0001CF0FF0C80B2D7D141401F48A0FB014084
:10C800000C1A00EB5400400900EBC00400EB84005C
:10C81000081AC0F3C40400F00705145D2C41E407B6
:10C82000C0B21CD401FB03F3561EC3F3074304320A
:10C83000604600F1080516F801CFEDB201461CF084
:10C84000010F01F101044FEA5C0C02D043B1013B3E
:10C85000DBB2E1B2A942F2D108469642E9D1F0BD7D
:10C860000730401AC0B207280846F6D8F0BD00BF0E
:10C8700010210200408408004D91CFBA1A491B488C
:10C880002DE9F0410023451EA1F1020C012606E02E
:10C890000133082B01F1060100F1280022D003EB3F
:10C8A000830215F83220D407F2D59CF800409CF89A
:10C8B00001E0D0F80080C2F3801206FA03F79A4034
:10C8C00001333C434EEA020287888F80082B8CF8A4
:10C8D00000408CF8012001F1060141F8068C00F1BE
:10C8E0002800DCD1BDE8F081924E00207D4F002071
:10C8F0002048214A2DE9F047204FDFF884800023AB
:10C90000951EA0F1020C012615F83310C90706FA8E
:10C9100003F926D53C7812F8011C4CB1072901EB2C
:10C92000810405D818F834104C0701D5C90618D56C
:10C9300015F833109CF801E09CF80040D2F800A0F4
:10C94000C1F3400199404EEA010144EA0904B2F8FA
:10C9500004E08CF800408CF80110A0F804E0C0F866
:10C9600000A00133082B00F1060002F10802CBD130
:10C97000BDE8F087FE500020BE500020A36A0020D2
:10C980007C4F00200820704738B50020FAF726F8C1
:10C99000C8B90E4C0E4D621E14F83030072B03EB55
:10C9A000830105D815F831306FF3451305F83130A0
:10C9B00012F830306FF3000302F8303001300828ED
:10C9C000EAD1002038BD0C2038BD00BFBD5000208A
:10C9D0007C4F00202DE9F04F804683B00020F9F70E
:10C9E000FDFF002875D198F80030FF2B054663D075
:10C9F0003D4E08F101094FF0FF0A0446B71E03F04F
:10CA0000010B06E059455AD00134082C06F10806FE
:10CA10000FD017F83420C2F34001D207F2D4BAF194
:10CA2000FF0F08BF5FFA84FA0134082C06F10806EC
:10CA3000EFD1BAF1070F52D817F83A2063F3410249
:10CA400007F83A20022314FB0A34D8F801303B518E
:10CA50003C44B9F80430A38098F800B0234C0BF0A4
:10CA6000010B661E04E00135082D04F1280434D0C2
:10CA700005EB85034FEAC30816F83330C3F3801281
:10CA8000DB07F0D55A45EED120460622494613F081
:10CA900064FE0028E7D116F8083043F0200306F8BA
:10CAA0000830EDB217F83A3007EBCA0243F0010341
:10CAB00007F83A305570002003B0BDE8F08F3046DB
:10CAC00006224946019313F048FE019B00289BD1A2
:10CAD000F1E70C2003B0BDE8F08FFF25E2E7072067
:10CAE00003B0BDE8F08F00BFBE5000207D4F002096
:10CAF0002DE9F04106460020F9F770FFC8BB96F813
:10CB00000080B8F1FF0F04462ED01B4D0136AF1E3A
:10CB100008F0010804E00134082C05F1080525D0CF
:10CB200017F83430C3F34002DB07F4D54245F2D1A5
:10CB300006222846314613F010FE0028EBD107EB01
:10CB4000C4035B78072B08D80C4A03EB830312F865
:10CB5000331060F3451102F8331017F834306FF3D7
:10CB6000000307F834300020BDE8F0810220BDE862
:10CB7000F0810C20BDE8F081BE5000207C4F0020E9
:10CB800007282DE9F8430446884615461BD81D4E54
:10CB900004EB84034FEA840916F8333013F00107DD
:10CBA00021D0A144012216F83930C3F3801388F84C
:10CBB0000030282313FB0423F218F3582B609388CA
:10CBC000AB80BDE8F883104A104911484FF48C73CC
:10CBD0000CF056FE002383F31188BFF36F8F0323FD
:10CBE000184602DFD3E7084A0A49094840F21913F8
:10CBF0000CF046FE87F31188BFF36F8F03231846AE
:10CC000002DFCEE77C4F00202429050068290500BB
:10CC1000581D0500742905000820704710B5002034
:10CC2000F9F7D0FE88BB1A4B1A4C197893F82820D4
:10CC3000207060F3000160F30002197083F828206F
:10CC400093F8501093F8782060F3000160F300022D
:10CC500083F8501083F8782093F8A01093F8C82038
:10CC600060F3000160F3000283F8A01083F8C8208D
:10CC700093F8F01093F8182160F3000160F30002BC
:10CC800083F8F01083F8182110BD0C2010BD00BFF0
:10CC90007C4F0020A26A00202DE9F04F83B083462C
:10CCA0000020CDF800B0F9F78DFE002856D11BF812
:10CCB000012BDFF83481019202F00103044608F1F0
:10CCC000FF391E4604E00134082C08F1280841D041
:10CCD00004EB840209EBC20519F83270FB074FEA36
:10CCE000840AC7F38012EED5B242ECD14046062248
:10CCF000594613F032FD0028E5D13E467607019AE9
:10CD000007462FD4354D02F00108AE1E04E001376E
:10CD1000082F05F1080512D016F83730C3F340028A
:10CD2000DB07F4D54245F2D106222846594613F0D6
:10CD300014FD0028EBD106EBC706FF237370A24455
:10CD4000002019F83A306FF3000309F83A3003B0C5
:10CD5000BDE8F08F022003B0BDE8F08F0C2003B0D7
:10CD6000BDE8F08FDFF884C09CF800305E1E023B07
:10CD7000062BF6B203D895F81780B04502D18CF88F
:10CD80000060BFE7164A019002EB061302EB08129F
:10CD900015460FCBDFF858E085E80F003D4605EB60
:10CDA000850309EBC30219F83330D80705D55907B5
:10CDB00003D59EF81730B34207D00135082D0EF188
:10CDC000280EECD1009B1A78D9E7009B82F81780D7
:10CDD0001A78044B03F80850D1E700BFBE5000207A
:10CDE000FC4E0020F44E00207D4F0020A26A00205F
:10CDF0007C4F00202DE9F8431D465B7903F0C0030A
:10CE0000402B01D0BDE8F8830F46F1B1DFF8A890C0
:10CE1000002400F0010609F1FF3804E00134082C79
:10CE200009F12809EED004EB840318F83330D90750
:10CE3000C3F38012F2D5B242F0D1062248463946F9
:10CE400013F08BFC0028E9D1E2B2072ADAD8DFF828
:10CE50006C8002EB820318F83330DB07D2D502EB8B
:10CE60008202D40004F11803286848F8030008EB94
:10CE70000309AB88A9F80430002601E0052EC1D0D3
:10CE8000B0B2FAF7DFF8013606224946054600F24D
:10CE9000B1170028F2D0384613F05FFC0028EDD11E
:10CEA000013408EB040358F80420C5F8B1219B882D
:10CEB000A5F8B531A6E700BF7D4F00207C4F0020CC
:10CEC0002DE9F84F82461A4E1AF8018B8946002444
:10CED00008F00108771E03E0082C06F128061BD095
:10CEE00004EB8402D50017F83230C3F38012DB075D
:10CEF00004F10104F0D54245EED1062251463046F8
:10CF000013F02BFC83460028E6D118357C19062146
:10CF10002046F4F729FF10B90220BDE8F88F7859B0
:10CF2000C9F80000A388A9F804305846BDE8F88F76
:10CF30007D4F00202DE9F0478246174E1AF8018BED
:10CF40008946002408F00108771E03E0082C06F14A
:10CF500028061DD004EB840207EBC20517F8323017
:10CF6000C3F38012DB0704F10104EFD54245EDD194
:10CF700006225146304613F0F0FB0028E6D16B6ADA
:10CF80001A68C9F800209B88A9F80430BDE8F0872A
:10CF90000220BDE8F08700BF7D4F002010B5044699
:10CFA0000020F9F70FFD40B91CB1012C01D012206F
:10CFB00010BD034B1C70002010BD0C2010BD00BF25
:10CFC000A36A0020034B4FF47A7202FB00F0186052
:10CFD000704700BF8C4E00202DE9F04782460020AC
:10CFE0008846F9F7EFFC90BB1D4E1AF8019B0446EA
:10CFF00009F00109771E03E0082C06F1280620D06D
:10D0000004EB8402D50017F83230C3F38012DB073B
:10D0100004F10104F0D54A45EED1304606225146CE
:10D0200013F09BFB0028E7D1B8F1000F12D0B8F144
:10D03000010F09D17B5D43F010037B550020BDE853
:10D04000F0870220BDE8F0871220BDE8F0870C20B1
:10D05000BDE8F0877B5D68F304137B55EEE700BF06
:10D060007D4F0020034A044B002814BF1046184689
:10D07000704700BFFC500020904E0020A8B110B5B2
:10D080000B4A12684FF4004340F2E7300021E2FB04
:10D0900003014FF47A720023E9F732F8BDE810403B
:10D0A00002460B46034809F05DBD024812F05CBF22
:10D0B0008C4E00208827002008B5094B00221A80DA
:10D0C00030B9084B084A1B78002111801BB908BDF4
:10D0D000FFF70EFCF5E7BDE80840FFF7CFBB00BF48
:10D0E000FC500020A36A0020904E00202DE9F04F54
:10D0F000834687B013F0B7F84A0143011B1A42EA8E
:10D10000D06262EB0102920042EA93729B001B180C
:10D1100041EB02094FEAC90949EA5379C3F31033D5
:10D1200043EA49434FEAD939BBF1000F16D1644AAB
:10D13000D2E90012B2F1FF3F08BFB1F1FF3F0DD0BD
:10D1400060480068591A69EB0202814272F10002DC
:10D15000ACBF4FF0010A4FF0000A01E04FF0010AA6
:10D16000594ECDF804B0DFF874810024F71F9B46B8
:10D170000DE0254417F8353043F0020307F8353049
:10D180000134082C08F1060806F1280625D004EB26
:10D190008403A50017F83330DA07F1D5BAF1000F90
:10D1A00001D19807ECD42B1917F83330590750D414
:10D1B0002B1917F833301A07DBD502A930460DF0CA
:10D1C00021FC00286CD1BDF80C300298A8F804307E
:10D1D000C6F81D80C8F80000CBE75B46DDF804B058
:10D1E000BAF1000F02D0364AC2E90039BBF1000F94
:10D1F00008D00020F9F7D8FB044618B194F86A303B
:10D200005B0702D407B0BDE8F08F94F82630072BF7
:10D21000F8D8FF238DF8083094F8293004EB830305
:10D2200002A9DE6A04F1280001F0B6FB7278054617
:10D230000232314613F0E3F829462046F9F7DEFBC7
:10D240009DF80830FF2BDDD084F8293007B0BDE809
:10D25000F08F317C1D4B0F2202EB01121A440DF1AD
:10D2600017000DF1070312F8011903F8011F83429B
:10D27000F9D106F1170102A80DF0C4FB002897D0E0
:10D28000134A1449144840F2F3230CF0F9FA00232E
:10D2900083F31188BFF36F8F0323184602DF87E7FC
:10D2A0000B4A0C490C4840F201330CF0E9FA002318
:10D2B00083F31188BFF36F8F0323184602DF82E7E1
:10D2C000B82700208C4E0020834F0020FC4E002009
:10D2D000242905000C1E0500581D0500C44E002021
:10D2E00010B50120FFF702FF0A4A12684FF400430D
:10D2F00040F2E7300021E2FB03014FF47A72002391
:10D30000E8F7FEFEBDE8104002460B46024809F071
:10D3100029BC00BF8C4E002088270020072815D884
:10D32000F8B500EB8003124D15F833301A070446A8
:10D330004FEA8006C3F3C00007D5C3F340079B073D
:10D3400006D5264405EBC603586AF8BD0020704791
:10D35000084A094909484FF44A730CF091FA87F3D7
:10D360001188BFF36F8F0323184602DFE9E700BF80
:10D370007C4F00202429050088290500581D050040
:10D3800007280CD800EB8003064A12F833104B072D
:10D3900005D5282303FB002202F11E007047002060
:10D3A000704700BF7C4F00202DE9F04789461646A4
:10D3B0000AB1FF231370154D002400F0010805F198
:10D3C000FF3A09E01EB13378FF2B08BF37700134F4
:10D3D000082C05F1280514D004EB8403E7B21AF8F1
:10D3E0003330C3F38012DB07ECD54245EFD1062280
:10D3F0002846494613F0B1F90028E8D13846BDE87F
:10D40000F087FF273846BDE8F08700BF7D4F00203A
:10D410002DE9F04F074685B000200E469046F9F7FB
:10D42000D1FA002874D1BA4604461AF8010B0DF15E
:10D430000F025146FFF7B8FF072840F2BB809DF866
:10D440000F90B9F1070F79D809EB8902D2005B4D33
:10D45000D7F801100192531C09EB890BE9502B44BA
:10D46000BAF8041099803B7815F83B10009263F3EA
:10D470008611A95430461021F4F776FC009BE95C34
:10D4800060F38201E95440461021F4F76DFC009BE3
:10D49000019AE95C00F0010060F3C30111F0040F90
:10D4A000E95405EBCB0B4FEA89034BD1002868D137
:10D4B00018320021A9502A44414E918003EB090201
:10D4C00015F8321021F0120105F8321097F800809B
:10D4D000B71E08F0010804E00134082C06F1080624
:10D4E0001AD017F8342012F0010BC2F34001F3D028
:10D4F0004145F1D1304606225146009313F02DF9F3
:10D50000009B0028E8D107EBC40787F8019005E0ED
:10D510000C2005B0BDE8F08F4FF0000B4B444FEAF4
:10D520004B1215F8331042F0010221F021010A4399
:10D53000002005F8332005B0BDE8F08F072005B0C6
:10D54000BDE8F08FDFF87CE0DFF87CC09EF80010CB
:10D550008BF817100CF80190DFF870B04FF0FF3C1B
:10D560000CEB011C01318EF80010DC4406F10F01B8
:10D57000013E11F801E90CF801EFB142F9D10028A0
:10D5800096D0D61DA81903EB0901D8F800B0D8F839
:10D5900004E0D8F808C0D8F80C8045F806B005EBD0
:10D5A000C101C0F804E0C0F808C0C0F80C80002039
:10D5B00048627DE7122005B0BDE8F08F7C4F002067
:10D5C000BE500020A26A0020F44E0020FC4E002035
:10D5D000072807D8044B00EB800013F83000C0F395
:10D5E000C0007047002070477C4F0020024B1B7822
:10D5F00003700248704700BFA26A0020FC4E002062
:10D6000038B5234B1B78834204460DD9214B1C5D52
:10D61000072C1CD8204B04EB840213F8323013F093
:10D62000010524D0204638BD1C4A1D491D4840F242
:10D6300087330CF025F9002383F31188BFF36F8F34
:10D640000323184602DF134B1C5D072CE2D9134A53
:10D650001549144840F289330CF012F9002383F382
:10D660001188BFF36F8F0323184602DFD2E70B4AFE
:10D670000E490C4840F28A330CF002F985F3118808
:10D68000BFF36F8F0323184602DF204638BD00BF6B
:10D69000A26A0020F44E00207C4F002024290500BF
:10D6A000182B0500581D0500382B05000C2B050014
:10D6B000072825D8F8B5134F00EB8003044617F868
:10D6C000333013F001054FEA800605D0264417F8E1
:10D6D0003600C0F34010F8BD0B4A0C490C4840F22C
:10D6E00095330CF0CDF885F31188BFF36F8F0323CA
:10D6F000184602DF264417F83600C0F34010F8BD84
:10D70000002070477C4F0020242905007429050063
:10D71000581D05001378FF2B19D12DE9F047194D3D
:10D720000446AE46002303EB830C9E0015F83CC074
:10D730001CF0010003D0CCF3801CA44509D00133B8
:10D74000082B0EF1280EEED10120BDE8F087012054
:10D75000704701F1FF3877464FF0000C17F801AF22
:10D7600018F8019FCA450CF1010CE8D1BCF1060F75
:10D77000F4D11E44137015F836305A07E5D5C3F3BB
:10D780000010E2E77C4F0020024B1878003818BFE9
:10D7900001207047A36A002000F0C0BB08B5002339
:10D7A00003F000F8002008BD10B584B0079BD3E952
:10D7B00000209047012812D004460DF10F010DF111
:10D7C0000E00F6F7ADFE0021064B00919DF80F20EC
:10D7D0009DF80E000121F5F7ABFE034BDC6004B0B1
:10D7E00010BD00BFEDD703004851002000B585B043
:10D7F0000DF10F010DF10E00F6F792FE9DF80F20CE
:10D80000064B9DF80E00002101320091D2B2022198
:10D81000F5F78EFE05B05DF804FB00BFBDD8030030
:10D82000F0B58DB00E4605460DF12F010DF12E001D
:10D830001C461746F6F774FE9DF82FC006940CF1AF
:10D84000010C0024CDE90744CDE90344CDE90144AE
:10D850009DF82E00059700962B465FFA8CF2012169
:10D86000F5F7D2FD10F0FD0F0AD006480094064BE4
:10D87000C4609DF82F209DF82E000121F5F758FE79
:10D880000DB0F0BD48510020EDD70300019B024AC6
:10D890003121FFF7C5BF00BF9DD8030070B5059DBE
:10D8A0000446F6F743FE2B462046034ABDE8704087
:10D8B0000621FFF7B5BF00BFA9D70300014808F054
:10D8C000CFBE00BF3051002008B501220021024820
:10D8D00012F06EFA002008BD30510020024BA0F279
:10D8E000A462C3E900207047485100200020F5F7EA
:10D8F00065BD00BF08B5F5F7A1FE014B986008BDF6
:10D9000048510020684620F007018D4601B502F01D
:10D91000F9F8EDF709FBBDE801408546704700BF07
:10D9200008B50A4BD3F840213AB90120F4F70CFBB3
:10D93000BDE808400220F4F707BB0020C3F840010F
:10D94000D3F84031F5F746FDEFE700BF00B00040E7
:10D950000020F4F7F9BA00BF70B508BB214B224C88
:10D960001A7821789142D3B20FD0204A2049214819
:10D9700040F234430BF084FF002383F31188BFF39C
:10D980006F8F0323184602DF23781B4E1B4D32781E
:10D99000013323702B78934212D033782B7070BDF3
:10D9A000124A1749134840F22F430BF069FF002336
:10D9B00083F31188BFF36F8F0323184602DFCDE78F
:10D9C0000A4A10490B4840F23A430BF059FF002332
:10D9D00083F31188BFF36F8F0323184602DF337878
:10D9E0002B7070BDA46A0020A56A0020402B0500A2
:10D9F000882B0500581D0500A96A0020A86A002090
:10DA0000D0220500A42B050070B51A4E1A4D3378AC
:10DA10002A789A4204460BD033782B70174E184D53
:10DA20001CB933782A789A4212D033782B7070BDA3
:10DA3000144A1549154840F21B430BF021FF0023FF
:10DA400083F31188BFF36F8F0323184602DFE3E7E8
:10DA50000C4A0F490D4840F226430BF011FF84F3A6
:10DA60001188BFF36F8F0323184602DF33782B70C2
:10DA700070BD00BFA76A0020A66A0020A46A00202B
:10DA8000A56A0020402B0500CC2B0500581D050081
:10DA9000F42B050002F044B938B5194C194D237820
:10DAA00029788B421AD0184B217000220599996071
:10DAB00001201146F4F7EAF900B938BD134A1449B8
:10DAC000144840F2B3430BF0DBFE002383F31188CC
:10DAD000BFF36F8F0323184602DF38BD0B4A0E4990
:10DAE0000C4840F2AD430BF0CBFE002383F31188CA
:10DAF000BFF36F8F0323184602DF2978D3E700BFF7
:10DB0000A46A0020A56A0020AC060020402B050076
:10DB10002C1F0500581D0500102C05002DE9F04FA5
:10DB2000494A4A4F12783B789A428BB00C4605D14D
:10DB3000474B484A1B7812789A4271D0E368D4F870
:10DB400000801B68DFF83091DD68D3E90121914244
:10DB50002CBFC5EB0105C5EB020508EB050626F059
:10DB60007F46D9F800103046F5F76AFD10F4000042
:10DB700002D10BB0BDE8F08F374A384B11781A78D4
:10DB8000914232D1324A33491278097891422CD0ED
:10DB90001A7801324FF0000AD2B21A705146304B57
:10DBA000CDF800A052465046F5F7C2FC10F0FD0F2C
:10DBB0001BD02C4A2C492D4840F29F430BF060FEAD
:10DBC0008AF31188BFF36F8F4FF0030B584602DFC3
:10DBD000244A2549254840F267430BF051FE8AF359
:10DBE0001188BFF36F8F584602DFE368C9F8006001
:10DBF00006931F4B0022CDE907321E4BCDE90222CE
:10DC0000CDE90423CDE900523C780134E4B2434627
:10DC1000114610463C70F5F7F7FB0BB0BDE8F08FEE
:10DC2000C368D0F800801A68DFF84C90D568D2E954
:10DC3000011088422CBFC5EB0005C5EB010508EBC0
:10DC4000050626F07F46D1E7A86A0020A96A0020D1
:10DC5000A46A0020A56A0020A66A0020A76A002006
:10DC600009DA0300402B050010210500581D0500AE
:10DC700059D9030099DA030060510020804A936863
:10DC8000002B7ED02DE9F04F136889B082467BB11E
:10DC90004FF0FF338DF80A3003E0067F16F00306DD
:10DCA00009D00DF10A00F6F7E5FD05460028F4D18C
:10DCB00009B0BDE8F08FC368534576D00768B14618
:10DCC000B04602E0037F990722D00DF10A00F6F773
:10DCD000D1FD04460028F5D1B8F1000F08BFA846D1
:10DCE00041464046FFF71AFF30F00203E0D0654A94
:10DCF0006549664840F2FA430BF0C2FD84F311888F
:10DD0000BFF36F8F0323184602DF09B0BDE8F08F21
:10DD1000C368B9F1000F0ED0534527D0D4F800B036
:10DD200039465846F5F78CFC00F4000000281CBF6B
:10DD3000A0465F46C9E79A458146EFD12B7FE96847
:10DD400043F002032B772846AB699847FF238DF8F1
:10DD50000A3003E0037F13F0030413D00DF10A002F
:10DD6000F6F788FD05460028F4D1A1E72B7FE96886
:10DD700043F002032B772846AB699847A14587D12A
:10DD8000E4E77047C36853450FD03E4A40493F48D7
:10DD900040F21D530BF074FD84F31188BFF36F8FB5
:10DDA0000323184602DFD5F80CA0354A50465368C5
:10DDB000116803AA98470446F0B110F1100F3FF420
:10DDC00077AF2F4A002093681168984714F10B0F22
:10DDD0001BD08C343FF46CAF2A4A2E492B4840F2BA
:10DDE0005A530BF04DFD002383F31188BFF36F8F5F
:10DDF0000323184602DF5BE72B7FAA69E96843F03B
:10DE000002032B772846904752E70224FF258DF81E
:10DE10000B500DF10B00F6F72DFD98B1037F9A071B
:10DE2000F7D40EB9DB07F4D4154AC36811689942D8
:10DE3000EFD1037F43F002030377836998478DF89E
:10DE40000B50E6E70126B44201D03446DFE70C4D23
:10DE5000039B286800940021CDE9041106910790E6
:10DE6000296004AAD5E90101F6F7BCFC04460028A4
:10DE70007FF41EAF034A084904484FF4AB633BE705
:10DE800064510020402B050010210500581D05009D
:10DE90002C2C0500582C0500502C050010B51548F9
:10DEA00011F093FD10B3144B00249C6000F03EFB76
:10DEB00000281ADB214601202246EDF74DFA2246C2
:10DEC0000B200121EDF748FA224621461820EDF7F4
:10DED00043FA0120EDF710FA0B20EDF70DFA1820A8
:10DEE000EDF70AFA01F03EFE204610BD6FF0120079
:10DEF00010BD00BF100D05006451002008B500F0F2
:10DF000025FB002809DB0120EDF704FA0B20EDF7D3
:10DF100001FA1820EDF7FEF9002008BD034603487A
:10DF20008AB2194683681B68184700BF100D0500A8
:10DF300030B4074DAB685C6834B18AB2A446014680
:10DF40000023284630BC60476FF0850030BC704726
:10DF5000100D050030B4074DAB685C6834B18AB26F
:10DF6000A44601460023284630BC60476FF0850078
:10DF700030BC7047100D05000020704730B5254BB0
:10DF800083B0044670B31A68824225D0FF250DF194
:10DF900007008DF80750F6F76DFC38B91AE0A1427A
:10DFA0000AD00DF10700F6F765FC98B1037F9B07D7
:10DFB000F7D4C168002CF2D1037F826943F00203D9
:10DFC000037790470DF107008DF80750F6F752FCE4
:10DFD0000028EBD103B030BD9D6865B1014600203B
:10DFE000A847D3E79D68002DD0D019680029CDD06F
:10DFF0000020A847CAE7084A0849094840F2BF1369
:10E000000BF03EFC85F31188BFF36F8F0323184696
:10E0100002DFBBE764510020402B0500642C0500A3
:10E02000581D05000020704738B50446F6F714FC6B
:10E0300064B1054620B324680020F6F735FC20467D
:10E04000F6F7D8FC044658B1002038BD1B4DAC682B
:10E050002CB32C680023AB602B60002CEBD1EBE7DA
:10E06000174A184918484FF40C730BF009FC84F355
:10E070001188BFF36F8F0323184602DF002038BDDD
:10E080000F4A1249104840F2F9130BF0F9FB85F3DF
:10E090001188BFF36F8F0323184602DFCBE7084ACE
:10E0A0000B4909484FF4FF730BF0EAFB84F3118826
:10E0B000BFF36F8F0323184602DFCAE764510020C5
:10E0C000402B0500902C0500581D05006C2C050008
:10E0D0007C2C0500D0E90132002A04DB9A4238BFCB
:10E0E0001A4610467047C068984238BF18467047B5
:10E0F00010B51446F5F7A2FA2146F5F7A1FA034642
:10E1000010F4000004D10333092B88BF184610BD5A
:10E11000002010BD262810B504461CD0272812D098
:10E12000252808D00A281ED9272821D803304000E6
:10E1300001F066FD02E0022001F062FD2046BDE82C
:10E14000104001F063BD502001F05AFD2046BDE8AB
:10E15000104001F05BBD1A2001F052FD2046BDE8E1
:10E16000104001F053BD0230400001F049FDE5E7E9
:10E17000074A0849084840F2A2230BF081FB00231C
:10E1800083F31188BFF36F8F0323184602DFD5E7AF
:10E19000402B0500301E0500581D050001F094BD00
:10E1A00001F09ABD08B501F0BBFDBDE8084001F0E3
:10E1B00023BF00BF08B501F0B3FD01F01DFFBDE8AE
:10E1C000084001F0C1BE00BF08B501F0A9FD01F093
:10E1D00013FF01F0F7FE02F0FBF8BDE8084001F084
:10E1E000B3BE00BF08B50146184801F09BFC01F022
:10E1F000CDFD60B101F096FF01F0ECFC00F0EAF912
:10E2000000280EDBBDE808400020FFF70DBF01F03D
:10E2100071FD01F087FF01F0DDFC00F0DBF9002863
:10E22000F0DA0B4A0B490C4840F21E330BF028FB86
:10E23000002383F31188BFF36F8F0323184602DF97
:10E240000020BDE80840FFF7EFBE00BF95DA0300ED
:10E25000402B0500982C0500581D050010B50446FC
:10E2600001F05EFD01F0C8FE01F0ACFE02F0B0F876
:10E2700001F06AFE2046BDE81040FFF7B3BF00BFC3
:10E2800008B50146144801F04DFC01F07FFD40B196
:10E2900000F0A0F900280ADBBDE808400020FFF7E5
:10E2A000C3BE01F027FD00F095F90028F4DA0B4A0F
:10E2B0000B490C4840F22D330BF0E2FA002383F3B4
:10E2C0001188BFF36F8F0323184602DF0020BDE8DB
:10E2D0000840FFF7A9BE00BF95DA0300402B0500F8
:10E2E000982C0500581D05002DE9F04F89B01F46F8
:10E2F000FF239DF848B08DF81F308046894692462E
:10E3000002E0037F9C0722D00DF11F00F6F7B2FA5E
:10E310000028F6D1684DAB680446002B40F08180A0
:10E32000FB682B60C5E901893846D047054603E004
:10E33000037F13F0030356D00DF11F00F6F79AFA8E
:10E3400001460028F4D1284609B0BDE8F08F0568E1
:10E350003E689DF81F300593044629463046F5F780
:10E360006FF9BBF1000F01D1010254D4BC4214BFBC
:10E370002646002602E0027F920724D00DF11F00FE
:10E38000F6F778FA0028F6D14B4D059B8DF81F3033
:10E39000AB68002B46D1002E44D1002CC0D0BBF17D
:10E3A000000F66D1BC42BBD0444A4549454840F2C3
:10E3B000B2330BF065FA8BF31188BFF36F8F032331
:10E3C000184602DFACE70268049029461046039223
:10E3D000F5F736F9039A049B00F4000000281CBFEF
:10E3E00015461E46CAE71C46FFF798FB30F00203AD
:10E3F000A9D0324A3449334840F2D2330BF040FAC4
:10E4000084F31188BFF36F8F0323184602DF284679
:10E4100009B0BDE8F08FFF23354605935C465E46A4
:10E42000ACE726464946CDF800B053463A4640464A
:10E43000F6F7D8F9014638B3BBF1000F16D1002E1C
:10E4400035D03046FFF76AFB30F002030ED01B4A8E
:10E450001D491C4840F28D330BF012FA002383F360
:10E460001188BFF36F8F0323184602DF6FF0760524
:10E4700069E7CDF800B053463A4649464046F6F7BC
:10E48000B1F906460028F1D10C4A10490D4840F276
:10E490007B330BF0F5F9002181F31188BFF36F8F07
:10E4A0000323184602DFBBF1000FC8D0DEE7002CC3
:10E4B00014BF26460E46C4E764510020402B0500D9
:10E4C000AC2C0500581D050010210500A42C0500EA
:10E4D00001F1100008F0C4B870B505468AB00C46CA
:10E4E0000122002104A811F063FC0F4B01930026C8
:10E4F000032369462846039602930BF0CFFA0028BF
:10E5000010DB4FF40043314640F2E730E4FB0301F7
:10E510004FF47A720023E7F7F3FD02460B4604A896
:10E5200008F0D8F80AB070BDD1E4030010B501209E
:10E5300003F0B0FE0449002301244B608C60CB60E3
:10E54000BDE810400BF0AABA7451002010B50120AC
:10E5500003F0A0FE044904460BF01BFB2046BDE877
:10E5600010400BF0F2BA00BF745100200C4B1A7827
:10E570000AB10020704710B50120187003F08AFE20
:10E580004FF4FA710446FFF7A7FF38B920460BF0A5
:10E59000DCFA02280CBF00206FF0040010BD00BFA1
:10E5A000AA6A002008B50A4BBFF35B8F53E8002F1F
:10E5B000511C43E800100028F8D1BFF35B8F002AFC
:10E5C00001DD002008BD03F06DFE002008BD00BF86
:10E5D0007051002008B50C4B1A68002A11DDBFF3FA
:10E5E0005B8F53E8002F511E43E800100028F8D13C
:10E5F000BFF35B8F012A01DD002008BD03F068FE38
:10E60000FAE76FF0770008BD7051002032207047A4
:10E61000014B33F810007047E02C050010B504469C
:10E62000FFF7D2FD01F0C4FC2046BDE81040FFF723
:10E63000D9BD00BF30B583B00546FFF7B3FD9620C6
:10E6400001F0EAFC002318461A46194601F00EFCB8
:10E650000120F6F76BF80446002845D004F11C00B1
:10E6600001F026FB01F072FBE0B92748294601F0D2
:10E6700059FAFFF789F860BB01F0A8FD00210446B4
:10E68000084601F02BFB00210546084601F022FB5D
:10E690002C44CB34201A01F051FD03B0BDE83040CA
:10E6A00001F086BD194A1A491A4840F29C430BF002
:10E6B000E7F8002383F31188BFF36F8F0323184615
:10E6C00002DF1148294601F02DFAFFF75DF8002816
:10E6D000D2D00DF10700FEF789FF002201469DF818
:10E6E000070001F033FEC7E7084A0B4909484FF419
:10E6F00093630BF0C5F884F31188BFF36F8F032386
:10E70000184602DFAAE700BFC1ED0300F02C0500A8
:10E71000442D0500581D05003C2D0500814208B51B
:10E720000ED00B7ADB0702D46FF08B0008BD134BC1
:10E730001360FFF737FF00280FDB6FF00A0008BDFA
:10E740000B7B01EB83010B691B7803F00F03012B9B
:10E7500014BF6FF08B00002008BD094A09490A4820
:10E7600040F251430BF08CF8002383F31188BFF380
:10E770006F8F0323184602DFDFE700BFC9EB0300FA
:10E78000F02C0500982C0500581D050010B5044616
:10E79000FFF71AFD01F00CFC2046FFF723FD0C4BA0
:10E7A0000021012208469C60F3F770FB00B910BD00
:10E7B000084A0949094840F2B1530BF061F80023B7
:10E7C00083F31188BFF36F8F0323184602DF10BD58
:10E7D000BC060020F02C05002C1F0500581D05006C
:10E7E00010B5E8B10C46FFF7F5FE002804DB204623
:10E7F000BDE81040FFF718BC0D4A0E490E4840F224
:10E8000077430BF03DF8002383F31188BFF36F8F3C
:10E810000323184602DF2046BDE81040FFF704BC82
:10E82000064801F07FF9BDE8104001F063BA00BF6F
:10E83000F02C0500982C0500581D05001DE603006E
:10E84000084B042210B598182821F3F725FA064B37
:10E8500000249C8102222146044811F0A9FA204696
:10E8600010BD00BFB4510020A45100208C510020E5
:10E87000084B042210B598182821F3F70DFA064B1F
:10E8800000249C8102222146044811F091FA20467E
:10E8900010BD00BFB4510020A45100208C510020B5
:10E8A00010B504460548F3F71DFA20B103460020D1
:10E8B0005870636010BD6FF00B0010BDB4510020A4
:10E8C00003460020187058709860704738B52B4D7B
:10E8D0002B7B6A7B9A4202D055F8234034B92848F2
:10E8E000F3F700FA044680B1204638BD254807F00A
:10E8F00017FF2B7B6A7B9A42F6D00133DBB2032BE6
:10E9000008BF00232B73204638BD1E484FF4203229
:10E91000002307F0DFFE90B91A4807F001FF2A7BB9
:10E920006B7B93421AD0531CDBB255F82220032B89
:10E9300008BF00232B738AB11446204638BD124A03
:10E94000124913484FF4DB730AF09AFF84F31188DD
:10E95000BFF36F8F0323184602DFDDE70A4A0D4934
:10E960000B4840F2BB130AF08BFF002383F311889E
:10E97000BFF36F8F0323184602DFB5E7A4510020D1
:10E98000B45100208C510020F02C05000C1E050015
:10E99000581D0500582D050010B5027843789A429D
:10E9A00014D0D4B244700278944204D05A1C4370FC
:10E9B000D3B2022B0ED01A4600EB82040B706068B3
:10E9C00000B110BDFFF782FF606010BD0133DBB204
:10E9D000022BF0D100221346EEE700BFF8B5027813
:10E9E00043789342044625D0D5B2154A00EB8507FB
:10E9F000507B92F80CC0431CDBB2032B08BF0023F2
:10EA00009C450E46796806D042F8201053730D4895
:10EA100007F026FE00216B1CDBB2022B0ABF00228E
:10EA20001A46134679602370012104EB8204317089
:10EA30006068F8BD1A4604EB82046068F8BD00BF48
:10EA4000A45100208C51002070B5057AC5F3021541
:10EA50000446002D95FAA5F0B0FA80F008BF4FF0FB
:10EA6000FF3082B000F1010646D0227A6B1E2B40A7
:10EA700063F3061206F124002272FFF74BFB00231A
:10EA80000DF1070104F10C008DF80730FFF7A6FF28
:10EA90000546002842D0284601F010F92B7803F0F3
:10EAA0000F03022B1FD00DF1070104F11800FFF72F
:10EAB00095FF0646002840D09DF8073063B92146EF
:10EAC000254801F02FF8962001F0A6FA002002B0A8
:10EAD000BDE8704001F082B9D5F80230C6F80230C6
:10EAE000EB88F380EBE71D48214601F01BF802B0EC
:10EAF000BDE8704001F01ABA194A1A491A4840F2A2
:10EB0000BC530AF0BDFE85F31188BFF36F8F03235A
:10EB1000184602DF257AC5F30215A6E7104A134905
:10EB2000114840F2C5530AF0ABFE85F31188BFF3DC
:10EB30006F8F0323184602DFADE7094A0C490A48E4
:10EB400040F2CF530AF09CFE86F31188BFF36F8F1B
:10EB50000323184602DFAFE735E6030075EB030039
:10EB6000F02C05005C2D0500581D0500642D0500E6
:10EB7000682D050010B5044601F006F9FFF724FBE7
:10EB8000237A03F07102012A05D1C3F3420262F332
:10EB900006132372DBB213F0700F05D0636853B114
:10EBA00093F82C309B0706D501F002FA2046BDE809
:10EBB0001040FFF717BB2046FFF746FF01F094F81F
:10EBC000BDE8104001F0F4BA70B5C36804461E6891
:10EBD000F4F734FD05463046FFF77CFA00232D1A82
:10EBE000C4E9005323812046BDE87040E9F704B82A
:10EBF00010B582B00446FFF7D5FC00281CDB164A8E
:10EC00001649174800940023F5F722FF08B1773022
:10EC100001D102B010BD134A1349144840F2AF238A
:10EC20000AF02EFE002383F31188BFF36F8F0323B6
:10EC3000184602DF02B010BD0A4A0D490B484FF4D6
:10EC40002B730AF01DFE002383F31188BFF36F8F2F
:10EC50000323184602DFD2E7F97B0200E1E7030055
:10EC60001DE70300F02C0500801F0500581D05005E
:10EC7000982C05002DE9F0410D46417A9DF8188049
:10EC80001746CA071E4609D5B8F1000F17D02B78D2
:10EC9000B7EBD31F1AD00020BDE8F0812946044607
:10ECA00011F8020B079AC0F38010FEF733FD00281D
:10ECB000EDD1637ADB07EED5B8F1000FE7D1079B02
:10ECC0001878FEF7F5FC0028E1D1E4E7062205F10B
:10ECD0000801304611F041FDB0FA80F04009BDE86E
:10ECE000F08100BF2DE9F84F1F460B9B9DF828903F
:10ECF0009DF8305006460C4692466BB9437A03F0B5
:10ED00000303012B2CD9002D3AD02378BAEBD31F63
:10ED10004AD00020BDE8F88F88460D9A18F8020BFB
:10ED2000C0F380104146FEF7F5FC0028F2D094F8BD
:10ED300000B0BAEBDB1FECD104F108013846062223
:10ED400011F00BFD0028E4D10D9B1B78FF2B1ED08A
:10ED5000B27AFF2A1BD0981AB0FA80F04009D9E79E
:10ED600011F8020B0D9AC0F38010FEF7D3FC0028B7
:10ED7000CBD1737A03F00303012BCAD9002DC4D180
:10ED80000D9B1878FEF794FC0028BED1C1E7CBF3A9
:10ED9000801BCB45BDD10B980622414611F0DDFC0E
:10EDA000B0FA80F04009B5E7062204F108013846C0
:10EDB00011F0D3FCB0FA80F04009BDE8F88F00BF35
:10EDC0002DE9F0478AB0044600F0D4FFC0B250B934
:10EDD000FFF7FAF97D48214600F0A4FE0AB0BDE82D
:10EDE000F04700F087BF00F0E7FF054601F0F4F8B8
:10EDF000824601F0FBF801F003FB064601F0E2FA5F
:10EE0000EDB2804601F0AAF8FFF7DEF9002DE1D05F
:10EE100016F0FF067AD1FF2301208DF82730F5F791
:10EE200085FC0546002800F0A480237B95F81C8013
:10EE300004EB830308F00F081F693B4605F11C0132
:10EE400013F8020B00F00F0CBCF1010F0CBF07F11F
:10EE500008094FF00009B8F1030FC0F380125FFA00
:10EE60008AFA4FEAD01759D0B8F1050FB2D1687FAE
:10EE70002228AFD160680028ACD090F82C5015F053
:10EE80000205A7D10DF127000390CDE9019A009763
:10EE90002046FFF727FF00289CD00420F5F746FC0A
:10EEA000002897D04A48214600F03CFE00F022FF9F
:10EEB00000F04CFF00284DD1626892F82C3043F0EE
:10EEC000010382F82C30F5F74BFC17224FF6FF7345
:10EED0000271C3808460054601F01EF9286101F0CB
:10EEE0006FF900210446084600F0F8FE241A6C6110
:10EEF00096B19DF827306B76F5F732FC2946E8602D
:10EF00002868F5F757FC0AB0BDE8F0875FFA88F08B
:10EF1000FEF776FB03467FE7FF23ECE7687F0C28CC
:10EF20007FF458AFB9F1000F7FF454AF0DF1270013
:10EF30000190CDF800A02046CDE906230591FFF70A
:10EF400099FE28BB95F81C80079BDDE9051208F0A7
:10EF50000F0889E71F4A2049204840F25F630AF002
:10EF60008FFC85F31188BFF36F8F0323184602DFF0
:10EF7000A2E7184A1A49194840F2FF530AF080FCE8
:10EF800085F31188BFF36F8F0323184602DF4CE728
:10EF90000E48214600F0C6FD00F0C8FF237E04EBBA
:10EFA0008303D86900F08AFE00F0D0FE0028AAD0C2
:10EFB000084A094909484FF4C3630AF061FC89F320
:10EFC0001188BFF36F8F404602DF9CE775EB0300AB
:10EFD0008DE70300F02C0500442D0500581D0500A9
:10EFE0003C2D0500F8B50546FFF7EEF8F5F7F4FC03
:10EFF000044600283FD0274B274A1B781178A27976
:10F0000026485B0001F0010103F002030B4322F0EC
:10F0100003021343224A01881278A1800120207044
:10F02000A371227219B195F92730002B04DB284611
:10F03000BDE8F840FFF7D6B895F82C30C3F30213BB
:10F04000022B16D0042B0CBF4FF4BC77282701F0FD
:10F05000A3F8064601F0A6F8361AE660EA6BC4E9A2
:10F0600004270023EB636B642846BDE8F840FFF7F4
:10F07000B9B81827EBE70B4A0B490C484FF47873E3
:10F080000AF0FEFB84F31188BFF36F8F0323184649
:10F0900002DFB0E7AC6A0020AD6A00203E690020C4
:10F0A000AB6A0020AC2D050014250500581D050095
:10F0B00008B500F08BFE02780346012161F30102DE
:10F0C0001A70002008BD00BF00207047704700BFC5
:10F0D00030B4074A074D084C0848094900231380FB
:10F0E000084A2B80237003700B70137030BC70477C
:10F0F0003E69002040690020AD6A0020AE6A002011
:10F10000AC6A0020AB6A002091F82C305B070AD46F
:10F1100081420AD1064B1B88002B14BF6FF08B0075
:10F120006FF00F007047002070476FF08B00704742
:10F130004069002038B50D46002842D00446FFF74C
:10F1400049FA002851DBE2682389518B938301330C
:10F150000B4492F927105383002913DBF5F73CFC8D
:10F160000446F8B1A37923F00303002243F002031D
:10F1700001212170A280A37122722846BDE8384087
:10F18000FEF752BF2089136B916B00FB03330B44D6
:10F19000516B8B4228BF0B469363F5F71DFC044669
:10F1A0000028DFD1184A1949194840F207130AF01C
:10F1B00067FB84F31188BFF36F8F0323184602DFC8
:10F1C000D0E791F92730002B07DB2946114800F0E2
:10F1D000A9FCBDE8384000F08DBD0F4B1B88002B0B
:10F1E000F3D10E4B01221A70EFE7074A0C49084889
:10F1F000EE230AF045FB002383F31188BFF36F8FE2
:10F200000323184602DF9EE7AC2D050014250500F8
:10F21000581D0500E5EF030040690020AC6A00209E
:10F22000982C0500F8B506460120F5F77FFA04464C
:10F2300070B30021617796F86750B6F85A7005F000
:10F240000705284600F0C8FC96F87E301B0704F13D
:10F250001C044FEA850210D5391D42F00102C9B2E3
:10F26000082000F0FBFC2246294606F17F0000F052
:10F27000B3FFBDE8F84000F01BBDF9B2082042F032
:10F28000010200F0EBFC2046BDE8F84000F010BDA4
:10F29000074A0849084840F213330AF0F1FA84F3A8
:10F2A0001188BFF36F8F0323184602DFC1E700BF49
:10F2B000AC2D05003C2D0500581D050038B5044651
:10F2C000FEF770FF2B4AA08913880133138000F0EA
:10F2D000A3FE94F8662094F86700C2F3C00300F020
:10F2E000070002F00702002100F0C0FD2046FFF7F2
:10F2F00099FF00F035FD60BB00F068FF258A0346EA
:10F3000094F867000D35012100F007001D4400F05E
:10F31000E5FC94F8673003F00703022B054416D090
:10F32000042B0CBF4FF4BC73282394F86600C0F381
:10F33000C00100F007001D4400F0CCFC281A00F0CA
:10F34000FDFE21460C48BDE8384000F0EBBB182319
:10F35000EBE70A4A0A490B4840F2AF230AF090FA59
:10F36000002383F31188BFF36F8F0323184602DF56
:10F37000C2E700BF406900209DF40300AC2D0500EA
:10F38000F82D0500581D0500F8B50F4690F86610D9
:10F39000B0F8586001F007040546C1F3C0012046EB
:10F3A00000F01AFC95F87E30A200DB0642F0010264
:10F3B000F1B20DD50431C9B2082000F04FFC394636
:10F3C00005F1A00000F056FFBDE8F84000F076BC63
:10F3D000082000F043FC3846BDE8F84000F06EBC61
:10F3E000F0B5054683B001AA806E0F46E96EF2F7CC
:10F3F000DFFC95F87E305A07064638D448B3019CA6
:10F4000095F87D3095F87C2004341C4412B962785C
:10F4100085F87C2033B12378012262F30103237045
:10F4200095F87D3095F87C20D31A63702846F8F75C
:10F43000CDFB637883422AD960700121237803F0E1
:10F440000F03002243EA01132370A2703C6003B053
:10F45000F0BD43F0040385F87E3000F0B7FC0446AD
:10F4600023786FF3041323703C6003B0F0BD43F0C6
:10F47000040385F87E3000F0A9FC0446002EEFD08E
:10F48000037843F0100303703C6003B0F0BD3268B2
:10F49000EB6E9A42D1D10021D0E700BF2DE9F041B7
:10F4A00082B0044600F066FCC0B250B9FEF782FE9E
:10F4B000BD48214600F036FB02B0BDE8F04100F047
:10F4C00019BC00F079FCC5B200F048FDFEF772FEF1
:10F4D000B64A1388012003441380F5F727F906463E
:10F4E000002800F0E380002D4ED1B14B1F78002F93
:10F4F00040F0AA80012201A920461A70FFF770FF90
:10F500000027DDF804803D46E08900F085FD94F891
:10F51000670000F0070000F061FCA648214600F0FB
:10F5200001FB00F045FE94F87E2098F8003062F36D
:10F53000C30388F8003094F87E3098F80020C3F3B5
:10F54000400363F3820288F8002041462046FFF71B
:10F550001BFF00F005FC002840F0988000F01CFE26
:10F56000002867D0002D6BD0A08A4FF6FF73984219
:10F5700000F0D1802946F8F78DFA002F77D102B03C
:10F58000BDE8F041F5F70EB994F87E30327F03F014
:10F590000101C2F38000884200F09A8094F927208C
:10F5A00081F0010161F30003002A84F87E3005DA5E
:10F5B00094F82C3043F0080384F82C3094F87E3013
:10F5C0005D0700F1BC80D4E91A0101AAF2F7F0FB53
:10F5D0000546002800F0B98094F87D20019B134473
:10F5E000597971B194F87E30D8060AD5D4F8B03084
:10F5F0000133C4F8B030D4F8B43043F10003C4F898
:10F60000B43094F87C300A44D2B29A42C0F0A2805E
:10F6100000F0B780684A6949694840F26D430AF0D2
:10F620002FF9002383F31188BFF36F8F032318464C
:10F6300002DF8AE000F0A4FD00F0A8FD002D93D1C8
:10F64000AFB902B0BDE8F081013FFFB201A9204689
:10F650001F70FFF7C5FE002F7FF452AFDDF8048066
:10F660005148214600F05EFA00F060FC5BE7F5F7D8
:10F6700077F803233371A38A3068F3803146F5F7B6
:10F6800081F802B0BDE8F041F5F78CB84A4A4D491F
:10F690004B4840F2E9130AF0F3F8002383F3118892
:10F6A000BFF36F8F0323184602DF57E7424A4649EC
:10F6B00043484FF4AA730AF0E3F886F31188BFF3C6
:10F6C0006F8F0323184602DF002D3FF40EAF5BE778
:10F6D0000025C2F3C002C3F340039A423DD0002785
:10F6E000334A3A4B002111702046012201A91A70B9
:10F6F000FFF776FE337FDA061ED4DDF8048098F833
:10F700000030DB063FF500AF98F80130002B7FF4A6
:10F71000FBAEA5E70027284A2D49294840F20923D6
:10F720000AF0AEF8002383F31188BFF36F8F032331
:10F73000184602DFA08A1DE7DDF80480E4E66FF3D7
:10F74000820384F87E3000F041FB94F87E30327FF3
:10F750000025BEE784F87D20F7E70320F4F7E6FFF5
:10F760000028BCD094F87E3083F0020384F87E3009
:10F77000737F002BB3D094F87E3019072AD4012769
:10F78000AEE70022A4F87C20E06E04F16801F2F7F5
:10F7900017FB019B1B682B60019B1D60019D94F86A
:10F7A0007E30327F95E700BFE5EF03003E69002021
:10F7B000AE6A0020BDF20300AC2D0500301E05002E
:10F7C000581D0500F82D05003C2D0500AD6A0020F0
:10F7D000142E050000F088FD0746002868D000F0D0
:10F7E000ABFD002854D1D4F88F30D4F893201343C4
:10F7F00004D1337F03F00303032B32D0344B35485D
:10F80000022221461A7000F08DF900F073FA00F020
:10F810009DFA78B900F0C0FCE0B1002D3FF411AFC3
:10F82000A08A4FF6FF7398423FF474AF2946F8F769
:10F8300031F9A4E6284A2949294840F265130AF01B
:10F840001FF8002383F31188BFF36F8F032318463B
:10F8500002DFDFE700F094FC00F098FC002DDFD120
:10F86000EFE600F0B7FA4378272B0146C6D80333FA
:10F87000DAB206F11C0010F0C2FDD4F88F30D4F8D3
:10F880009320013BC4F88F3042F1FF33C4F893302A
:10F89000D4F88F300E4A0133C4F88F30D4F8933047
:10F8A00004F18F0143F100034B600123137066E7FD
:10F8B000094A0C490A484FF4916309F0E1FF87F3C4
:10F8C0001188BFF36F8F0323184602DF87E700BF5D
:10F8D000AB6A0020E5EF0300AC2D0500442D0500C8
:10F8E000581D05000C2E050010B582B00446FEF729
:10F8F00059FE00281BDB154A1549164800940023C1
:10F90000F5F7A6F808B1773001D102B010BD124A60
:10F9100012491348552309F0B3FF002383F31188DC
:10F92000BFF36F8F0323184602DF02B010BD0A4AEF
:10F930000C490B484C2309F0A3FF002383F31188E3
:10F94000BFF36F8F0323184602DFD4E7717D0200F7
:10F9500035F1030009F103002C2E0500801F05007E
:10F96000581D0500982C05004FF080530246D3F82F
:10F97000A410013107D04FF08051D1F8A00010F051
:10F98000010009D17047D3F8A8304FF6FF719BB240
:10F990008B42F0D100207047D1F8A4301360D1F829
:10F9A000A8301371C3F3072363F03F035371D1F8F9
:10F9B000903001331CD0D1F89430013318D0D1F8F5
:10F9C0009830013314D0D1F89C30013310D0D1F8E5
:10F9D0009030C2F80630D1F89430C2F80A30D1F82D
:10F9E0009830C2F80E30D1F89C30C2F8123008E0DE
:10F9F0000023C2F80630C2F80A30C2F80E30C2F84E
:10FA000012300120704700BF00234FF08052036086
:10FA100043608360C360D2F88030013318D0D2F8DD
:10FA20008430013314D0D2F88830013310D0D2F8AA
:10FA30008C3001330CD0D2F880300B60D2F8843097
:10FA40004B60D2F888308B60D2F88C30CB60704736
:10FA500000230B604B608B60CB607047054B4FF40D
:10FA600080320021C3F80815C3F84423C3F80423E7
:10FA7000704700BF00B00040054B1878421C1A7058
:10FA800018B9044B01221A6070470120704700BF6B
:10FA9000AF6A002000B0004038B50E4D2C784CB154
:10FAA000601EC0B2287018B90B4B01225A6038BDD5
:10FAB000012038BD094A0A490A48712309F0E0FECD
:10FAC00084F31188BFF36F8F0323184602DF2C786D
:10FAD000E6E700BFAF6A002000B000408C2E0500B2
:10FAE000D82E0500581D0500014BD3F804057047BA
:10FAF00000B00040024B00F5A87043F8201070479A
:10FB000000B00040044BD3F8103123B1034A044B3A
:10FB100010681B681847704700100040705500209F
:10FB20007455002038B5044601200D46EBF7F2FB72
:10FB3000084B094A1C600949094B15601020022234
:10FB4000C1F80403C3F88021BDE838400120EBF779
:10FB5000D3BB00BF7455002070550020001000403A
:10FB600000E100E04FF080434FF0FF320021C3F886
:10FB7000002EC3F8042EC3F8081EC3F80C2EC3F8D9
:10FB8000101EC3F8142EC3F8182EC3F81C2EC3F889
:10FB9000202EC3F8242EC3F8282EC3F82C2EC3F829
:10FBA000302EC3F8342E704710B50120EBF7B2FBAE
:10FBB000064B074800244FF490514FF41052C0F800
:10FBC0001845C3F80018C3F8042810BD00F0014020
:10FBD00000100040704700BF054B02280CBF0421F5
:10FBE000032140F20122C3F81015C3F850267047D4
:10FBF00000100040014BC3F80C0570470010004096
:10FC0000014BC3F80805704700100040084B00F096
:10FC10007F00C3F85405D3F8182522F00072C3F80A
:10FC20001825D3F8182542F00072C3F8182570473C
:10FC300000100040084A00210123C2F82C15C2F828
:10FC40003035C378C2F824358178038843EA01430C
:10FC50001B02C2F81C35704700100040C2F382033B
:10FC6000A3F1020302F00302B3FA83F3013A5B0942
:10FC70001B06022A98BF43F4801300F00F000A4AC3
:10FC8000184340F48070C2F81405D2F81805074BE9
:10FC90000340C2F81835D2F81835194341F4403101
:10FCA000C2F81815704700BF001000400000F8FEB1
:10FCB000014BC3F80405704700100040014BC3F826
:10FCC000040570470010004002280CBF282029209E
:10FCD000704700BF012070472920704702280CBFE1
:10FCE00005200A20704700BF014B01221A607047AF
:10FCF00000100040084A094910B401234FF4106471
:10FD00000020C2F808455360D360C1F800020B61BF
:10FD10005DF8044B704700BF00F001400010004048
:10FD2000094B0022C3F80021D3F80011C3F80421C5
:10FD3000D3F80411C3F80C21D3F80C11C3F8102127
:10FD4000D3F81031704700BF00100040034BD3F8C8
:10FD50000001003818BF0120704700BF00100040AC
:10FD6000034BD3F80401003818BF0120704700BFCF
:10FD700000100040034BD3F80C01003818BF0120DD
:10FD8000704700BF0010004001207047034BD3F8BC
:10FD90005005B0FA80F04009704700BF00100040E5
:10FDA000044B40F20312C3F83425C3F83805C3F8F6
:10FDB0003C15704700100040034BD3F80004003896
:10FDC00018BF0120704700BF001000400048704776
:10FDD00070540020004870476C530020F0B41D4B55
:10FDE0001D4D1E4E1E4C1F4F0322C3F800222A78C1
:10FDF000C6F8687502F10C03DBB2D000DB0091009D
:10FE000003F1804300F1804003F5F83300F5F8304A
:10FE100001F18041C6F86C0501F5104104EB820444
:10FE20001148C3F81045C3F81405D1F840352D2BFF
:10FE30008ABFD1F8403501232D3BC1F8403501324E
:10FE4000064B4FF4106102F00102C3F804152A704A
:10FE5000F0BC704700100040B06A002000F0014084
:10FE6000409100400C110040041000402DE9F04189
:10FE7000284E294C294FDFF8ACE0DFF8AC80032393
:10FE8000C6F800322178CEF8688501F10C03DBB2A8
:10FE9000DB00CD0003F1804303F5F83305F1804525
:10FEA00007EB810705F5F835CEF86C554FEA810C64
:10FEB000C3F8107549F63465C3F814654AF2B813EF
:10FEC000022A18BF1D460CF1804C42F2B84241F2A2
:10FED0008833022818BF13460CF5104C104A2B44E7
:10FEE000A2FB0323DCF84025B2EB931F85BF9809E2
:10FEF000DCF8403501231B1ACCF840350131094BA1
:10FF00004FF4106201F00101C3F804252170BDE82F
:10FF1000F08100BF00100040B06A00204091004016
:10FF2000D34D621000F001400C1100400449054B14
:10FF300003204FF41062C1F80002C3F8082570478F
:10FF40000010004000F00140034B0022C3F81C21C8
:10FF5000D3F81C31704700BF00100040034BD3F8AA
:10FF60001C01003818BF0120704700BF001000407E
:10FF700010B44FF0000C4FEA8C0303F1804303F5FB
:10FF800080531468C3F800460CF1010C9488C3F840
:10FF90002046BCF1080F02F10602ECD1034B40EA07
:10FFA0000120C3F840065DF8044B70470010004084
:10FFB000034AD2F8403623F0FF03C2F840367047B8
:10FFC00000100040034B0022C3F81421D3F8143171
:10FFD000704700BF00100040034BD3F814010038F5
:10FFE00018BF0120704700BF00100040014BD3F83C
:10FFF00010047047001000400449054B054A4FF4B7
:020000024000BC
:100000008020C1F84803C3F80825704700B00040BD
:1000100000F00140C001700E034B044A1B7803F549
:10002000A87342F823007047B06A00200090004097
:10003000F0B4A2F574232F4DA3F51073AB42044620
:1000400006D902F1E87202F5D432013902F5A5723F
:10005000294B2A482A4D2B4E0127DF600027C3F881
:100060000475A0FB02020427C3F81075900C022748
:10007000C3F80875244AC3F84005C5F848154FF47D
:100080008021C5F844134021C2F84065C2F84435C8
:10009000C2F804154CB34FF48013C2F804351B4A60
:1000A000012100240423D160C2F80445C2F81035B0
:1000B000154BC2F8084511601549C3F850150C32AC
:1000C000C3F8542502F5AF32124CC3F8584502F577
:1000D000FC7201F50041C3F85C2538310832C3F8E1
:1000E0006015C3F86425F0BC70474FF40013C2F8E4
:1000F0000435D4E7BFBDF07F0080004083DE1B43A2
:1001000000B0004048B1004000F0014000900040C5
:100110000C11004040910040014BD3F84805704756
:1001200000B000400349044A01234B600B61536057
:100130001361704700800040009000400449054B67
:10014000C1F844054FF08862C3F80425704700BF2A
:100150000080004000F00140054B06480649074A70
:10016000C3F84805C3F84C15C3F80425704700BF11
:1001700000F0014000110040408000408000000479
:10018000014BD3F84405704700800040014B1860D4
:10019000704700BF68530020014B1868704700BFCC
:1001A00068530020014BD3F84005704700800040A1
:1001B000024B4FF00062C3F80425704700F0014085
:1001C000014BD3F84805704700800040014BD3F83D
:1001D00048057047008000401F4B30B40024C3F82E
:1001E00000450224A142C3F8004505462DD003F581
:1001F00080334FF00071194CC3F80415164B1849A1
:10020000C3F80445D1F818151648174CC9B204397B
:10021000C3F818150021C3F80855C3F80C05C3F836
:100220001025C3F81445C3F80012C3F80011D3F821
:100230000021C3F80411D3F80421C3F808110122E6
:10024000D3F808111A6030BC7047084B084C4FF0C7
:100250000071C3F80415D1E700F00040010000016F
:10026000001000406C5300205C52002000F0014060
:100270000100010130B4174B00240222C3F80045ED
:10028000C3F80025144AC3F80425144AD2F81825E7
:10029000D2B20546043AC3F818251148C3F80855E8
:1002A0000122C3F80C150F49C3F81005C3F8141543
:1002B000C3F80022C3F80041D3F80011C3F8044189
:1002C000D3F80411C3F80841D3F808111A6030BC00
:1002D000704700BF00F00040000001010010004026
:1002E0006C5300205C52002038B5114C0223C4F836
:1002F0000433D4F8043163B92025EFF3118085F37A
:100300001288BFF36F8F0AF049FAD4F80431002B3A
:10031000F3D0074B074A02204FF40041C3F808030B
:10032000C2F88011D3F80801B0FA80F0400938BD56
:1003300000F0004000E100E0034BD3F80004003877
:1003400018BF0120704700BF00F00040F0B4194A08
:10035000194BD2F80455194E0024013D0327C3F868
:100360000075C3F80405C3F80815C3F81055C3F8A1
:100370001465C3F80041D3F80011C3F80441D3F861
:100380000411C3F808414021D3F80831C2F86015C0
:10039000D2F800320A4943F04003C2F80032C2F8F2
:1003A00028414FF40003D2F82821C1F80435F0BCED
:1003B000704700BF0010004000F00040585200207D
:1003C00000F00140014BD3F80004704700F00040FA
:1003D00010B4084A084C09490023C2F828314FF4E8
:1003E0000000D2F82821C4F80035C1F808055DF8EE
:1003F000044B70470010004000F0004000F0014046
:1004000038B5164BD3F828312BB3154C0123C4F85B
:100410000433D4F8003163B92025EFF3118085F35C
:100420001288BFF36F8F0AF0B9F9D4F80031002BAE
:10043000F3D00B4B0B4A01204FF40041C3F80803E3
:10044000C2F88011D3F804212AB1D3F80801B0FA18
:1004500080F0400938BD002038BD00BF00100040CA
:1004600000F0004000E100E00139012905D80B202F
:100470000AB1EAF741BFEAF74DBF08B5074A084994
:1004800008482D2309F0FCF9002383F31188BFF3FA
:100490006F8F0323184602DF08BD00BFE42E05005E
:1004A000301E0500581D050029B10139012905D864
:1004B0000B20EAF743BF1820EAF740BF08B5084A07
:1004C00008490948412309F0DBF9002383F3118827
:1004D000BFF36F8F0322104602DF184608BD00BF2E
:1004E000E42E0500301E0500581D050088420FD07F
:1004F000012807D002280DD1A1F10100B0FA80F047
:1005000040097047A1F10200B0FA80F0400970473D
:100510000120704700207047012908B511D0022939
:100520000FD0A1B10D4A0E490E487B2309F0A8F95E
:10053000002383F31188BFF36F8F0323184602DF74
:1005400008BD094B4FF40062C3F8002108BD064BFB
:100550004FF08072C3F8002108BD00BFE42E0500F3
:10056000301E0500581D050000E100E008B50FF041
:100570004BFD08BD032810B5044604D8124B1C5D82
:100580009CB1204610BD114A11491248292309F097
:1005900077F9002383F31188BFF36F8F0323184685
:1005A00002DF094B1C5D002CEBD1084A0A490948BF
:1005B0002C2309F065F984F31188BFF36F8F0323AF
:1005C000184602DF204610BDB42F0500342F050069
:1005D000842F0500581D0500A42F0500013810B513
:1005E0001C46042863D8DFE800F014221B2903000E
:1005F00004292CD0304A31493148B82309F040F958
:10060000002383F31188BFF36F8F0323184602DFA3
:1006100010BD04292BD0284A284929484C23EDE74E
:1006200004291CD0244A254925487A23E6E70329D2
:1006300025D0214A214922486323DFE703292ED010
:10064000042924D01C4A1D491D48A023D6E71D4B70
:100650009C60BDE8104002210320F1F717BC1A4B43
:100660009C60BDE8104002210120F1F70FBC174B40
:100670009C60BDE8104002210020F1F707BC144B3C
:1006800001219C60BDE810400846F1F7FFBB114B0B
:1006900002219C60BDE810400846F1F7F7BB0E4B05
:1006A0009C60BDE8104001210220F1F7EFBB024A37
:1006B00002490348BE23A1E7342F0500301E050080
:1006C000581D0500CC060020FC0600201C07002059
:1006D0000C070020DC060020EC060020014600206C
:1006E000FFF708BA124B30B40121044600205960CC
:1006F000C3F80445C3F80001C3F80401196005E01C
:10070000D3F8042132B9D3F804251AB1D3F8002163
:10071000002AF5D05960D3F80421002AE7D1D3F894
:100720000455002DE3D0C3F8042530BC704700BF4A
:1007300000E0004070B5174C0126D4F804556660FF
:100740000E20EAF7E7FDD4F8040140B10021C4F817
:100750000411D5E90E323046BDE870401847D4F890
:10076000006146B1C4F80001D5E90E3205F120015F
:10077000BDE870401847084A08490948E42309F0D1
:100780007FF886F31188BFF36F8F0323184602DFCB
:1007900070BD00BF00E00040B82F0500301E05000E
:1007A000581D050070B58CB00E4615460146102246
:1007B00068461C46F1F7CAFA10220DEB02003146DA
:1007C000F1F7C4FA6846FFF78DFF25B1102208A99A
:1007D0002846F1F7BBFA2CB108AD0FCD206061605F
:1007E000A260E3600CB070BD020600F07F0312D57A
:1007F000082B05D1010700F00F0306D50E487047FE
:1008000010F0780F12D100F00F034C2000EB4310D2
:100810000A4B18447047082B05D1020700F00F035C
:1008200006D50748704710F0780FF6D000207047C3
:10083000044800EB43107047F4560020A8550020F0
:100840001458002014570020014902480FF04FBBF4
:10085000D0550020C0270020014601480FF08FBA74
:10086000900A002002480022002305F0C7BE00BF06
:10087000900A002013B5124800F0FCFE114B98427C
:100880001AD1114803F014FC0024104803F056FC60
:100890000F49104800944FF0FF334FF4806206F088
:1008A000F9F80D490B480FF0B5FB0C480C490FF057
:1008B00002FB204602B010BD6FF00400FAE700BF53
:1008C000C90A04000000AD0BE54205000430050034
:1008D00080870020C0270020D7420500D055002087
:1008E000E50B040010B50E49BFF35B8F002351E800
:1008F000002F012A03D141E800300028F7D1BFF3CF
:100900005B8F0CD151F8044C1439204609F041F9A1
:10091000783004D12046BDE8104009F016B910BD6A
:10092000C855002038B5002464F07F00C0B2FFF73E
:100930005BFF01340DF022FA082CF5D10E4D002496
:10094000E0B2FFF751FF036903B9056101340DF00F
:1009500015FA082C05F14005F2D108480DF00EFA01
:10096000074BD3F87C2212B9064AC3F87C2206480A
:100970000DF004FA002038BD385C0020F456002049
:10098000A8550020385800201458002010B5054CF8
:10099000FFF768FF20B1416820460FF0C9F8F7E77C
:1009A00010BD00BF4009002007B500230E480022FB
:1009B00001A905F06DFC90B1FFF7E8FF0A4800229D
:1009C000002301A905F064FC38B9019804234060B4
:1009D0000374FFF741FFFFF737FF002001E00198A4
:1009E000406003B05DF804FB40090020022810B508
:1009F00011D8094B1C5CFFF7D7FF60B100220274CD
:100A00000472FFF729FF054B93F824301BB1BDE8B2
:100A10001040FFF719BF10BDE2420500A8550020A5
:100A2000F8B5877806463846FFF7DEFE3B06F578D0
:100A3000044612D5002D43D1FFF7B6FF0346002828
:100A40003ED00122A5770274032202739C60FFF757
:100A500003FFBDE8F840FFF7F7BE4DB1012D2FD1E0
:100A6000FFF7A2FF034658B3657705740573EDE7FA
:100A7000FFF79AFF20B3B278124B12F0800F02F00A
:100A8000080111D041B1D3F8A836E3600123037403
:100A9000022303738460DAE702F00F02142101FBE2
:100AA0000233D3F80836F0E711B1D3F8A837ECE7F2
:100AB00002F00F02142101FB0233D3F80837E4E7F8
:100AC000F8BD00BF00700240F0B5064689B01422A0
:100AD000002103A80FF0BBFC3378013B052B21D884
:100AE000DFE803F07A0314146A1603238DF8143038
:100AF0000024FFF759FF0346A0B1047400F1080277
:100B0000DDE9050182E8030018461DE00423EDE756
:100B1000B7783846FFF768FE837A044623B1013B75
:100B2000022B43D909B0F0BD3B06F57813D5002D53
:100B3000F8D1FFF739FF03460028F3D00122A5774B
:100B40000274032202739C60FFF786FE09B0BDE8C1
:100B5000F040FFF779BE55B1012DE3D1FFF724FF37
:100B600003460028DED0657705740573EBE7FFF7D1
:100B70001BFF07460028D5D001230374022303730B
:100B8000846004F10C01B0780DF062F9134AE16859
:100B9000B2F88C328B4206D95B1AA2F88C3201F083
:100BA000B7F83846D0E7A2F88C52FAE7304609B0D9
:100BB000BDE8F040FFF734BF01A801F087F89DF8C9
:100BC0000530052B04D19DF8043013F0600FA9D037
:100BD000034B059301248CE702248AE7A8550020E3
:100BE000145700202DE9F043A64CDFF89C9285B005
:100BF0008046FFF737FE074610B905B0BDE8F08321
:100C000094F825303A7C3BB9002A00F08680796858
:100C10009D480EF08DFFECE7042A42D8DFE812F081
:100C20007D0005000001160140013B7BBD68032BE0
:100C300037D8DFE803F0023D5A5F6E69934B00221C
:100C400032607260D3F880143170D3F884147170FC
:100C5000D3F88814D3F88C0441EA00217180D3F8CA
:100C60009014D3F8940441EA0021B180D3F8981489
:100C7000D3F89C3441EA0323F3800823EB60306807
:100C80007168834B03C311462B68687A984796F9BD
:100C90000030002B08DBF38833B1A4F88C3201F06C
:100CA00037F879684846B4E70023A4F88C32F8E7AF
:100CB0006B7F002BF5D02B7F002BF2D000266E77B8
:100CC0004FF0FF3273482E774FF0FF330DF069F885
:100CD0006B6901936B68CDE9023601A9687A00F06F
:100CE0001FFD6C480DF05FF8DBE72B680121687A87
:100CF0009847D6E7AB7A6BB9EB7F5BB965484FF0A5
:100D0000FF324FF0FF330DF04CF801F007F8614867
:100D10000DF049F82B680221E9E73A7A042AC0D895
:100D2000DFE802F059032367730000F02BFC05464F
:100D30000028B6D100F066FBBFF35B8F5649012354
:100D400051E8002F002A03D141E800300028F7D1F4
:100D5000BFF35B8FA5D141F8085C41F8105CE069F6
:100D60006361143908F09AFE9BE7002565F07F0067
:100D7000C0B2FFF739FD037A13B1407A01F032F9BE
:100D80000135082DF2D194F854311BB194F8550176
:100D900001F028F90025E8B2FFF726FD037A13B128
:100DA000407A01F01FF90135082DF4D194F874321E
:100DB0001BB194F8750201F015F9002000F0C6FB94
:100DC000012384F825302368002B3FF46AAF00210B
:100DD0000220984765E7002584F8255001F068F85F
:100DE000FFF780FD2368002B3FF45BAF294604200A
:100DF000EFE7002B3FF455AF00F0CEFB2368002B4C
:100E00003FF44FAF00210520E3E72268002A3FF4BA
:100E100048AF002B3FF445AF00210620904740E744
:100E200008F110054FF0FF334FF0FF3228460CF069
:100E3000B8FFFFF777FD28460CF0B5FF58F8283CBF
:100E4000002B3FF42EAF00210120C2E794F874324A
:100E50007BB1012584F8895284F88852FFF7A4FDFC
:100E600038B10E4A057405738260FFF7F5FCFFF791
:100E7000EBFC58F8283C002B3FF413AF00210A206C
:100E8000A7E700BFA85500204009002000700240DD
:100E9000AC550020E0550020C85500201458002013
:100EA0000DF0F2FB01F004F800F0A2FAFFF76EFD7E
:100EB000FFF738FD0DF0E1FB014800F0DBFBF0E649
:100EC000C90A040038B5164D95F824402CBB05F12D
:100ED00038000EF084FE204601F0DCF922460121A4
:100EE000E8612720EAF738FA0DF0C7FBFFF71AFD93
:100EF000044610B9012385F824300A4B1B680BB156
:100F0000FFF7A2FC4FF08043D3F83834DB0702D55B
:100F10000020FFF76BFD204638BD0024FBE700BF33
:100F2000A8550020900A0020074B93F824203AB1DE
:100F300093F82530002B14BF00206FF0120070478B
:100F40006FF01200704700BFA855002038B5104B55
:100F500093F824300446C3B105782846FFF744FCD3
:100F600010B96FF0150038BD45722379837263881C
:100F700043602078618810F0080F02D14B1E0B42AD
:100F8000EFD10CF060FF0020EDE76FF01200EAE710
:100F9000A855002038B5124B93F824200546CAB155
:100FA00093F82530B3B1FFF71FFC0446A8B1837A4C
:100FB000012B12D007D9023B012B07D96369A3612A
:100FC0000020E06038BD00F0AFFEF7E7284600F0F3
:100FD00051FEF3E76FF01200F4E76FF01500F1E750
:100FE000A855002038B50E4B93F82420054682B151
:100FF00093F825306BB1FFF7F7FB68B115F00804E3
:101000000AD1284600F058FE284601F023F8204671
:1010100038BD6FF01200FBE76FF01500F8E700BF76
:10102000A855002038B50C4B93F8242005460C46F3
:1010300062B193F825304BB1FFF7D6FB48B144B10C
:10104000284600F01FFE2070002038BD6FF012000F
:10105000FBE76FF01500F8E7A855002070B5134EB8
:1010600096F824300446C3B1FFF7BEFB0546B8B17D
:10107000230705D4204600F01FFE204600F0EAFFBB
:101080002B7A83B901232B7296F825300BB90020F7
:1010900070BD204600F0A6FFF9E76FF01200F7E7F9
:1010A0006FF01500F4E76FF07700F1E7A855002026
:1010B0002DE9F043DFF8EC801E4698F8243085B027
:1010C000074689461546002B61D098F82530002B3D
:1010D0005DD003065ED5FFF787FB0446002859D094
:1010E000037A002B56D04FF0FF334FF0FF3208F158
:1010F00038000CF056FEA37F4BB108F138000CF01D
:1011000052FE6FF00A04204605B0BDE8F083A37AD2
:10111000C5B13BB30123A3774FF0000801A93846BE
:10112000CDE90195CDF80C8000F0FAFA1B4B9842FE
:1011300029D084F81E801EBB6FF0040418480CF000
:1011400032FEE0E7E27F02B1E577002BE2D100F06A
:10115000F1FD8742DED000F0E1FD11480CF023FEE6
:101160000024D0E7B8F80A30AB42F0D96268B5FB8A
:10117000F2F302FB1353002BE9D10123E377E6E7F7
:10118000C6F80080D8E706B135600024D6E76FF0D6
:101190001204B8E76FF01504B5E700BF0000AD0B0F
:1011A000E0550020A85500202DE9F0411D46204BB8
:1011B000174693F824200E46002A33D093F82530A2
:1011C00083B3030631D401B97FBBFFF70DFB04469F
:1011D00058B3037A4BB34FF0FF3316484FF0FF324A
:1011E0000CF0DFFDE368BB42984628BFB84646B91D
:1011F0003FB905B12B600F480CF0D5FD0020BDE8CC
:10120000F081A169424630460FF0F9F8A3694344E2
:10121000A361E368A3EB0803E360002DEBD0C5F8FE
:101220000080E8E76FF01200E9E76FF01500E6E7ED
:10123000A8550020E055002070B51E4D95F82420DB
:10124000034682B395F825206AB31B062ED4FFF718
:10125000CBFA044650B3037A43B34FF0FF334FF059
:10126000FF3205F138000CF09CFDE368B3B90126AC
:1012700063692677A361637F83B1FFF795FB30B97C
:1012800005F138000CF08FFD6FF00B0070BD067497
:1012900084600673FFF7E0FAFFF7D6FA06480CF011
:1012A00082FD0020F2E76FF01200EFE76FF015000B
:1012B000ECE700BFA8550020E055002010B5084B12
:1012C00093F824300C462BB1FFF78EFA28B1046056
:1012D000002010BD6FF01200FBE76FF01500F8E77B
:1012E000A8550020014B1860704700BFA85500208A
:1012F00008B5074B93F8243023B1FFF775FA20B1F6
:10130000406808BD6FF01200FBE76FF01500F8E7CA
:10131000A85500204FF08053D3F83021082A06D179
:10132000D3F83431052B04D8034AD05C7047002031
:1013300070470120704700BFE6420500064B10F0E1
:10134000800FA3F1D80208BF134600F00F00182247
:1013500002FB0030704700BF505F0020EFF31180A8
:10136000202383F31288BFF36F8F0A4BD3F8001C3E
:10137000032261B949F27531C3F8001CC3F8142D7A
:10138000C3F8001C80F31188BFF36F8F7047C3F858
:10139000142DF7E700E00640EFF31180202383F3DC
:1013A0001288BFF36F8F0A4BD3F8001C61B949F262
:1013B0007532C3F8002CC3F8141DC3F8002C80F359
:1013C0001188BFF36F8F70470022C3F8142DF6E722
:1013D00000E006404FF08053D3F83031082B02BFB5
:1013E000024B0022C3F81C2C704700BF0070024063
:1013F000024A00231360024A1370704730600020D5
:10140000B56A002008B54A4B4FF40062C3F80024C7
:10141000FFF780FF08B1FFF7A1FF4FF08053D3F82B
:101420003031082B18D1EFF31180202383F3128879
:10143000BFF36F8F3F4BD3F8001CC02200296ED141
:1014400049F27531C3F8001CC3F8142CC3F8001C12
:1014500080F31188BFF36F8F354B0122C3F800254D
:10146000D3F800241205FBD54FF40062C3F8002422
:101470004FF08053D3F83031082B17D1EFF31180A0
:10148000202383F31288BFF36F8F2A4BD3F8001CFD
:10149000002947D149F27532C3F8002CC3F8141C57
:1014A000C3F8002C80F31188BFF36F8FFFF732FF72
:1014B00030B1FFF771FFFFF72DFF08B1FFF74EFFC7
:1014C0004FF08053D3F83031082B194B0AD140F23A
:1014D000E372C3F800284022C3F80428BFF36F8FDB
:1014E000BFF34F8F8022C3F81C250122C3F830259B
:1014F000114B40F2FF121A60104B00211960104B83
:101500001970FFF767FF0F4B19700F4B02221A700B
:10151000FFF700FF50B1BDE80840FFF73DBFC3F83B
:10152000142C95E70022C3F8142CBBE708BD00BFBC
:101530000070024000E006402C600020286000207F
:10154000B16A0020B36A0020B56A0020094B00226E
:1015500010B51A70084A094B094C002808BF1346F9
:10156000C4F800332720E9F7C7FE0123C4F8043587
:1015700010BD00BFB46A0020FDFFDF01FDFFFF01C9
:1015800000700240034B1878012894BF002001200E
:10159000704700BFB56A002010B54FF0FF324FF022
:1015A000FF33154805F096F8EFF31181202383F3FC
:1015B0001288BFF36F8F114B1B7803F0FF0483B1C8
:1015C0000F4BD3F8002412F400720AD10120C3F8A3
:1015D0002C05D3F82C05D3F80004800502D5C3F8F8
:1015E0002C25002481F31188BFF36F8F024805F08A
:1015F00037F8204610BD00BF300A0020B46A002032
:101600000070024010B5EFF31184202383F3128899
:10161000BFF36F8F144B1B7803F0FF00CBB1134A5D
:10162000D2F82C35EBB10023C2F82C354FF08053A3
:10163000D3F83031082B0CD10D4BD3F8001CC0224D
:1016400061B949F27531C3F8001CC3F8142CC3F812
:10165000001C84F31188BFF36F8F10BDC3F8142CE6
:10166000F7E71846F5E700BFB46A002000700240B3
:1016700000E00640F8B51C4B1C7894BB1B4A106078
:1016800001221A7040F2FF17264664F07F0514F01D
:10169000080FEDB214BF3946402128460CF0D3FBA9
:1016A0002846FFF74BFE0134092C86750673066148
:1016B000EBD1002440F2FF17254614F0080FE6B2E4
:1016C00014BF3946402130460CF0BDFB3046FFF7D1
:1016D00035FE0134092C857505730561EDD104488B
:1016E000F8BD0448FCE700BFB56A00203060002068
:1016F0000000AD0B0500AD0B084B10F0800F00F0A3
:101700000F0114BFD3F81025D3F8142501238B4003
:10171000134214BF01200020704700BF0070024038
:101720002DE9F8430246EFF31187202383F3128853
:10173000BFF36F8F030703D1184B1B78834229D166
:10174000174B184E1C68356810460CF074FBE443C8
:10175000A4B24FF001092C4309FA00F814EA080476
:101760001AD11046FFF7EAFD80F80C90034607C92E
:101770001C6183E807009C750B4B0C4845EA080583
:1017800080223560C3F8042187F31188BFF36F8F7F
:10179000BDE8F8830648F7E70648F5E7B36A002096
:1017A0002C6000202860002000E100E00000AD0B6C
:1017B0000A00AD0B0B00AD0B10F0080F074B06D065
:1017C000D3F8C00410F4803F18BF0020704700F029
:1017D0000F0000F5947053F820007047007002402D
:1017E0002DE9F74FAB4BAC4ED3F85421DAB10022C0
:1017F000C3F85421D3F80413890214D58DF80420BA
:10180000D3F82025ADF80620D3F8C034002B336878
:1018100014BF4FF001224FF48072134333609F4B8B
:1018200001A81B6898479B4BD3F8604134B1002254
:10183000C3F86021D3F86C44C3F86C44D3F8282172
:101840004AB10022C3F82821954B18780CF0F3FA1E
:10185000012383401C43DFF86482924F98F80050C4
:1018600098F9009015F0080143D1B9F1000F05F087
:101870000F032EDA8C4A52F8230020B342F82310CB
:101880001422534303F1804303F51C33D3F8083685
:10189000864A117803F001034B401370FFF79AFD5D
:1018A000834804F0DDFE2846FFF748FD837D032BC7
:1018B00037D128460CF0BFFA012303FA00F03B6849
:1018C00023EA00033B60DFF8D4A101254FF00609AD
:1018D0005DE0784A52F823000028F4D042F8231043
:1018E0001422534303F1804303F51C33D3F8083724
:1018F000CEE7B9F1000F674B09DBD3F85021002A7E
:10190000E1D00022C3F85021D3F8A837C0E7D3F8BC
:101910002C21002AD7D00022C3F82C21D3F8A836D6
:10192000B6E7037BDBB928460CF085FA012303FAFE
:1019300000F03B68B9F1000F23EA00033B6001DAD5
:10194000882DC0D106238DF8043000238DF8073090
:10195000524B8DF806501B6801A89847B3E7002D3D
:10196000B1D14C4B0122DA64ADE794FAA4F03268AD
:10197000B0FA80F005FA00F31A430F28326024EA27
:1019800003043A6840F39C80134200F0A980002CC5
:10199000EBD1404BD3F800215AB1C3F80041464B7C
:1019A0001C703F4B1C70012301933C4B01A81B682A
:1019B0009847384BD3F85821002A2ED00022C3F87C
:1019C0005821D3F80044C3F80044E30508D53A4B46
:1019D00001221A7002230193304B01A81B6898471B
:1019E000A50508D5344B00221A70032301932B4B15
:1019F00001A81B68984760050FD52F4B1A7862B174
:101A000000221A70234B0122C3F808259A6504238B
:101A10000193224B01A81B6898471E4BD3F85C31F9
:101A200003B3234B9B681BB998F80030590619D0B3
:101A3000184B0022C3F85C21D3F88034184A23F0F5
:101A40007F0313703B6823F001133B60336823F47A
:101A5000803343F001033360052301930F4B01A84A
:101A60001B6898473A6833681A4200F0EB801048C8
:101A70000022002304F02EFE002840F0E380054BF6
:101A8000D3F82C35002B7BD0094803B0BDE8F04FCC
:101A900004F0E6BD007002402C60002030600020A1
:101AA000B36A00202860002008710240B16A00205B
:101AB000300A002030710240B46A0020B26A00206F
:101AC00013407FF464AF60F07F018DF804908DF8CF
:101AD00006108DF80730DAF8003001A8984756E76D
:101AE000A0F110018DF804908DF806108DF80750C4
:101AF000F1E749F080052846FFF720FC4368B0F87D
:101B000014A001689A4528BF9A4601F06043B3F1DA
:101B1000005F044604D0544852460EF070FC52490F
:101B20002268636852442260A268A3EB0A03D207CA
:101B300068B2636053D5BAF1000F52D1002323730A
:101B40004FE011464FF0000A604545D1003B18BFF9
:101B50000123002A42D0504540D9012303FA09F35A
:101B60002BEA03033B6006238DF804303F4B8DF8CE
:101B7000065002221B68A2758DF8072001A898471D
:101B8000D7F800B033681BEA03093FF47DAF19F0C2
:101B9000012314BF93FAA3F999FAA9F9B9FA89F9BB
:101BA000B9F10F0FA5D9A9F11005EDB22846FFF73D
:101BB000C5FB04462846FFF7FFFD6368B4F814C070
:101BC00022689842BDD81B1A00EB020E11466360D2
:101BD000C4F800E08246B7E70023BAE768B2002BFA
:101BE000ACD04FF08053D3F83031082B02BF204BDC
:101BF0008222C3F81C2C336888F80050012202FAB4
:101C000009F923EA09033360236915F0080F5344E7
:101C10002361174B19D1002805F00F054FF0140070
:101C200000FB0530A9BF0A3503EB8503C0F8001798
:101C3000C0F804A7AFBF43F82520C0F80016C0F8CD
:101C400004A65A6003B0BDE8F08F0028B5BFC3F802
:101C5000A016C3F8A017C3F8A4A6C3F8A4A7B4BFDE
:101C60005A629A64EEE700BF385E002030600020C0
:101C700000700240024B40F48070C3F818057047B2
:101C800000700240030713D400F00F0310F0800F20
:101C9000084A0BBF03F5887303F5847302EB8302D4
:101CA00052F8230008BF5068003818BF0120704761
:101CB0000020704700700240034BC3F80C0540F44D
:101CC0008070C3F80C057047007002400023036069
:101CD00043600E4BD3F880240270D3F88424427002
:101CE000D3F88824D3F88C1442EA01224280D3F836
:101CF0009024D3F8941442EA01228280D3F89824E5
:101D0000D3F89C3442EA0323C3807047007002403A
:101D1000014B0122DA64704700700240014B01223E
:101D20001A65704700700240014B01225A657047E6
:101D300000700240014B1878704700BFB36A002062
:101D400010B50246EFF31184202383F31288BFF30A
:101D50006F8F0CF070F80B49012303FA00F00B6849
:101D600023EA00030B6012F0080101BF02F00F022A
:101D7000054B02F5947243F8221084F31188BFF3E7
:101D80006F8F10BD2C60002000700240F7B5014637
:101D9000EFF31185202383F31288BFF36F8FFFF7D2
:101DA000CDFA064608460CF046F8012211F0800FE5
:101DB00002FA00F22D4818D1036832EA03040AD06F
:101DC0000846FFF7BDFF0323B37585F31188BFF302
:101DD0006F8F03B0F0BD2649347323EA020303601A
:101DE0000B6823EA02030B60EDE70B0715D480298B
:101DF000204B2FD001F00F0404F2DA346400C3F852
:101E00000048D3F80448D3F80478E4B244F002045C
:101E10003C43C3F80448D3F80438154F04683B68C2
:101E200064EA030C1CEA020FCFD013433B6000238B
:101E300033730323B3758DF807300F4B8DF80610FD
:101E400024EA0204062204601B688DF8042001A81D
:101E50009847BAE740F2B474C3F80048D3F804488E
:101E6000D3F80478E4B244F00404D1E728600020F9
:101E70002C600020007002403060002038B504461D
:101E8000094D4FF0FF324FF0FF33284604F022FC9B
:101E90002046FFF77BFF284604F0E2FB034B80223D
:101EA000C3F8042138BD00BF300A002000E100E083
:101EB000F8B54FF0FF324FF0FF332B4804F00AFC27
:101EC0002A4B8022C3F884212720E9F737FA98B1FA
:101ED000274E284B34681B68240C24041C4301271C
:101EE00064BB254D40F2FF1333602720C5F804453D
:101EF000E9F710FAC5F80043204A13788BB11E4B5E
:101F00000021C3F808110121C3F80026C3F8041604
:101F10005960D3F808110029FBD00021C3F808113B
:101F20001170154B0022C3F80025FFF753FA0E4835
:101F300004F096FB124B01221A70F8BD94FAA4F536
:101F4000B5FA85F50F2D2846C6BFA5F11000C0B221
:101F500040F08000030701D4FFF718FF07FA05F5EA
:101F600024EA0504BCE700BF300A002000E100E0DD
:101F70002C6000202860002000700240B16A002020
:101F8000B56A002010B504464FF0FF324FF0FF3322
:101F9000114804F09FFB2046FFF7F8FE04F00F0203
:101FA000012393400D4A14F0800F14BFD2F810158E
:101FB000D2F814156FEA030315BF0B400B40C2F8AB
:101FC0001035C2F81435044804F04AFB044B802253
:101FD000C3F8042110BD00BF300A00200070024089
:101FE00000E100E070B50446FFF786FB68B904F035
:101FF0000F02012514F0800F144B05FA02F205D0F0
:10200000D3F810150A43C3F8102570BDD3F8141582
:102010000A43C3F81425631E062BF6D8EFF3118686
:10202000202383F31288BFF36F8F2046FFF788FECB
:1020300020460BF000FF064A1368854023EA05039B
:10204000136086F31188BFF36F8FDEE700700240E4
:1020500028600020030610B5044605D4FFF712FEE1
:1020600010B12046FFF76CFE014BC3F8184510BDB8
:1020700000700240084B70B5C31A0D4607499B100B
:1020800004465943064840220BF001FF2B46014607
:102090002046BDE87040184748600020B76DDBB6A9
:1020A000C80C050073B50C4C0C4A4023041B00936C
:1020B0000D460B460A49A4106143064609480BF039
:1020C00012FF011E05DA30462B4602B0BDE8704013
:1020D000184702B070BD00BF4860002051DF040007
:1020E000B76DDBB6C80C050010B5EFF311842023E3
:1020F00083F31288BFF36F8F074A136823F002013E
:10210000DB07116002D401200CF01BFA84F3118864
:10211000BFF36F8F10BD00BF98600020002270B524
:10212000012104461046E9F717F90F4801F0E6FAD5
:102130000E4B984215D101F0F1FA26690C49304650
:1021400007F099FC00280BDB012535642469084958
:1021500004F11C0007F08FFC002801DBE56400207F
:1021600070BD6FF00400FBE7792204000000AD0BA6
:10217000083005007FB500220123CDE9022304AB1E
:10218000CDE90433094ACDF800D06B46CDF804D030
:102190000BF0D7FE002805DB4FF480420023684691
:1021A00004F098FA07B05DF804FB00BF71DF04008B
:1021B00030B4104B0C2202FB003301460020D3E95F
:1021C0000E529863EFF31180202484F31288BFF33A
:1021D0006F8F1C6C04F0C00444F002041C6480F394
:1021E0001188BFF36F8F1DB12B46034830BC1847D1
:1021F00030BC704748600020C80C050010B4EFF3F5
:102200001182202383F31288BFF36F8F184801686F
:1022100041F002040460C80708D482F31188BFF3B8
:102220006F8F01205DF8044B01F090BA4FF08041B0
:10223000D1F80C04D1F80C14C907EED5EFF31180D6
:1022400083F31288BFF36F8F0A490B6C03F0C0034E
:1022500043F002030B6480F31188BFF36F8F82F3A6
:102260001188BFF36F8F00205DF8044BFFF7A0BF0C
:10227000986000204860002010B1012804D0704709
:10228000034B1B6C5B0701D1FFF792BF704700BF88
:1022900048600020024AC3B21C2003FB00207047A4
:1022A00048600020094BBFF35B8F53E8002F42F0DA
:1022B000010143E800100028F7D1BFF35B8F9307BB
:1022C00002D4012001F042BA704700BF986000209C
:1022D00010B5EFF31184202383F31288BFF36F8FBF
:1022E000074A136823F001019B07116002D4012003
:1022F0000CF027F984F31188BFF36F8F10BD00BF76
:10230000986000202DE9F0413849BFF35B8F074604
:10231000012251E8003F41E800200028F9D1BFF335
:102320005B8F33B9324933484B60CB608A6007F02A
:10233000B5FB7B1E012B2BD8012F07D14FF080431B
:10234000D3F81C3403F00303012B21D00DF05CFE05
:102350000546F8B9284B1B78E3B14FF080430222C1
:10236000C3F808230646DFF894804FF08044D4F881
:102370001824D4F81834D20315D503F00303012B25
:1023800001D0012F0FD155B386F31188BFF36F8FA2
:10239000BDE8F081EFF31186202383F31288BFF3A9
:1023A0006F8F0125DFE7ADB1304608F0F7F9D4F8BB
:1023B0001835002BDBD1D4F80421002AD7D0C4F87B
:1023C0000431D4F804310123C4F81835C8F8803139
:1023D000A360CCE7002121200DF0CCFEE7E74FF011
:1023E00080430222C3F80423D2E700BF44600020E8
:1023F0003460002064600020B96A002000E100E041
:10240000EFF31182202383F31288BFF36F8F0A4BFF
:10241000D3F8001161B10021D3F80805C3F8001109
:10242000D3F80031C0B282F31188BFF36F8F7047C9
:102430006FF00A00F7E700BF00D00040F0B5034698
:1024400010469C7893F803C0EFF31182202585F3A2
:102450001288BFF36F8F1F7893F801E0E41B04EA42
:102460000C04A04288BFA0B23E180CEA06063D4606
:102470001E7082F31188BFF36F8F0A188A4216D13B
:1024800077450CD1EFF31182202181F31288BFF33D
:102490006F8F1978597082F31188BFF36F8F1B7992
:1024A000241AA34222BF064B01221A60F0BD5E1916
:1024B0000135767901F8016B05EA0C05DEE700BF0E
:1024C00000D00040DB432DE9F04713F001050E4634
:1024D000144604D02248FFF7B1FFBDE8F0879AB355
:1024E000EFF31188202383F31288BFF36F8F0D2041
:1024F000E8F724FF07460D20E8F70CFF88F3118862
:10250000BFF36F8FDFF85CA0DFF85C80CAF8005182
:10251000DAF800314FF400590123CAF8003025469B
:10252000C8F88091DAF8003183B1FFF769FF031E24
:10253000C8F88091F6DB013DADB27355002DF1D1A5
:1025400017B10D20E8F7D8FE2046C6E7EFF311805B
:10255000202383F31288BFF36F8F08F01FF9E1E7A0
:10256000CC60002000D0004000E100E02DE9F04107
:10257000124F0D46144607F1450814B92046BDE830
:10258000F0814FF0FF334FF0FF32384604F0A2F8ED
:10259000224629464046FFF751FF0646384604F0DA
:1025A0005FF83EB94FF0FF324FF0FF33044804F0BC
:1025B00091F8E6E7A41BA4B23544DEE79C60002056
:1025C000B460002038B5194C0122114620460DF0A8
:1025D000EFFB0122002104F118000DF0E9FB40F2AD
:1025E0000743A4F848304FF0706323630C2384F84A
:1025F000343000250E4B84F84550A4F84650D3F8EB
:10260000042542F00102C3F804250121C3F800515A
:10261000D3F80021C3F804132A4619600D20E8F707
:102620009BFE0D20E8F768FE284638BD9C60002020
:1026300000D0004010B5FFF7E3FE002820DB174B69
:1026400093F8322093F8314093F83310141B31EA99
:102650000404C0B20DD193F8472093F8464093F894
:102660004810141B31EA04040BD10D4B01225A60AF
:102670000EE09C180132114084F8350083F83210C6
:1026800010BD9C180132114084F84A0083F84710AD
:102690000448BDE8104003F0E3BF00BF9C60002089
:1026A00000D00040B4600020024B0B600123136097
:1026B000704700BFF06000200048704724300500DC
:1026C00010B5012211460748074C0DF071FBFBF7CE
:1026D000FBF80BF0C2FF20600BF0BBFF6060002036
:1026E00010BD00BFF8600020F06000204FF0804275
:1026F000D2F81015D2F8103501F01E0123F01F0397
:102700000B4343F00103C2F81035024B00221A704C
:10271000704700BFB66A00204FF08053D3F83031C5
:10272000082B20D14FF08042D2F81015CB071AD5D4
:10273000D2F8103501F01E0123F01F030B43C2F83D
:102740001035D2F808315BB1D2F8103523F01F03F1
:102750000B4343F00103C2F810356FF08B00704754
:10276000024B01221A700020704700BFB66A002099
:10277000F8B504460BF06DFF237B05460BB1FBF764
:10278000B9F8134F0026FFF7C7FFE8B9606801F0FA
:1027900061FCA3685B1BA36063682B4463603B78A8
:1027A0000BB1FFF7A3FF237B01363BB9A368002BD6
:1027B000E9D1A068003818BF0120F8BD3046E5F720
:1027C000F7F90028F2D0F4E76FF08B00F5E700BFCF
:1027D000B66A0020F0B587B00E4615460BF039FFFB
:1027E0002946074630460BF038FCC8B3B6FBF7F372
:1027F00007FB1363A3BBB5FBF7F407FB14547CBBC7
:10280000BD4222D34FF0FF324FF0FF33164803F0A2
:1028100061FFFBF76BF802AB01461022C0B1214605
:1028200018460DF014FE01228DF814200F4ACDE950
:1028300000200F48CDE90365FBF750F86846E5F73F
:102840003BF90446084803F00BFF204607B0F0BDF3
:1028500018460DF0FCFDCDE90365FFF789FFF0E7B1
:102860006FF01504F1E700BFF86000207127040045
:10287000645E010070B5037B04460BB1FBF73AF8C8
:10288000194E0125A368032B06D8184AD2F8003444
:10289000DB07FBD5002070BDFFF73EFF08BB2368B8
:1028A0006068196801F0F6FB33780BB1FFF71EFF83
:1028B000636804336360236804332360A368043BC4
:1028C000A360237B0135002BDCD02846E5F770F9A7
:1028D0000028D7D0054AD2F80034D907FBD501200B
:1028E000D9E76FF08B00D6E7B66A002000E0014020
:1028F00070B50D4686B01946284616461C460BF0A4
:10290000ACFB60B345EA04039B0728D1FCB14FF050
:10291000FF334FF0FF32134803F0DCFEFAF7E6FF17
:102920000346CDE9026502A804949BB101238DF80A
:1029300014300D4BCDE9003041F64C50FAF7CEFF84
:102940006846E5F7B9F80446064803F089FE2046D4
:1029500006B070BD8DF81430FFF78CFFF3E76FF011
:102960001504F4E7F860002075280400F0B540680D
:10297000057B01F01F0444EA4514056987B0002D6A
:1029800064D0B2F5001F00F1100506D1214628469B
:102990000BF057FE002007B0F0BD01AE0027B2F5E6
:1029A000800F0197776039D1B3F1007F14BF052301
:1029B00004238DF804300023CDE904630393836876
:1029C00023FA01F111F001011AD1B2F1A07F17D160
:1029D00004F01F03620903F5E0732AD0012A3BD1FA
:1029E0001F4A52F82330DB070AD40DF103063246A2
:1029F0002146284601F088F91A4B98421CD00296CD
:102A000003AA2146284601F041F8174B984220D1ED
:102A100001222146284601F0DBF9BBE7B3F1C06F84
:102A200005D0B3F1007F14BF01230223C1E70323C4
:102A3000BFE74FF0A042D4E73146284601F0C2F983
:102A4000094B9842DBD06FF00B00A4E76FF08500D4
:102A5000A1E76FF015009EE751F82330FFDE00BFBD
:102A6000000300500400AD0B0000AD0B38B5456805
:102A70002B69B3B11035284601F094F9044680B9AA
:102A80000146284601F05AF9084B98420BD10849F3
:102A90002246284601F032F9224605210620E8F7B1
:102AA0005BFC002038BD6FF00400FBE70000AD0BBD
:102AB000B52A0400420970B5034602D0012A17D096
:102AC00070BD0D4E326951680029F9D003F01F0323
:102AD00001250C689D400029F2D08A682A4002D066
:102AE0004B68304698472CB1236821461C46F2E7D4
:102AF000024EE7E72346F8E7F80C0500E00C050076
:102B00002DE9F043466840F20635D006337B87B0A6
:102B100002EA050554BFC2F34010032001F01F076D
:102B2000B5F5837F144647EA43178DF8030045D077
:102B30000FD8062D18D007D8B5B1022D40D06FF0B0
:102B4000150007B0BDE8F083B5F5807FF7D101250A
:102B50000AE040F20222954234D0B5F5407F33D0EE
:102B6000B5F5007FEBD102250123220303FA01F121
:102B70002CD57368C3F80815326982BB07F01F03B0
:102B80007F0929D0012F77D13E4A02EB830284F4DA
:102B90008033D2F80017C3F30043C4F3404444EA3F
:102BA000430421F4E16144EA800421F0070144EA8E
:102BB00005230B43C2F800370020C2E70725D3E7FF
:102BC0000425D1E70525CFE70325CDE7630344BFFF
:102BD0007368C3F80C15CFE74FF0A042D5E7103665
:102BE0000DF102023946304601F08EF814F4403FF0
:102BF00080460CD1394630460BF021FD224B9845DA
:102C0000DAD19DF80210304601F0D6F8D4E701ABD6
:102C10004FF0000903AA39463046CDE90439CDE921
:102C20000199CDF80C9000F031FF174B984286D1F6
:102C300014F4003315D09DF803308DF80E3084F471
:102C40008034C4F300444B4603AA394630468DF81D
:102C50000C508DF80D4000F0D3FF0B4B9842CDD0B7
:102C60006DE7CDE9043303AA0DF10303394630467D
:102C7000039300F00BFFF0E703F5E07352F8233005
:102C8000FFDE00BF000300500000AD0B0B680068C2
:102C9000C01A024BC0105843704700BFABAAAAAA83
:102CA000D0E90001014B0C220DF010BC8D2C04006A
:102CB00038B505690446284640F8044BFFF7F0FF95
:102CC00005F1100003490DF043F9636901221A71FF
:102CD000002038BDA5E304002DE9F047DFF864903B
:102CE00006460C4600250C2701F40008B368AB42E9
:102CF00002D80020BDE8F087726807FB05F3D11801
:102D0000D058097983680269D3F818A0BAF1000F86
:102D100014D0B8F1000F0FD0126801238B4013427A
:102D20000AD084F0C06202EA090302F0B072D04710
:102D30000028DFD10135D9E72246F4E76FF05700CC
:102D4000D8E700BF400000062DE9F84F04460D46C5
:102D500029B1012925D06FF08500BDE8F88F0669FB
:102D60000C27B368AB4206D97068002107FB050049
:102D70000BF019FA88B1666800250C277368AB421E
:102D800006D93068002107FB05000BF00CFA30B1C2
:102D90002046BDE8F84F0BF018BB0135E1E70135DF
:102DA000ECE7D0F81080DFF8A8A000254FF00C0960
:102DB000D8F808309D4209D2D8F8047009FB05F60E
:102DC00007EB060BB8590CF000FEB8B96668002591
:102DD0000C277368AB4208D9326807FB05F302EB96
:102DE0000308D0580CF0F1FD48BB606800210BF0DF
:102DF0000BFA2046BDE8F84F0BF00FBB4FF48031C3
:102E000058460BF0D0F90028E0D1DBF808302269F1
:102E10001901126C54509BF8040002EB03130122B9
:102E200002FA00F0C3E902A0B859191D8368DB69F2
:102E3000002BCBD098470028C8D10135B8E74FF414
:102E4000003140460BF0AFF90028CED10135C0E784
:102E5000E1E30400014B01221A60704700C000400A
:102E60000C2903690BD1DB6A064907484B4393FBE6
:102E7000F0F100FB113311605360002070476FF0D8
:102E80008500704790D0030040420F00044B00695A
:102E90000022C3F80021D3F8003103F0E1BB00BFEA
:102EA00000C000407FB505692B6B63B3402901D09A
:102EB0000C292BD105F118064FF0FF324FF0FF33EC
:102EC000304603F0D3FA134B0193286B03230024FD
:102ED00069460394029306F0E1FD4FF0FF324FF094
:102EE000FF33284603F0F6FB286B06F02EFE0A4B54
:102EF000D3F80825EA6201225A60304603F02EFB1F
:102F0000204604B070BD6FF00A00FAE76FF085004C
:102F1000F7E700BF552E040000C0004010B504695B
:102F20000020FFF7B7F920634FF0FF320021204661
:102F30000CF03EFF04F118000CF051FE00220121BC
:102F40000C20E8F709FA0C20E8F7D6F9024B012229
:102F5000C3F80423002010BD00C0004070B5012359
:102F600083400E4ABFF35B8FDC4352E8001F01EA47
:102F7000040542E80056002EF7D1BFF35B8F4FF4F3
:102F8000803282400648C0F80823BFF35F8FBFF34A
:102F90006F8F0B4214BF0120002070BDB061002074
:102FA0000010014070B40E49D1E90034D01AC318A2
:102FB00044F1000422F07F46C1E90034A6F5001375
:102FC000B3F5400F09D2074B1B681A0A1B069C1960
:102FD000054B42F10005C3E9004570BC04F02EBB6F
:102FE000B8280020B4610020C028002011B3BFF32E
:102FF0005B8F0123104A834052E800CF4CEA030C58
:1030000042E800C10029F7D1BFF35B8F0B4A4FF4B0
:1030100080338340C2F80433094BBFF35B8F1B68D6
:10302000BFF35B8FC340DB0742BF064B4FF4003258
:10303000C3F80021704700BFB061002000100140BC
:10304000AC61002000E100E00D4B1868010A0006A9
:10305000BFF35F8F0B4BD3F80435181841F1000113
:10306000B3F5801F0AD2084BD3E90023904271EBDD
:10307000030303D210F1807041F10001704700BFDB
:10308000B461002000100140C02800202DE9F04F5D
:1030900085B016461F469DF840A00446FFF75EFF28
:1030A0000190FFF7D1FFB04271EB070354D23E4BC2
:1030B000301A67EB0101984271F100014FD23B4B8E
:1030C00003EB0413D3E902239F4208BF96425ED06C
:1030D00037494FF4803804F1500508FA04F8AD0080
:1030E000C1F848832046ADB20BF011FA26F07F4BB1
:1030F00005F1804504F5A87305F58835DC464FF0E9
:1031000003090293029A2CF07F4341F82230C1F860
:103110004483D1F80435274A6FF00200C01A604496
:1031200020F07F40904232D9286868B1D1F8043548
:103130000393A3EB0B0020F07F40B0F5000F26D9DE
:1031400020460BF0E4F9039BBAF1000F07D109EB1D
:10315000030C09F10109D5E7BAF1000F09D06FF0AE
:10316000150520460199FFF741FF284605B0BDE847
:10317000F08F0123104ABFF35B8FA34052E8000F8A
:10318000184342E800010029F8D1BFF35B8F0749DB
:103190000E98230101EB0412C8500F9B5360C2E943
:1031A00002670025DDE700BF01008000A82800209D
:1031B00000100140FDFF7F00AC6100207FB51C4C7A
:1031C0001C4BC4F80833C4F848331B4B00254FF0A0
:1031D000FF304FF0FF31C4F80855C3E902014FF446
:1031E0008033C4F80433154B02264FF4003201211A
:1031F000C4F804631120C3F880212A46E8F7ACF82C
:103200001120E8F779F80E4A0123A36023601360C8
:103210000C4B0D4A0093CDE9015500232846FFF7DA
:1032200035FF3046FFF76EF8284604B070BD00BF8A
:103230000010014003000F00A828002000E100E07A
:10324000B0610020A52F0400FFFF7F002DE9F743A8
:103250002F4CD4F8043399070BD5D4F8043143B17B
:103260002C4A0023C4F80431D4F804311368013324
:103270001360D4F80433DA0329D5BFF35B8F264BF0
:1032800053E8002F22F0010143E800100028F7D195
:10329000BFF35B8FD30702D4D4F84031BBB1002514
:1032A000C4F84051D4F84031FFF7CEFEEFF311825D
:1032B000202383F31288BFF36F8F184BD3E9026783
:1032C000B042B94106D282F31188BFF36F8F03B0C9
:1032D000BDE8F0834FF0FF384FF0FF39C3E90289B2
:1032E000D3E900101D604FF48033C4F84833C4F8AC
:1032F0004051D4F8403182F31188BFF36F8F002919
:10330000E5D0009032463B4628468847DFE700BFBD
:1033100000100140B4610020AC610020A82800200A
:1033200030B5431C124C85B005D08442A8BF04467A
:10333000012CB8BF0124FFF787FE0E4B0C4DD3E9DB
:103340000013401AB0F5000F10D22218AA4228BF6D
:103350002A4652184FF0000007490091CDE90100BC
:1033600043F10003FFF792FE05B030BD2A46F0E7B7
:10337000FFFF7F00B8280020A52F040008B5FFF745
:1033800063FE024B1B68C01A08BD00BFB8280020AE
:1033900010B5084C012363601120E7F7BBFF064B13
:1033A000C4F80833C4F84833044B4FF40032C3F870
:1033B000802110BD0010014003000F0000E100E07B
:1033C0004FF08053D3F83021082A06D1D3F8343196
:1033D000052B02D8024AD05C70470020704700BF1E
:1033E0007043050008B54FF08053D3F83021082A08
:1033F0004ED14FF080420021C2F80C11C2F81011DA
:10340000C2F8381502F54042D3F80414C2F820156A
:10341000D3F80814C2F82415D3F80C14C2F82815F0
:10342000D3F81014C2F82C15D3F81414C2F83015C0
:10343000D3F81814C2F83415D3F81C14C2F8401588
:10344000D3F82014C2F84415D3F82414C2F8481550
:10345000D3F82814C2F84C15D3F82C14C2F8501520
:10346000D3F83014C2F85415D3F83414C2F86015E8
:10347000D3F83814C2F86415D3F83C14C2F86815B0
:10348000D3F84014C2F86C15D3F84434C2F8703540
:10349000FFF796FF18B12B4B2B4AC3F88C26FFF78A
:1034A0008FFF18B1294BFB22C3F81825FFF788FFBF
:1034B00070B14FF080414FF08053D1F8E42ED3F833
:1034C000583222F00F0203F00F031343C1F8E43E19
:1034D000FFF776FF20B11E4B4FF40072C3F8402671
:1034E0004FF08053D3F83031082B09D14FF080438F
:1034F000D3F80024D20744BF6FF00102C3F80024C0
:10350000144AD2F8883043F47003C2F88830BFF30D
:103510004F8FBFF36F8F4FF08053D3F83021082ABD
:103520000ED1D3F83431052B02D80B4AD35C3BB112
:103530004FF01023D3F808224FF08043C3F85825EA
:1035400008BD00BF005000404881030000F000406B
:103550000090024000ED00E06A43050030B50468C9
:10356000CCB1BFF35B8FB4FA84F3C3F11F03DBB2BA
:1035700001229A4024EA020250E8005FA54204D1E9
:1035800040E8002CBCF1000FF6D1BFF35B8FE6D111
:1035900002480B7030BD0248FCE700BF0000AD0BD5
:1035A0000200AD0B10B50368CB40DB0714D4012338
:1035B0008B400268BFF35B8F43EA020150E8004F83
:1035C000944204D140E8001CBCF1000FF6D1BFF3D7
:1035D0005B8FEED1014810BD0148FCE70000AD0B48
:1035E0000400AD0B2DE9F04700F160404C1E04448F
:1035F000DFF834801F461646050B240BFF234FF0DF
:10360000010AA54201D9BDE8F08718F805109942D2
:1036100001F00F00894604D0090932460AFA01F187
:10362000B84701354B46ECE776430500014BFFF701
:10363000D9BF00BF2DE50400F7B50546F8B1012854
:103640001BD104224FF4807301464FF080400344A5
:103650000244C0F808130026012111601E608D424B
:103660001B688DF8071008BF0DF1070642F21074B1
:103670004FF0804745B1012D28D003B0F0BD0C229A
:103680004FF482730221E0E7D7F8183403F4803353
:103690003EB9002BF1D001200AF046FF013CF3D1E6
:1036A000EBE7D7F8182402F003023260002BE4D0D5
:1036B0009DF80700012803D10AF036FF013CD9D15B
:1036C000012DDAD10C4B00225A71D6E7D7F80C3411
:1036D00003F480333EB9002BF4D001200AF024FF1C
:1036E000013CF3D1EEE7D7F80C2402F0010232706E
:1036F000002BDDD1E6E700BFB8610020044B1A794A
:1037000022B9012218609A80024870470248704727
:10371000B86100200000AD0B0C00AD0B08B5094BE3
:103720001B682BB10020E7F709FE08B9E7F7E4FDB5
:103730004FF080430022C3F81825034B01221A7072
:1037400008BD00BFB8610020B76A002010B510B1F5
:10375000012843D010BD4FF08043D3F81814D3F89C
:103760001824C80321D502F00303012B04D013B1A0
:103770000020FFF761FF00234FF080420220C2F8D3
:10378000183508224FF4827303F180430021196039
:1037900002F180421C6801241460154A12680AB3C1
:1037A0004FF08043C3F80403D4E7D3F81424D107BF
:1037B000E1D5D3F81C249207DAD40D4A12681AB165
:1037C0000222C3F80423C5E7D3F80421002AFBD062
:1037D0000022C3F80421D3F80431BBE700224FF4E0
:1037E0008073D1E71A68002AFCD019601B68B1E722
:1037F000B861002010B54FF08043D3F800216AB1C2
:103800000022C3F80021D3F800210122C3F80823C5
:10381000114B587910B95A711B6898474FF0804383
:10382000D3F8042172B10022C3F80421D3F8042193
:10383000D3F81824D3F81824920704D10122C3F82E
:1038400018259A6010BD0222C3F80823024BBDE878
:1038500010401B6801201847B8610020036803F07E
:103860001F025B09026004D0012B034818BF00202F
:1038700070474FF0A040704700030050034A4309CF
:1038800000F01F00D35C1844C0B27047B643050077
:1038900070B50546FFF7F2FF0C4C08300E4634F8C1
:1038A0001030DA0508D5C3F3432304EBC3022846DE
:1038B00054F8333052689847A3682BB1E268314618
:1038C0002846BDE87040184770BD00BF9C07002027
:1038D00008B5FFF7D3FF034B083033F81000400B57
:1038E00008BD00BF9C07002008B5FFF7C7FF034BCA
:1038F000083033F81000C0F3400008BD9C070020DA
:1039000008B5FFF7BBFF034B083033F81000C0F3D6
:10391000401008BD9C070020034611F0010010B5BF
:10392000CCB20DD1A207C4F3400012D5094AD2F897
:1039300020055860C2F82005003818BF012008E0B3
:103940004FF0A041D1F820251A60C1F82025002AA7
:10395000E8D010BD0003005010B5FFF78FFF124AEA
:10396000083032F81030D9051CD5C3F3432123F4B5
:10397000F85322F8103002F10E04002034F8023F10
:1039800013F4807F03D0C3F3432399420AD001305C
:103990003028F3D1002342F831300448BDE810400C
:1039A000FFF700BE10BD00BF9C07002014080020D8
:1039B000F0B5054600200446012607468C420BD18F
:1039C000114BD3F87C2132B10022C3F87C21D3F80B
:1039D0007C3140F00040F0BDE3B29B0003F5807203
:1039E0009B0806FA03F31D420BD002F1804202F558
:1039F000C042D2F800C0BCF1000F02D017601268BC
:103A000018430134DAE700BF00600040F7B506460E
:103A10000846FFF733FF194F00F108050C4637F849
:103A20001530DB0727D530460AF0E5FD2046FFF7C5
:103A300067FF40B12046FFF74BFF316800F5A270E9
:103A4000002341F820302046FFF786FF002301A81D
:103A500027F815300194FFF701FF019B00EB83006D
:103A6000074BD0F80027134043F00203C0F800379B
:103A7000044803B0F0BD0448FBE700BF9C070020EA
:103A8000F0F8FCFF0000AD0B0400AD0B2DE9FF4189
:103A9000164680460846FFF7F1FE0D46316804469B
:103AA00009B32846FFF720FF18B12846FFF728FF83
:103AB00010BB0023CDE900338DF80E308DF80F30A8
:103AC0000DF10F020B4628460DF10E010AF03BFDE9
:103AD000474A04F1080132F8113023F0020343F0A1
:103AE000010322F81130736863B328461F785968C0
:103AF000FFF7FAFE10B1D1B13E4826E03C4A04F18E
:103B0000080032F8103023F02003DB04DB0C22F82D
:103B1000103061B1032FEFD87168496891F800C087
:103B2000D8F80010A7B90CF5A27C41F82C70304AE7
:103B300004F1080132F8113023F01C0343EA870333
:103B400022F81130B3684BBB2B4804B0BDE8F081BC
:103B500001EB8C0143EA4C33D1F810E52EF0030E53
:103B6000C1F810E5D8F8001001EB8C0E43F02003EB
:103B7000DEF8101522F8103021F44F3121F4407195
:103B8000CEF810152902DEF8108501F47C5141EAC7
:103B9000074141EA0801CEF81015C8E7D3E90067EC
:103BA0002846FFF7D9FE002ECED0114DD5E90023CF
:103BB000964203D19F4201D1002209E00F480DF146
:103BC0000F01FFF7CBFC0C4B9842BED19DF80F20A4
:103BD00045F8326005EBC20308345F6035F81430F5
:103BE00043EA422343F4807325F81430ACE700BF66
:103BF0009C0700200400AD0B0000AD0B1408002052
:103C00002DE9F0430C4685B08046204611461E46FD
:103C1000FFF734FE054629B32046FFF765FE18B9C5
:103C20002046FFF76DFE18BB314F05F1080937F844
:103C3000193013F01C0F02D04B78012B18D0012340
:103C40008DF80F300023CDE900134A1C8B1C204651
:103C50000DF10F010AF077FC37F8193043F0030338
:103C600027F81930002E41D02046FFF73DFE18B945
:103C7000204805B0BDE8F08396F800C0D8F80030C1
:103C80001B4F0CF5A272002143F8221005F1080227
:103C900037F8121021F02001C904C90C27F81210BE
:103CA00075781DB3D8F80000B67800EB8C002D04B1
:103CB000D0F8103523F4991323F4F853C0F81035D5
:103CC000230203F47C5305F440353605D0F810E5A3
:103CD0002B4306F4801641EA4C31334341F0200176
:103CE00043EA0E0327F81210C0F810350248C0E767
:103CF0009C0700200400AD0B0000AD0B014BC3E995
:103D0000021270479C07002010B508461446FFF7C2
:103D1000F7FD50B10846FFF7B1FD054B083033F809
:103D2000103004485B0B237010BD0348FCE700BF54
:103D30009C0700200000AD0B0400AD0B70B5164DC4
:103D400095F8804006462CBB2146602205F1100004
:103D50000CF07DFB30682E6F21468E420ED1002381
:103D6000C0F87C31D0F87C3140F30730E7F7C4FA73
:103D700001230A4885F88030AB6770BDCBB29B0049
:103D800003F580727C2B08BF845001F1010108BF4C
:103D90008358E2E70248F0E79C0700200000AD0BE3
:103DA0000C00AD0B034B93F88000003818BF0120C6
:103DB000704700BF9C0700200148FFF7F3BB00BF1E
:103DC000100800200148FFF7C9BB00BF1008002001
:103DD00073B503681646D3F80423002AA8BF4FF032
:103DE00000420546A8BFC3F8042308460C46FFF767
:103DF00087FD00B30846FFF777FD0146D8B9204696
:103E0000FFF766FD04B2A40004F58072034628683B
:103E10008150296882582144D1F8102542F00102CE
:103E2000C1F810252EB12968012202FA03F3C1F866
:103E3000043302B070BD2046FFF720FD0F4B083061
:103E400033F81030C3F38203042B12D0052B12D0A9
:103E500001A80194FFF702FD019AD0F81035D34074
:103E600003F00103991C204602B0BDE870400AF03F
:103E7000B3BB0321F7E70221F5E700BF9C07002051
:103E80002DE9F04F694BDFF8B081D3F80403D8F87F
:103E90007010C0B289B040F00040FFF789FD051EE8
:103EA0002FDAC24600235AF87C1F06A8CDE9063354
:103EB000FFF732FD5E4B01930DF118094FF0000B37
:103EC000019A12F8013B0192DA0803F007031AF88D
:103ED000022022FA03F3DA071CD409F10409BBF12A
:103EE000000F14D0D8F870104FF00040FFF760FDBD
:103EF000D8F87C1006A8FFF70FFD0028DAD125F0CE
:103F000000450124002D79D109B0BDE8F08F4FF0B4
:103F1000010BD5E7474B5B440293D9F80010002909
:103F2000DBD0029B91FAA1F11C78B1FA81F141EA50
:103F300044142046FFF7A2FC0830059438F81070AE
:103F4000C808BB0819F80020039301F007010123FA
:103F500003FA01F122EA010209F8002005A8FFF79F
:103F60007DFC059A039B02F5E072C7F3820650F8C8
:103F700022205B073746C2F3014224D5204639464A
:103F8000D6B2FFF785FC05A80594FFF767FC059BF3
:103F900003F5E07350F82330C3F301439E4207D189
:103FA000002120460AF018FB314620460AF014FB97
:103FB00005A80594FFF752FC059B012202FA03F3C2
:103FC000C0F82035A9E7022A0CD1032120460AF0C7
:103FD00003FB06F00503012BEAD139462046FFF723
:103FE00057FCE5E70221204603920AF0F5FA032E7A
:103FF000F3D0039A032ADBD1022EEDE795FAA5F35D
:10400000B3FA83F304FA03F29B0003F1804303F550
:10401000C04325EA0205D3F81005D3F81015C0F304
:104020000520C1F30141FFF733FC6BE7006000405E
:10403000C6430500C64305009C070020044AD2F889
:104040000034DB07FBD50160BFF35F8F704700BF13
:1040500000E001404FF080531A69B0FBF2F302FB1D
:10406000130373B9084B0222C3F80425C3F80805EB
:10407000D3F80024D207FBD500220448C3F8042556
:1040800070470348704700BF00E001400000AD0BDF
:104090000A00AD0B10B5054C0123C4F80435FFF739
:1040A000CDFF0023C4F8043510BD00BF00E001407F
:1040B00010B5184C237853BB0278C2F34003920723
:1040C00012D54FF08053D3F83021082A0BD1D3F802
:1040D0003431052B07D8104AD35C23B14FF080430D
:1040E0000122C3F8382601234FF08042C2F8803500
:1040F000037803F00103C2F878350020E7F71EF9D2
:1041000008B9E7F7F9F801230448237010BD044803
:10411000FCE700BFB86A0020C84305000000AD0BF3
:104120000C00AD0B4FF080434FF46072C3F80823CE
:10413000014B00221A607047C061002008B5FFF7EC
:10414000F1FF03680BB1014A136008BDC061002094
:1041500010B54FF08043D3F80443620707D54FF4FE
:1041600084700AF07EFA10B11E4B1B689847A306B4
:1041700008D54FF48A700AF074FA18B11A4B00206F
:104180001B689847600608D54FF48C700AF069FAEE
:1041900018B1154B01201B689847210608D54FF42C
:1041A0008E700AF05EFA18B1104B00201B68984719
:1041B000E20508D54FF490700AF053FA18B10B4B92
:1041C00001201B689847A3050AD54FF492700AF0A6
:1041D00048FA28B1054BBDE810401B68022018477B
:1041E00010BD00BFC8610020C4610020C061002074
:1041F000C02AF0B540D0B2F5807F3FD0802A40F091
:10420000BB800A23036003460024520943F8044F8D
:1042100001EB82028A4233D103680C2B35D00E2B7E
:1042200063D00A2B26D1564D564900F1A0064269AB
:1042300055F8044B8768C2F307237C40CB5C63408E
:10424000140E10300C5D83EA0443D4B20C5D83EA93
:104250000463C2F307440C5D83EA042350F8044C62
:10426000836063400468C36063405A4003614261F5
:104270008642DCD10020F0BD0C23C3E70E23C1E74A
:1042800051F8044B43F8044FC4E73D4C3D4900F15D
:10429000C005C26954F8046B8768C2F307237E40E7
:1042A000CB5C7340160E18308E5D83EA0643D6B29F
:1042B0008E5D83EA0663C2F307468E5D83EA0623BA
:1042C00050F80C6C8360734050F8086CC360734006
:1042D00050F8046C036173400668436173405A40B0
:1042E0008361C2618542D4D1C4E7254D254900F1DF
:1042F000E006446A55F8042B8768C4F307237A4024
:10430000CB5C87695340220E20308A5C83EA0243EB
:10431000E2B28A5C83EA0263C4F307428A5C83EAFE
:10432000022350F8142C8360534050F8102CC360C3
:10433000534050F80C2C03615340DAB243618A5C5D
:104340007A401F0ECF5D82EA0762C3F30727C3F3EB
:104350000743CF5DCB5C82EA072282EA034350F831
:10436000042C836153400268C36153405C40036284
:1043700044628642BDD17DE76FF01F007BE700BF3E
:10438000A4300500CE4405002DE9F04FC9B0044625
:1043900002A816460D460AF085F9002332466360EE
:1043A000294602A8FFF724FF0646002862D1029F93
:1043B000039B3548DFF8D4C0276004A903EB8703CB
:1043C00001EB830251F82330A3605368E3609368E4
:1043D0002361D368636104F1180E103A7B1E99467D
:1043E00071469046B9F1000F2CDD01F11004A8F1DF
:1043F000040B01945BF8044F250E1CF8055050F88F
:1044000025A0E5B21CF8055050F8255085EA3A2A57
:10441000C4F30725C4F307441CF805501CF80440F6
:1044200050F8255050F824408AEA356585EA34452D
:1044300041F8045B019CA142DCD109F1FF39A8F1EC
:104440001008CFE76FF00F014B43002FCCBF1C4685
:10445000002402EB0400C3F10003D8BF00230EEBDD
:10446000030112594EF8032043684B6083688B6048
:10447000C368CB6002A84FF48C7100F0F3FE3046A5
:1044800049B0BDE8F08F00BFCC300500CE44050038
:104490002DE9F04F904644680E684D6800F108021F
:1044A00002EB840352F824208C68C9688FB07240F4
:1044B000019206925A6855409A6807955440DA6806
:1044C00008945140026809914FEA620E03F13000EE
:1044D000CC4B0EF1FF3E002250E906A6029650F8A2
:1044E000106C039650F80C6C049650E9087B50F859
:1044F000086C0596BEF1000F00F1200050F8249CD6
:1045000000F3C68022B1019ACDE90841CDE9062524
:10451000DDE90640DDE90865E1B22A0E53F8211015
:1045200053F8222081EA3221C0F3072253F82220D7
:1045300081EA3261C6F3074253F8222081EA324110
:10454000220E794053F822700A91C2B253F8222009
:1045500082EA3722C6F3072753F8277082EA3762C8
:10456000C5F3074753F8277082EA3742070EC0F3B6
:10457000074053F827C053F82000F7B2360E53F81F
:10458000277053F8266087EA3C27C5F3072CEDB265
:1045900053F82CC053F8255087EA3C67C4F3074C06
:1045A000C4F3072485EA362553F8244053F82CC079
:1045B000029B039E85EA346484EA30405840040E2E
:1045C000914B0D901D5DCCB282EA0B021C5D0B92EB
:1045D000744084EA0564C2F3072587EA3C475D5DC1
:1045E00087EA0A0784EA0524C7F307450C975D5D4F
:1045F00084EA054E0D0ECDF818E05E5DD5B25D5D26
:10460000049CC8F800E0654085EA0665C7F3072604
:10461000059C9E5D85EA0625C0F307469E5D85EAFA
:104620000645160EC2F3074213F806C0C8F8045038
:10463000FEB23F0E9E5DDF5D0795664086EA0C6622
:10464000C0F3072CC0B213F80CC0185C86EA0C2625
:10465000C1F3074CC1F3072180EA0900595C13F844
:104660000CC09B5C80EA076080EA012181EA034379
:1046700086EA0C4606A8C8F80860C8F80C30202165
:104680000896099300F0EEFD00200FB0BDE8F08F12
:104690000A0E029E53F822C09DF8042053F82220EF
:1046A0007A4082EA3C2CC5F30722EFB253F822206D
:1046B00053F827708CEA326CC4F307428BEA070781
:1046C00053F822208CEA324C019A120E0EF1FF3E72
:1046D00053F8222087EA3227C4F3072253F8222016
:1046E00087EA3267C1F3074253F8222087EA32474C
:1046F0002A0EC5F3074553F822B0E2B2240E53F850
:10470000222053F824408AEA0202C1F3072AC9B2E0
:1047100053F82AA053F821104E4086EA3421019C18
:10472000C4F3072682EA3B2253F8264081EA34612B
:1047300053F825405FFA8CF581EA34410C0E53F8AA
:104740002560039D53F8244082EA3A6A019A754035
:10475000C2F3074285EA3426C7F3072453F8222020
:1047600053F824408AEA324286EA3466C2F30744A8
:10477000FDB253F8244053F8255086EA344401949E
:104780004FEA1C64049E53F824406E4086EA3425A8
:10479000C2F3072453F8244085EA3465C1F3074483
:1047A00053F8244085EA34453C0EC7F3074753F8D5
:1047B00024A0059ED4B2120E53F8244053F82220B0
:1047C000664086EA3A24C1F3072AC9B253F82AA000
:1047D00053F8211084EA3A64CCF3074ACCF3072C4F
:1047E00089EA010181EA322153F82C2053F82AA0EA
:1047F00081EA326153F8272084EA3A4481EA32415F
:10480000012269E6CC340500CE4405002DE9F04FC5
:10481000904644680E684D6800F1080202EB84037C
:1048200052F824208C68C96856405A6855409A68E6
:104830005440DA688FB051400268069630334FEA30
:10484000620E0193CE4B0795089409910EF1FF3E3D
:104850000022019850E9087B50E906A002900198D7
:1048600050F8100C0390019850F80C0C049001982B
:1048700050F8080C05900198BEF1000F00F12000DF
:10488000019050F8249C00F3C5801AB1CDE906656B
:10489000CDE908410798069E020EDDE9084553F868
:1048A0002210F2B253F8222082EA3122C5F3072106
:1048B00053F8211082EA3162C4F3074153F8211002
:1048C00082EA31425740220E0A9753F82210C2B2B0
:1048D00053F8222082EA3122C6F3072153F821102F
:1048E00082EA3162C5F3074153F8211082EA31426E
:1048F000290EEDB253F821C053F82550E1B2C4F3AC
:10490000072453F8211053F8244081EA3C21C0F3D6
:10491000072CC0F3074053F82CC053F8200081EA5D
:104920003C61C6F3074C360E53F82CC053F8266092
:10493000029B85EA362585EA346482EA0B0284EA22
:1049400030405840140E8F4B039E1D5D0B92FCB2FD
:1049500081EA3C411C5D0D90744084EA0564C0F31B
:10496000072581EA0A015D5D0C9184EA0524C1F303
:1049700007455D5D84EA054E0D0ECDF818E05E5DDD
:10498000D5B25D5D049CC8F800E0654085EA066527
:10499000C7F30726059C9E5D85EA0625C0F30746FA
:1049A0009E5D85EA0645060EC0B213F806C0185C87
:1049B000C8F80450CEB2C1F307219E5D595C07953B
:1049C000664086EA0C66C2F3072CC2F3074213F86E
:1049D0000CC086EA0C26C7F3074C3F0E80EA09009C
:1049E000DF5D13F80CC09B5C80EA076080EA012160
:1049F00081EA034386EA0C4606A8C8F80860C8F8AE
:104A00000C3020210896099300F02CFC00200FB0F8
:104A1000BDE8F08F2A0E029853F822C0F2B20EF1D0
:104A2000FF3E53F822207A4082EA3C2CC1F3072251
:104A3000EFB253F8222053F827708CEA326CC4F39B
:104A400007428BEA070753F822208CEA324C220EE9
:104A500053F8222087EA3227C6F3072253F8222090
:104A600087EA3267C1F3074253F8222087EA3247C8
:104A70000A0EC9B253F822B053F82110E2B2C4F3BF
:104A8000072453F8222053F824408AEA0202C5F38F
:104A9000072A82EA3B2253F82AA082EA3A6AC6F33E
:104AA0000742360E484053F8266053F82220C5F3DB
:104AB000074580EA362181EA346153F8254003989E
:104AC0005FFA8CF581EA34413C0E53F8256053F8C7
:104AD0002440704080EA3426C1F307248AEA324237
:104AE00053F82440049886EA3466C2F30744FDB2C2
:104AF00053F8244053F8255086EA3446140E684093
:104B000053F8244080EA3425CCF30724059853F861
:104B1000244085EA3465C1F3074453F8244085EA0C
:104B200034450C0EC9B253F824A0D4B2C2F3072204
:104B300053F82440604080EA3A24C7F3072AC7F3B9
:104B4000074753F82AA084EA3A64CCF3074A4FEAAD
:104B50001C6C53F82AA053F82CC053F8211053F8BA
:104B6000222089EA010181EA3C2181EA326153F87D
:104B7000272084EA3A4481EA3241012269E600BFF3
:104B8000CC300500CE430500F0B50C4B0C4E04466E
:104B9000586800B9F0BDC579C5F3840556F82550AD
:104BA0002D78A54208D1457905F00F07B1EB871F95
:104BB00002D1B2EB151FEDD00833E9E7CC38050080
:104BC0002008002038B5044638B390F84430012B53
:104BD00011D1C56B4DB12B7A012B02D168680AF057
:104BE00082F80C21284609F005FE20464821BDE840
:104BF000384000F037BB006C10B1242109F0FAFDF9
:104C0000E06B0028F1D02368044ADB79C3F3840306
:104C100052F823309B699847E7E738BD2008002009
:104C200038B505460C46A9B1482200210BF00FFC0F
:104C3000E379094AC3F3840352F823305B6913B95B
:104C40002C60002038BD9847E8630028F8D1A0F513
:104C5000C340F7E70148F5E720080020009FFFFF69
:104C60002DE9F0431E46DBB2012B87B0044688468F
:104C7000154672D8D0F80090B9F1000F6DD090F8B9
:104C80004430012B39D1C76B1822002168460BF044
:104C9000DEFB6B0761D13B7A002B5ED199F80620D1
:104CA000102A08D80D2A08D8023A052A05D92C4816
:104CB00007B0BDE8F083263AF7E74FF41053ADF89C
:104CC00000304FF4407302933B46414653F8042BA7
:104CD0000392EA1DD20868460AF0D6F810F1860F52
:104CE000E5D028B18D301F4818BF6FF06F00DFE7A7
:104CF00001233B7265602672DAE799F8073003F00A
:104D00000303012B06D899F8053003F00F03B2EB2B
:104D1000831F22D165602672012EE06B99F807305F
:104D2000114909D099F8052002F0F004302C03D085
:104D300002F0E002402A0AD1C3F3840351F8233081
:104D4000DB682A46414607B0BDE8F0431847C3F385
:104D5000840351F823301B69F3E70448A8E700BF38
:104D6000809FFFFF809EFFFF20080020009FFFFF25
:104D70002DE9F04F154685B00268DDF838A00446ED
:104D8000884699461AB9634805B0BDE8F08F90F897
:104D90004420012A01D16048F6E70022CAF8002029
:104DA0000268002A00F0B280167916F01F0600F0A3
:104DB000AD80527902F0F002102A15D1B54240F0D0
:104DC000A780CAF8005002685449D279C2F384021D
:104DD00051F8222090F908105568C06B4246AC4645
:104DE00005B0BDE8F04F6047994208D1436A002BF7
:104DF000C9D1B5FBF6F306FB1353002BC3D1202A10
:104E0000C9D194F90830626A03928BB9039BE268B6
:104E1000F31A8AB1AB4249D3039814302A4641466B
:104E200020440BF0ECFA636A2B4463620020ABE78A
:104E3000012B03D1039BF31AAB42EDD8039B002B4C
:104E400037D1002DF2D0B5FBF6F706FB175737B96F
:104E500094F908301BB9E368002B18BF3746ED1BE7
:104E60003A4608EB050104F114000BF0C8FA636A36
:104E70003B446362002DD9D02368284ADB79C3F311
:104E8000840352F82330CDE900892A469E6894F9BC
:104E90000810E06B04F12803B04700287FF474AFDA
:104EA000DAF800302B44CAF80030BFE7039B002B30
:104EB000C9D0039BA6EB030B03F114005A464146ED
:104EC00020440BF09CFA2346144953F8142BD27952
:104ED000C2F3840251F82220CDE90039936894F995
:104EE0000810E06B1F46324604F12803B84700283B
:104EF0007FF44AAFDAF80030039F33442F44CAF8F6
:104F00000030B1446062D844BD1B9AE704483BE7D7
:104F1000044839E7009FFFFF809FFFFF2008002023
:104F2000809CFFFF809DFFFF70B50C230024CD58AF
:104F300022462EBA42EA460212BAC250043B1A1D59
:104F4000C5F3C014F3D1084B1A680B7882EAD31268
:104F500053085B4252421343DB17C27B03F08703C3
:104F60005340C373002070BDCC61002038B50546A6
:104F7000D0B10468C4B1B9B10123FFF771FE044692
:104F800098B92B6883B19B79042B0BD8012B0BD9D3
:104F90002421012000F072F948B12864102100F0AA
:104FA00061F902E0242BF3D0024C204638BD024CBC
:104FB000FBE700BF009FFFFF809EFFFF2DE9F04F42
:104FC0000F4685B016468046002879D00368002B2E
:104FD00076D0002974D0046C002C71D01D79206A21
:104FE00005F01F05F8B12A1AB2421CD21030204435
:104FF0000BF005FA04F110020023191DA9422CD967
:1050000023441A1B954231D803AB00932A4623460A
:1050100021464046FFF7ACFEE0B9236A2062EA1A57
:10502000334417445E1B05F1FF394FF0010A0DF1BF
:105030000C0BB144B9FBF5F9CA4538D34EB1206A1F
:1050400010303246394620440BF0D9F9236A3344F4
:105050002362002005B0BDE8F08F52F8100C1368F1
:10506000434042F8103C04320B46C6E71A7C1978DC
:105070004A4003F8012BC4E7FA58E0584240E25096
:105080000B46191D8D4204EB0302F5D2AB4210D33F
:10509000CDF800B023462A4621464046FFF768FE79
:1050A0000028D7D1761B2F440AF1010AC4E7002358
:1050B000E7E7F85C1178414002F8011B0133E5E7AE
:1050C0000048C7E7009FFFFF2DE9F04F8B4691B0E6
:1050D0008046002800F0C2800368002B00F0BE80EC
:1050E000056C002D00F0BA80002900F0B7800DF1AA
:1050F0001009102148460DF1200A1C7900F0B2F881
:105100001021504600F0AEF810210CA800F0AAF8CB
:10511000D8F8006004F01F0416B1367906F01F06B7
:1051200003AF0CAB0097324619464046FFF720FE0E
:1051300050B9102E08D10CA94846FFF7F5FE18B952
:1051400049465046FFF7F0FE10210CA800F08AF8FF
:10515000D5F820C0A44505F110060FD349460CA888
:1051600000231A1DA2425FD9A3421BD2F25C19F898
:1051700003104A400CA9CA540133F5E70CA90846AC
:1051800000239C453BD9F25C00F8012B01339C4283
:10519000F7D8D44600231A1DA24235D90CAA1A44C6
:1051A000A34239D30CA90023281F1A1DA24245D9B6
:1051B000EA18A3424AD300972B4622462946404686
:1051C000FFF7D6FD074620B92246294658460BF080
:1051D00016F91021484600F045F81021504600F01D
:1051E00041F80023102130462B6200F03BF81021DB
:1051F000284600F037F8384611B0BDE8F08F0CBFF4
:1052000001220022D201BFE708685CF8043B43405A
:1052100041F8043B1346BEE711781AF803004140F9
:1052200002F8011B0133BBE7AB1851F804CBDB6874
:1052300083EA0C0340F8043B134692E7835851F885
:1052400004CB83EA0C0383501346AEE70CA8117815
:10525000C05C414002F8011B0133AAE7004FCAE7D6
:10526000009FFFFF10B50A46044619B1024B00210A
:105270001B68984710BD00BF24080020014B1B6825
:10528000184700BF2C080020014B1B68184700BFBF
:105290002808002010B500F0FE44B4F1A06F029A77
:1052A00014D0B4F1806F0CBF0B4C0C4CA0420DD14C
:1052B0000124B1F5105F1C7008D10AB102231370EC
:1052C000054B984205D0054B984202D06FF08500FF
:1052D00010BD0020FCE700BF004440040002C003F2
:1052E0007FB5036816460E4A23F47E1393420D469B
:1052F00013D169460430FFF7E7FE044620B9324671
:10530000694628460BF07BF868461021FFF7AAFF94
:10531000204609F0E4FB04B070BD6FF08800FAE7A6
:105320000002C00310B5036804464BB1094A23F4D8
:105330007E13934206D10430FFF744FC0023236020
:10534000002010BD4C2200210BF081F86FF0880086
:10535000F7E700BF0002C0032DE9F843D0F8009042
:1053600005460E461746B9F1000F30D123F47E14DE
:105370000360184B9C420FD100F10408404609F02D
:1053800035FA318872884B46204609F052FA0146B8
:1053900058B96FF0850416E04C2249460BF057F8D7
:1053A0006FF085042046BDE8F8834046FFF738FCDF
:1053B00020B9728839464046FFF7D8FD09F08FFBC7
:1053C00004460028EED02846FFF7ACFFEAE76FF06E
:1053D0008804E7E70002C00310B503685BB1074C1F
:1053E00023F47E13A34206D10430FFF7E7FDBDE8A6
:1053F000104009F074BB6FF0880010BD0002C003BC
:105400000E4B0340B3F1607F06D1B1F5885F14BF46
:105410006FF0860000207047B3F1707F0BD101F46C
:10542000E043B3F5005F06D111F4E06F0CBF6FF0FD
:105430008600002070476FF0860070470000C07F34
:105440008A42F8B506460C4600F0DB806F4922F42C
:10545000FF7323F001038B420ED06D4B22F0FF014E
:10546000994209D06B4822F47F7323F003038342EF
:1054700002D0694B994228D1684B24F0FF01994230
:105480000FD114F0FF000BD0654B40F00070984234
:1054900040F0B98082EA0400FF288CBF0020012080
:1054A000F8BD5B4B9942ECD0A3F588539942E8D004
:1054B00024F4FF7323F00103B3F1062FE1D0564823
:1054C0008142DED053498B42DBD004F0FE43B3F17E
:1054D000A06F14D102F0FE43B3F1A06F40F09380AF
:1054E00082EA040333F47E1340F08D8014F400400C
:1054F000D6D0C4F30540C2F305429042CDE7B3F1E4
:10550000407F6AD102F0FE43B3F1407F7BD182EA53
:10551000040535F47E1576D131462046FFF770FF3D
:10552000002870D13F4B12F47C1703EA02031BD012
:10553000B3F1607FC2F305473FD13B49D3B243F09B
:1055400000738B423DD003F17E43043B0F2B01D807
:105550003649CD5C14F47C1FC4F3054333D1BD42FE
:1055600014BF002001209BE7B3F1607F0DD12E49CD
:10557000D3B243F000738B421DD003F17E43043B52
:105580000F2BDAD82A49CF5CD7E7B3F1707FE1D18E
:1055900006F4E043B3F5005F03D1C6F3022301270D
:1055A0009F4006F4E043B3F5005FD3D1C6F3022178
:1055B00001258D40CEE71027BFE7B3F1707FC9D139
:1055C000EFE71025C6E712F47C1F01D1AB4218D0DB
:1055D00022047FF565AFBB425FE7B3F1106F12D1D4
:1055E00024F01F6020F4702068B902F0FE43B3F18C
:1055F000106F7FF455AF0F48104040F01060A0428C
:10560000AEE701204CE700204AE700BF0002000699
:10561000001300060004000600090006000300064F
:10562000FF0000020000C07F0300000216460500D4
:10563000164605000000FFF637B50D4D6B78022BBE
:105640000C4612D12B78072B0FD1002301930A4669
:1056500001AB0146281D09F0DFF820B9019BA342E8
:1056600018BF6FF0930003B030BD6FF08800FAE709
:10567000D0610020F0B50446084604F0FE41B1F1C7
:10568000106F87B02BD124F01F6121F4702131BB42
:1056900045682D0A00F1200121D1068806F44F4506
:1056A000B5F5824F1BD10F4D0F4F254045F01065CA
:1056B000BD4214D1F6B2122E11D14588B5F5807FC6
:1056C0000DD10E9D04950D9D03950C9D0092CDE985
:1056D00001352346426E09F031FF07B0F0BD6FF08F
:1056E0008500FAE70000FFF6000002092DE9F84303
:1056F000884617461C4600F0E9F9054688BBD8F8ED
:105700000060B6F8009009F4E043B3F5804FB36849
:1057100008BF27F0010737EA03031AD10CB3254B62
:1057200024F0FF029A421FD114F0FF0304D0224A52
:1057300043F00073934232D0F16822464846FFF7A7
:105740007FFE074668B9316922464846FFF778FE72
:1057500070BB6FF084050023C8F80030304609F0B4
:1057600060FE2846BDE8F883144B9A42DCD0A3F5CE
:1057700088539A42D8D024F4FF7323F00103B3F185
:10578000062FD1D00E498A42CED00E4A9342CBD0BA
:1057900004F0FE43B3F1407F04D12304CCD56FF075
:1057A0008605D8E7B3F1A06FF7D0034B9C42C2E760
:1057B0003D46D6E700030006FF0000020013000686
:1057C000000900060004000638B500F0FE43B3F1FE
:1057D000407F04460D4602D06FF0860038BDFFF7CB
:1057E0000FFE0028FAD114F47C1F12D0C4F3054335
:1057F000032B137022D9284A2240B2F1607F3DD199
:10580000264AE4B244F0007494422BD1102BE5D91F
:10581000E2E7214B2340B3F1607F15D11F49E3B28A
:1058200043F000738B4202D110231370D6E703F1CB
:105830007E43043B0F2B04D9002313706FF08500C7
:10584000CCE71749CB5CD3E7B3F1707FF4D101F417
:10585000E043B3F5005FEFD1C1F3022101238B4098
:10586000DBB2C5E704F17E44043C0F2CB4D80D4AEA
:10587000125D9342B0D8202BB0D9DFE7B2F1707F30
:10588000AAD105F4E042B2F5005FA5D1C5F3022527
:105890000122AA40EDE700BF0000C07F0300000224
:1058A000164605001646050007B5002300911A4666
:1058B000024909F0A4FC03B05DF804FB503905006F
:1058C00010B5114C2378580744BF23F0040323700C
:1058D0002378990705D500F097F8237823F0020381
:1058E000237063781BB1094A00236360536000236F
:1058F000064863700821FFF7B5FC2378DA0744BF38
:1059000023F00103237010BDD0610020D46100207A
:1059100038B5184C62782378022A01D1072B09D0B8
:105920009B070AD52378DD0713D562782378A2B1C7
:1059300058071AD50025284638BD00F05DF82378B1
:1059400043F00203237005460028EBD0FFF7B8FFB1
:10595000F1E743F001032370E7E7D907E8D50649EB
:1059600062604A6002226270E2E743F0040323703F
:10597000E0E700BFD0610020D461002000F1404288
:105980000F2A38B504460D460CD81A4B682101FB86
:1059900002331A7E022A02D15A69824218D06FF06D
:1059A0008B001FE0012109F016FDE0B1114A002033
:1059B0001346117E022902D15169A14205D001305E
:1059C000102802F16802F4D1E9E7682202FB0033F3
:1059D0001A7E022A0AD1DA69511C07D00132DA6133
:1059E00000202B6038BD6FF08700FBE76FF096005A
:1059F000F8E700BFDC610020024B012283F880261B
:105A000000207047DC6100202DE9F0410A4C0025A0
:105A100026464FF001080327C4F81C80277620464D
:105A2000013509F043F9102D04F16804F4D1002385
:105A300086F88036BDE8F081DC610020F8B5214DA4
:105A400095F8803606460F46002B34D000242B46AE
:105A50002246197EF9B13CB9022905D1D96919B993
:105A60001979002918BF1C460132102A03F1680376
:105A7000EFD114B96FF08C000BE0237E022B04D120
:105A8000E3695A1C1CBF0133E361204609F00EF99B
:105A900010B100240DE01C46237E7BB90123237640
:105AA00036B1094B651BED105D4305F1804535604E
:105AB00000203C60F8BD6FF08800EAE76FF09600C8
:105AC000E7E700BFDC610020C54EECC438B5094BE8
:105AD00000250D6093F880360C4643B1FFF74EFF6A
:105AE00010F18C0F02D125606FF0870038BD6FF088
:105AF0008800FBE7DC610020043004289ABF034BD8
:105B000033F910006FF08300704700BF0C3C0500B4
:105B1000014B09F0EEBD00BFF839050070B5144621
:105B200088B006460D46204621460C4A09F041FE43
:105B3000224621466846FFF7EBFF6A46314630466B
:105B4000FFF7E6FF224669466846FFF7E1FF6A462F
:105B500029462846FFF7DCFF08B070BDF83905007C
:105B600030B5044689B009F089FD0C4A21466846E3
:105B700009F01CFD01210546684609F0FBFC6A4658
:105B80002146104609F012FD2DB1003818BF012042
:105B9000404209B030BD4FF0FF30FAE7B43905009C
:105BA00030B589B0044609F001FD21460546054A95
:105BB000684609F0E5FC2A466946204609F00DFDD5
:105BC00009B030BDF839050070B5044690B00D46F7
:105BD0001146164609F052FD234A214608A809F04D
:105BE000E5FC01283DD11146204609F0C1FD06F132
:105BF0002001284609F042FD1B4A294608A809F061
:105C0000D5FC01282DD11146284609F0B1FD2A46C0
:105C100029466846FFF77CFF2246214608A8FFF781
:105C200077FF08A908462246FFF772FF08A9084631
:105C30002246FFF7B5FF08A908462246FFF7B0FF46
:105C400008A908462246FFF7ABFF08A90846064BFD
:105C5000064A09F039FD08A9684609F0CFFC10B0E2
:105C600070BD4FF0FF30FAE7F839050094390500B0
:105C7000F0B5384E99B004460D4608A811461746AF
:105C8000FFF746FF334608AA2146684609F01CFD87
:105C900008AA214610A8FFF783FF10AA694608A8A2
:105CA000FFF736FF08AA33461146684609F00CFD97
:105CB000334608AA6946684609F006FD2A46294681
:105CC00010A8FFF725FF10AA33461146104609F029
:105CD000FBFC10AA214608A8FFF71AFF08AA3346C2
:105CE0001146104609F0F0FC10AA11461046FFF7C5
:105CF0000FFF10AA33461146104609F0E5FC6A462C
:105D000069462046FFF704FF08AA21462046FFF710
:105D100047FF08AA21462046FFF742FF3A46294698
:105D20003846FFF7F5FE33463A463946384609F01D
:105D3000CBFC224608A92846FFF732FF6A462946CF
:105D40002846FFF7E5FE10AA29462846FFF728FF58
:105D500019B0F0BDF83905002DE9F04FA3B00C469D
:105D60002C9E31490546924602A83246994609F0D2
:105D70001DFCD6F800B031460BF0010202A80DF16F
:105D8000480809F02AFC0021404609F0F3FB4A4686
:105D900041460AA8FFF704FF01225146284609F0B0
:105DA0001CFC01224946204609F017FC1F4A01212C
:105DB0001AA809F0F3FC6FEA0B0202F001020AA92B
:105DC000204609F00AFCFF277B0922AA02EB830385
:105DD00007F01F0253F8806CD64086EA0B06F243A8
:105DE00002F001024946404609F0F7FB06F00102C5
:105DF0000AA9404609F0F1FB1AAA21462846FFF7F6
:105E000037FFCDF8008053461AAA2146284609F0EC
:105E100012FD013FD8D11AAA21462846FFF77EFE7F
:105E200023B0BDE8F08F00BFB4390500F839050094
:105E30002DE9F74306460D46174698464FF00509EB
:105E4000B9F1010905D14FF0FF34204603B0BDE898
:105E5000F0832021304609F04FFD0028F3D1314670
:105E60002846FFF77DFE04460028E9D1034B044A8B
:105E7000009541463846FFF76FFFE6E754390500C5
:105E80007439050030B599B00D4610AB694608AAC3
:105E9000FFF7CEFF202104466846FFF7E3F96CB90F
:105EA000084A08A9284609F0B4FC064A10A905F1D9
:105EB000200009F0AEFC204619B030BD4FF0FF3491
:105EC000F9E700BFF839050070B5AAB002AD064683
:105ED00028461446FFF744FEC8B9224612A90AA86C
:105EE000FFF772FE0446A8B90AAA22A91AA80095CB
:105EF00012ABFFF731FF094A1AA9304609F089FCB5
:105F000028462021FFF7AEF920462AB070BD6FF079
:105F10000204F5E76FF00104F2E700BFF83905006D
:105F200070B59AB002AE05463046FFF719FE04463A
:105F3000C0B90E4B0E4A009612A90AA8FFF70CFF33
:105F400020213046FFF78EF90A4A0AA9284609F0AF
:105F500060FC084A12A905F1200009F05AFC20460D
:105F60001AB070BD6FF00204F9E700BF54390500A4
:105F700074390500F8390500034A044B02609B1A86
:105F80001820B3FBF0F07047C80C0500600E050048
:105F900070B5044688B10378C3B10D4D0D4EB542BE
:105FA00001D3002409E02968A14208D1284609F05C
:105FB0000CFD002814BF2C460024204670BD20464E
:105FC000E0F7B8F80028F1D01835E8E71C46F4E708
:105FD000C80C0500600E050038B5EFF311852023CD
:105FE00083F31288BFF36F8F064B9C6809F000FDA6
:105FF00085F31188BFF36F8F2046BDE83840E5F781
:106000000BB900BF6068002038B5094B53F8204039
:10601000013053F82050A54200D838BD636823B141
:10602000204609F0E8FC0834F5E723689847FAE7CA
:106030003C3A050070B52B4B2B4C2C4D012286B001
:1060400003201A70FFF7E0FF01F05AFC09F0EFFCA3
:106050000420FFF7D9FF2646AE4204F1300410D3E6
:1060600000F0D8FF204C224EAC4226D300F0E6FFD1
:1060700003F025FA1F4A137B23F00103137306B0C4
:1060800070BD54F80C3C059354F8103C049354F83C
:10609000143C039354F8183C029354F81C3C0193AD
:1060A00054F8203C009354E90A2354E90C0100F011
:1060B000CDFD54F8303C5E65CDE7D4E90A23B3F159
:1060C000FF3F08BFB2F1FF3F05D052EA030120684D
:1060D00003D101F091F83034C6E73146183001F0B1
:1060E00037FAF8E7B96A0020E00F0500E00F050075
:1060F000090105009029002008B50348034A002142
:10610000121A09F090FC08BD780C0020BC6A00202F
:1061100070B5144E144D1549C82386B003FB0066B4
:1061200001220023CDE904230F22CDE9023201939D
:10613000182303FB00554FF4A072044602FB001124
:106140000B4B0095304600F081FD737B2C7423F0DF
:1061500004037373074BEE60013403EBC4236B60DD
:1061600006B070BDC8280020606800208093002021
:106170009FFB0400808B0020BFB50020FFF744FF89
:10618000294B83F30888294C294F636943F4007332
:1061900063610025E02384F82230E5772576657673
:1061A000A57684F82050636A43F4E023636284F8A0
:1061B0002350E4F7F1FFE5F783F94FF0FF33A362D3
:1061C000E362E5F717FAE5F79FF91A481A4C00F071
:1061D000A7FD09F0F9FB0120FFF716FF0220FFF7EA
:1061E00013FF00F05FFF154B15499C61154B05939C
:1061F0000123CDE903534FF480623B46CDE90155BD
:106200000095204600F022FD627B064622F0040243
:106210002046627309F03BFF2846FFF779FF3A46B4
:1062200031462046E5F722F98093002000ED00E09A
:1062300035600400402B0020902900206068002079
:10624000C09400202646050038B5064C064DAC42E9
:1062500001D3002038BDD4E90112204609F0E8FB43
:106260001434F4E7780900207809002038B5064C8A
:10627000064D0020AC4200D338BD204609F03EFC5C
:106280000028F9DB1C34F5E7080900207809002014
:1062900073B50C46EFF31181202585F31288BFF307
:1062A0006F8FC5685DB125602B68C360836901335A
:1062B0008361002081F31188BFF36F8F11E052EAF0
:1062C000030603D125606FF00B00F3E7CDE900234F
:1062D0000246083000F0FCFD18B9034B9B685B696F
:1062E000236002B070BD00BF606800202DE9F3415B
:1062F00004460E4600F10808EFF31187202181F3D0
:106300001288BFF36F8F006AE168884237D2256830
:10631000AC4217D0B5B1284609F04CFC05F1180085
:1063200009F07CFFA268686931460AF068F800232A
:10633000EB67284609F0ABFE4046394600F044FEC4
:10634000002029E0A268E06931460AF058F8E369C4
:10635000A26813446269E361934204BF2369E36165
:10636000236A01332362102104F124000AF021F88A
:106370000028E1D187F31188BFF36F8F0CE052EA58
:1063800003010CD00749896840464E61CDE90023DE
:106390003946224600F09CFD02B0BDE8F0816FF066
:1063A0002200E7E760680020F7B5044604F108071B
:1063B0000846EFF31186202181F31288BFF36F8F17
:1063C000216A002939D0A268A1690AF018F8A369E6
:1063D000A268256813446269A361934204BF2369DC
:1063E000A361236AAC4203F1FF33236233D0284612
:1063F000002D31D009F0DEFB05F1180009F00EFF89
:10640000A2686969E06909F0FAFFE369A2681344C8
:106410006269E361934204BF2369E361236A013344
:10642000236200242846EC6709F031FE38463146E5
:1064300000F0CAFD204603B0F0BD52EA030110D0BF
:10644000094989684861CDE900233146224638462A
:1064500000F03EFDEFE7002086F31188BFF36F8F59
:10646000E9E76FF02200F7E7606800202DE9F341CB
:10647000044617461E46EFF31188202383F3128843
:10648000BFF36F8FC368334A7BB1806891688842DD
:1064900019D057EA060318D188F31188BFF36F8F1C
:1064A0006FF00F0002B0BDE8F081916891F90E1015
:1064B00021610133E3609368A36088F31188BFF31F
:1064C0006F8F0020EEE72169F2E791F90E1090F945
:1064D0000E309942A8BF19466FF07E029142B8BFB4
:1064E00011468B422DDD09F072FB0546CDE90076A1
:1064F00019482246414600F0EBFC0028E1D0EFF3BA
:106500001186202383F31288BFF36F8FA068D0B168
:10651000236821699C420AD04BB193F90E3099420D
:10652000A8BF19466FF07E039942B8BF194609F01B
:106530004EFB40B10848314600F046FD6FF00A00BE
:10654000B0E70025D2E7002DF4D186F31188BFF320
:106550006F8FF3E760680020BA6A0020F8B583689F
:106560000546002B3FD0234A926893423ED1C36830
:10657000012B03D9013BC3600020F8BDEFF3118765
:10658000202383F31288BFF36F8F0169806809F0BD
:106590001EFB2C68A54207D10023C5E9023387F30F
:1065A0001188BFF36F8FE7E7002CF5D0D4E90032F4
:1065B00013605A60637B002623F002036373C4E90F
:1065C0000066A66004F1180009F028FEAC6094F99A
:1065D0000E302B612046E66709F059FD0648394622
:1065E00000F0F2FCC8E76FF01500C6E74FF0FF308F
:1065F000C3E700BF60680020BA6A002037B51146C3
:10660000EFF31185202282F31288BFF36F8F0468A5
:106610009CB12368426823F003039442036008BFDF
:1066200043600121204609F060FB044685F3118890
:10663000BFF36F8F204603B030BD51EA0302F5D09F
:1066400000F10802CDE900131046294600F040FC95
:106650000028EFD1014B9B685C69EBE76068002084
:1066600070B5EFF31186202383F31288BFF36F8F89
:106670000468A0421AD0CCB1D4E9003213605A6049
:10668000637B002523F00203C4E900556373A56012
:1066900004F1180009F0C2FDE567204609F0F7FC97
:1066A00031460B48BDE8704000F08EBCD0E90232A4
:1066B0009A4218BF013383600221103009F079FE3D
:1066C0000028EDD186F31188BFF36F8F70BD00BF36
:1066D000BA6A002013B5EFF31181202484F31288E5
:1066E000BFF36F8F846844B1013C846081F31188EB
:1066F000BFF36F8F002002B010BD52EA030406D131
:1067000081F31188BFF36F8F6FF00F00F3E7CDE9CE
:1067100000230246014800F0DBFBECE7BA6A0020E8
:106720002DE9F8430546EFF31188202383F31288FF
:10673000BFF36F8F002637466FF00A092C68A54219
:1067400016D0ACB1D4E9003213605A60637BA76005
:1067500023F002036373C4E9007704F1180009F021
:106760005DFDC4F87C90204609F091FC0126E5E728
:106770000023AB60022105F1100009F01AFE30B9C8
:106780002EB988F31188BFF36F8FBDE8F8834146B7
:106790000248BDE8F84300F017BC00BFBA6A002009
:1067A0001FB5094A92E8030002AB83E803004FF4E7
:1067B00000620093054906484FF0FF3300F06AF984
:1067C000002005B05DF804FBC4110500C09800204E
:1067D000582A00202DE9FF414F4E04462027EFF3B1
:1067E000118887F31288BFF36F8FD4F8C850F5B9BA
:1067F000022104F1E00009F0EBFA002868D004F16E
:10680000D80500220121284609F0CDFC0028F8D146
:10681000002302934FF0FF324FF0FF33CDE9002306
:10682000414604F1D0023D4800F0B0FDD7E7D4F86E
:10683000CC202B68C4F8C830954208BFC4F8CC30CF
:10684000D4F8E03043F00203C4F8E030EB6823F002
:10685000040343F00103EB606B6888F31188BFF316
:106860006F8F28469847EFF3118887F31288BFF39C
:106870006F8FEB68D80623F0010236D4EA60EB682C
:106880009A0716D5306823F00203EB6088B10368DD
:10689000002170B14268954235D1036869BB7268C6
:1068A0003360824200D17360002340F8083BFFF759
:1068B000D7FED4F8E03023F00203C4F8E03088F3C8
:1068C0001188BFF36F8FDB0589D400F0F3FB86E7F7
:1068D000D4F8E030D9069BD5C4F8E00088F31188DD
:1068E000BFF36F8F04B0BDE8F08123F01103EB60BC
:1068F00005F11000FFF7B4FEC1E70B607368834237
:1069000008BF7160D0E723B11A68014618461346E4
:10691000BFE71A46F9E700BF88680020BA6A00207E
:1069200070B5C368C3F340069B0705460C460DD5FA
:106930000122002104F1080009F03AFA0023236043
:10694000054B65605A681AB9C3E90044304670BD0A
:1069500014605C60FAE700BF88680020F8B5C3687F
:106960009A0704460F46C3F340062CD45B071AD49B
:106970000B680BB983680B60E368DD0744BFA3684D
:106980003B603D684CBF02260126002D3AD01F4BCC
:106990009B68AB420AD0D5F8E030D807C3F3800239
:1069A00014D46FF0120600233B6025E009F02CFBA5
:1069B000D5F8E0300028F0D1D907C3F3C002F0D5F4
:1069C00052B15B0708D46FF00F06ECE7002AFAD14A
:1069D000C3F3C003002BF6D100232360D5F8CC30DD
:1069E00063B9C5E93244284609F00DFAE36843F07B
:1069F0000403E3603B68A3603046F8BD1C60C5F843
:106A0000CC40F0E76FF01506CDE700BF60680020CE
:106A1000F8B5C36803F00503002B06460C4614BF07
:106A2000012700271CD085680122002104F11000F5
:106A300009F0BEF91349204609F03DFAE36843F036
:106A40001003E360F3685B0712D5336823606BB90A
:106A5000D5F8CC3033B9C5E93244284609F0D3F92A
:106A60003846F8BD1C60C5F8CC40F6E73460F4E762
:106A7000D5F8C8302360D5F8CC30C5F8C840002B15
:106A8000EBD1F0E7E7FD04000146014809F02FBA19
:106A9000582A0020F0B589B004460020C4E932002D
:106AA0000E9D04F1D000C4E9340004F1D800C4E91B
:106AB00036004DB32879002840F2011008BF0120AC
:106AC000C4F8E00000204FF0FF364FF0FF37CDE96B
:106AD0000330CDE90100CDE906670C4B0094204658
:106AE00000F0F2F855B1296811B1204609F092FA88
:106AF0006B791BB1237B43F001032373204609B05C
:106B0000BDE8F04000F078BB0120D9E7D56704006C
:106B100037B501900846EFF31184202181F31288E4
:106B2000BFF36F8FC16811F01E0F16D153EA020533
:106B300008D101A9FFF712FF84F31188BFF36F8F0B
:106B400003B030BD41F00801C1600199816210308D
:106B5000034900F0FDFC0120EEE70020ECE700BF58
:106B60007BFE040001460148FFF7D2BF582A0020EF
:106B7000F7B50C46019016461D46EFF3118720230A
:106B800083F31288BFF36F8F084609F02DF955EA99
:106B9000060309D101A92046FFF7E0FE87F311881B
:106BA000BFF36F8F03B0F0BDE368074943F00803FC
:106BB000E360019BA36204F1100032462B4600F013
:106BC000C7FC0120EAE700BF7BFE04000146014844
:106BD000FFF7CEBF582A00202DE9F0410546EFF31C
:106BE0001187202383F31288BFF36F8F0468A042BC
:106BF00023D014B3204609F0FAF904F1180009F083
:106C00000DFB0026B046C4F87C80204609F03FFA10
:106C10002C68A54206F1010608D03CB1204609F0D7
:106C2000E6F904F1180009F0F9FAECE706483946EC
:106C300000F0CAF93046BDE8F08187F31188BFF350
:106C40006F8F0026F6E700BFBA6A00202DE9F043F7
:106C500085B0984600F158030732C0E91633109BFF
:106C6000037322F0070504230026437301EB050993
:106C70000F9B83730F46C0E9066649468660C6735C
:106C80000446E4F731F907300E9B20F00700E06678
:106C9000C4E9197502930D9B0193A9EB00090C9BA4
:106CA00000934A46434639462046E4F79BFB054B92
:106CB00066659B6803B11B6F2367484605B0BDE856
:106CC000F08300BF60680020F0B587B0002505950F
:106CD000109D04950F9D03950E9D0295DDE912769A
:106CE0000D9D01950C9D00950446FFF7AFFFB6F191
:106CF000FF3F08BFB7F1FF3F05D056EA070305D1B4
:106D0000204600F079FA204607B0F0BD03493A4624
:106D1000334604F1180000F01BFCF4E709010500FC
:106D200040F2011383810023C0E919330367014B4B
:106D30009860704760680020094A93686FF00A0104
:106D4000D967084998674B6843F080534B6000232C
:106D500083F31188BFF36F8F9368D86F704700BFBC
:106D60006068002000ED00E070B590F90D20437BD5
:106D7000002A36DBD90634D11B4C63F07F03224650
:106D8000437352F81C3F216A934207D1C0E90021A6
:106D90000860206211E09942F8D01B68002BF5D002
:106DA00090F90E5093F90E60B542F4D0AE42F2DD88
:106DB0005968C0E9003108605860E569954200D023
:106DC00005B9E568A3685A7BD20604D1DA897F2A1F
:106DD00001D9AA6932B1AB4202D0284600F016FBB5
:106DE000A56170BDA361FCE76068002038B590F92B
:106DF0000D20437B002A014604DA03F07F0343732E
:106E000009F00BF90D4D2A46AB6852F81C4F94421D
:106E100000D004B9EC688B4207D05A7BD20604D16B
:106E2000DA897F2A01D9A2692AB1A34202D0204679
:106E300000F0ECFA2346AB6138BD00BF606800206B
:106E400070B590F90D20437B002A014604DA03F067
:106E50007F03437309F0E1F84B7B1C4C63F07F0325
:106E600022464B7352F81C3F206A934207D1C1E976
:106E700000200160216211E09842F8D01B68002BCD
:106E8000F5D091F90E5093F90E60B542F4D0AE42B0
:106E9000F2DD5868C1E9003001605960E569A36816
:106EA000954200D005B9E5688B4207D05A7BD206DF
:106EB00004D1DA897F2A01D9AA692AB1AB4202D06A
:106EC000284600F0A3FA2B46A36170BD606800203D
:106ED000F8B5124B0C461146114A98681060DDE96E
:106EE0000676EFF31182202282F31288BFF36F8FB0
:106EF0009D68284609F0A3F8B6F1FF3F08BFB7F137
:106F0000FF3F06D007493A46334605F1180000F026
:106F10001FFB2046BDE8F840FFF70EBF6068002069
:106F20009068002009010500F8B50446EFF31187C9
:106F3000202383F31288BFF36F8F437B03F01F027C
:106F4000002A0CBF0126002649B239D103F07F0385
:106F5000437309F062F81B4D437B817363F07F0339
:106F60002A46437352F81C3F934227D1286AC4E94A
:106F7000002004602C620FE08342F8D01B68002BD5
:106F8000F5D093F90EC06145F6D08C45F4DD596813
:106F9000C4E900310C605C60EC69944200D004B933
:106FA000EC68AB689C4202D0204600F02FFAAC613E
:106FB00087F31188BFF36F8F3046F8BD286ADEE78C
:106FC0008173F5E76068002049B9EFF3058030B9B7
:106FD000054B9A699B689A4201D0FFF7ADBE81F3D9
:106FE0001188BFF36F8F704760680020034648B96F
:106FF000EFF3058232B9064A91699268914201D055
:10700000FFF79ABE83F31188BFF36F8F704700BFFD
:1070100060680020EFF31181202383F31288BFF30F
:107020006F8F054B9A68D37B013BD37381F3118833
:10703000BFF36F8F704700BF6068002070B5EFF33B
:107040001186202383F31288BFF36F8F144DAB6832
:10705000DA7B0132DA732A4652F81C4F944200D090
:1070600004B9EC685A7BD20604D1DA897F2A01D9A7
:10707000A2692AB1A34202D0204600F0C7F92346F4
:10708000AB6186F31188BFF36F8FEFF3118020237C
:1070900083F31288BFF36F8FBDE87040FFF7A6BF80
:1070A00060680020024B03F11C02C3E9072270470D
:1070B0006068002070B5EFF31186202383F31288F7
:1070C000BFF36F8F1B4CA168206A0B68814214BF0D
:1070D0001A46002249680B605960A368216A2AB9E0
:1070E000154AC3E900210B6023620CE093F90E00FE
:1070F00092F90E50A84218D0854216DD5168C3E9B6
:1071000000210B605360E5690B4B9D4200D005B92F
:10711000E568A3689D4202D0284600F077F9A56192
:107120003046BDE87040FFF707BE8A42D8D01268EB
:10713000D5E700BF606800207C68002050EA0103AA
:107140002DE9F04105460E4604D1FFF7B3FF0020BC
:10715000BDE8F081831C71F1FF3324DB09F07FF877
:107160004419EFF31188202383F31288BFF36F8F44
:107170000F4F104BB8681860FFF738FEB8680E491B
:107180002A463346183000F0E3F9BA68537B43F0DF
:10719000040353734046FFF7CFFD09F060F8201A4F
:1071A00020EAE070D4E76FF00104241AD9E700BFA9
:1071B0006068002090680020090105000C490D4A14
:1071C00038B500244FF400458C462146C0FB05C16C
:1071D00000236046DEF794FFC117FFF7AFFF054AB3
:1071E00047F6FF73C0FB0234DB0B43EA444038BD73
:1071F0003F420F0040420F0038B50446EFF31185BF
:10720000202383F31288BFF36F8F437B5B070FD577
:10721000183009F003F8637B23F0040320466373FE
:10722000FFF7A2FD29460548BDE83840FFF7CCBE70
:1072300085F31188BFF36F8F38BD00BFBA6A002095
:10724000014B9868704700BF606800202DE9F84343
:107250000446077BEFF31185202383F31288BFF3E5
:107260006F8F437B190705D585F31188BFF36F8FA7
:10727000BDE8F883D90943F008025DD14273A368E1
:1072800013B1204608F0D1FE04F1180008F0C6FF43
:10729000A66D04F15808B04511D04FF0000976B141
:1072A000304608F0C2FE06F1180008F0B7FFC6F835
:1072B0007C903046FFF758FDA66DB045EFD1DFF862
:1072C000C880D8F808309C423ED1EFF30589B9F167
:1072D000000918BF4FF00109D8F81C60284A9642EF
:1072E00000D00EB9D8F80C60B34202D0304600F09E
:1072F0008DF82046C8F81860E4F794F8B9F1000F4B
:1073000002D02048FFF70CFDD8F808309C4231D15C
:10731000EFF3058373BB227BD20718D42846FFF70F
:107320000BFDFB07A4D5002383F31188BFF36F8FF8
:107330000423184602DF9BE703F07F0343F00803B2
:10734000437308F06AFE9AE74FF00009C4E785F33B
:107350001188BFF36F8F83F31188BFF36F8F0423FE
:10736000184602DFEFF31180202383F31288BFF366
:107370006F8FD4E785F31188BFF36F8FD1E700BF1C
:107380007C680020402B002060680020D3B5DDE938
:107390000667089CCDE90067FFF79AFD1CB1034B17
:1073A0009B685B69236002B0D0BD00BF60680020AD
:1073B000044BC01A044BC0105843044B01221A540A
:1073C000704700BF082C0020ABAAAAAABA6A002006
:1073D000C3897F2B12D80A4B1B6863B1094B90F904
:1073E0000E201B689A4209DB437BDB0606D1064B65
:1073F000C31A18BF012303F0010070470023FAE706
:107400009868002094680020C828002070B50E4BB2
:107410000E4C1E7C06EB460304EBC30405462046D7
:1074200008F0FCFE0A4B002228469A55FFF7D0FFD1
:1074300048B1084B08491A68013A2046D317BDE8FD
:10744000704000F085B870BD60680020082C0020F6
:10745000BA6A002098680020B173040038B5EFF3D1
:107460001185202383F31288BFF36F8F104B114ACD
:107470009C681068A04206D1FFF7C8FF85F3118809
:10748000BFF36F8F38BD00211B7C11600A4AD35CAB
:10749000002BF3D02046FFF79BFF0028EED0637B44
:1074A000DB0602D12046FFF7CBFC2046E4E700BF15
:1074B0006068002090680020BA6A00200748084AE7
:1074C000084908B5121A08F0B0FA0748074A0849EF
:1074D000BDE80840121A08F0A8BA00BF000000205A
:1074E000780C002008470500000000200000002064
:1074F00008470500024B1868984208BF00207047F3
:1075000030080020034B1B680BB9FBF737BF002086
:10751000704700BF9C68002030B570B10B4B5B68B2
:1075200098420AD0036843B1D3E90421D0E9044565
:10753000121941EB0501C3E90421D0E900321360BF
:107540005A600023C0E9003330BD00BF300800207E
:10755000B3F1FF3F08BFB2F1FF3FF8B504461D4647
:1075600016465AD08160EFF31187202383F31288E7
:10757000BFF36F8F013275F1FF3321DA2C49D1E966
:1075800000206FF001039B1A4FF0FF3262EB000006
:107590009E1B60EB0500012E70F1000301DA01264D
:1075A0000020C4E90460FFF7A5FF224E84467068FE
:1075B000BCF1000F0DD1C4E90060046074601CE0F0
:1075C000FFF7A0FF013645F10005361845EBE070E6
:1075D000E7E7DCE90425D4E90431934271EB050EB9
:1075E0001CDAD21ADCF8043065EB0105CCE904257D
:1075F000C4E900C31C60CCF80440FFF77BFF844261
:1076000007D10D4B1C6824B908F0EFFD2146FBF7AC
:1076100087FE87F31188BFF36F8FF8BD9B1A61EB6C
:1076200005018445C4E90431C5D0DCF800C0BFE7DA
:10763000202C0020300800209C6800202DE9F04715
:10764000EFF31185202383F31288BFF36F8F254F4B
:10765000254E3860FFF74EFF4FF000084FF000094D
:107660003B68D6E9001E4FEAE37C50B1D0E9044202
:10767000A3427CEB020A18DAE41A62EB0C02C0E9BE
:1076800004425B184EEB0C020024C6E900323C6059
:1076900008F0ABFD2146FBF743FE85F31188BFF3ED
:1076A0006F8FBDE8F047FFF7D9BE61184EEBE4736A
:1076B000C0E90489C6E90013FFF72EFF85F311889E
:1076C000BFF36F8F83689847EFF31185202383F30F
:1076D0001288BFF36F8F3B681B1B3B60FFF70AFFED
:1076E000BEE700BF9C680020202C002010B5EFF3FF
:1076F0001184202383F31288BFF36F8FFFF702FFFB
:10770000054A0346D2E90001181841EBE37184F3FE
:107710001188BFF36F8F10BD202C0020F8B50446F0
:10772000EFF31187202383F31288BFF36F8F026872
:1077300022B187F31188BFF36F8FF8BDD0E90A3605
:10774000581C46F10001022871F1000127D3012BDA
:1077500076F10001BCBF012316465D1E46F1FF36DF
:1077600008F081FD013041F10001401946EB0101B3
:10777000012871F1000139DB08F075FD013041F19C
:1077800000016FF00102401946EB0103121A4FF09D
:10779000FF3161EB030318492046FFF7D9FE236B45
:1077A00001332363236A6BB187F31188BFF36F8FB3
:1077B000236A20469847EFF31187202383F312882A
:1077C000BFF36F8F54F8185FA542B2D0002DB0D030
:1077D000284608F06BFC0023EB6787F31188BFF3A2
:1077E0006F8F2846BDE8F84008F051BC6FF00102E9
:1077F0004FF0FF33CFE700BF1D7704002DE9F041C4
:1078000005461C4690461F46EFF31186202383F35E
:107810001288BFF36F8FB4F1FF3F08BFB2F1FF3F93
:1078200005D186F31188BFF36F8FBDE8F081531C3B
:1078300074F1FF3309DB012A74F10003BCBF01229C
:10784000002412F1FF3844F1FF37284608F0E6FC27
:10785000DDE90623C5E90A2300232B6303494246D9
:107860003B462846FFF774FEDBE700BF1D770400A8
:1078700038B50346EFF31185202282F31288BFF357
:107880006F8FC160012181600068834206D185F35A
:107890001188BFF36F8F0024204638BDD0E9003235
:1078A00013605A600023C0E9003308F03FFD294609
:1078B00004460248FFF788FBEEE700BFBB6A0020E2
:1078C00073B506460D4608F09FFB78B90B4B9B68D5
:1078D0001C6F7CB12A1D09D200200021CDE90001D6
:1078E00046F00401204608F0ACF808B9002401E095
:1078F0000460041D204602B070BD00BF6068002017
:10790000014801F0B0BF00BF344605000CB430B5EB
:1079100089B005460C461C22002101A808F097FDFD
:1079200002238DF806300E4B0293059523462CB1A9
:10793000B4F1004F28BF4FF00043013B1D440DAA96
:107940000C99069501A8009200F036F914B1059B38
:1079500000221A7009B0BDE8304002B0704700BF85
:10796000750B05000EB470B589B00DAD04461C2230
:10797000002101A855F8046B08F069FD02238DF879
:1079800006300B4B029304F10043013B2A4631467B
:1079900001A806930594009500F00EF90028A4BFF5
:1079A0000023235409B0BDE8704003B0704700BF06
:1079B000750B0500242AF0B5044601D8012A40D1F0
:1079C00009F0E0F82D4B16221A5001B10C6000208E
:1079D000F0BD2F463D4615F8010B2028F9D0A0F147
:1079E0000906042E0346F4D92B282CD02D282CD19F
:1079F00001267B78BD1C302B2DD1287840F020004B
:107A0000782824D132F0100021D16B782C46102236
:107A100002350020392B82BF03F1FF3343F02003EE
:107A2000263B303B9A421AD9A0FB02040CB9C0187D
:107A300001D346F002062F462C4617F8013B3D467F
:107A4000E8E70746C6E70026D3E70026D3E7002A83
:107A500008BF0822DDE7002A08BF0A22D9E701B1E2
:107A60000C60F20748BF4042B307B1D509F08AF86D
:107A7000024B22221A504FF0FF30A9E70C00000001
:107A80002DE9F04101260746B24201DCBDE8F08154
:107A90003B461F4613F8014B002CF7D0252CF8D19C
:107AA0001C78252C07F10207F2D00023DFF80481AF
:107AB0009C461D461F2D18D8A4F1200EBEF1100FB4
:107AC00009D9A4F1300EBEF1090F1ED80A2404FB17
:107AD00003E3202504E028FA0EFE1EF0010F06D075
:107AE00017F8014B002CE5D128E07F2D1CD8A4F11C
:107AF000300EBEF1090FE9D9242C10D1BCF1000FD2
:107B000046D0B34246D00023EAE724F0040EBEF18B
:107B10002A0FF8D06C2C09D145F08005E0E724F05D
:107B2000040EBEF12A0FEED06C2C22D06C2C1BD888
:107B3000682C23D06A2C28D04C2C26D0BCF1000F06
:107B4000A4D0B445A0D144F02007A7F1650CBCF146
:107B5000020F0B6801D9612F1ED1073323F00703F1
:107B600008330B6001368EE7742CB9D07A2CB7D06D
:107B7000E4E72C0648BF45F40075CDE7EC0548BFA7
:107B800045F4007545F48075AAE745F42075A7E72C
:107B90009C46B8E76324D6E7692C02D007D8632C4B
:107BA00003D02F0601D5AC05D7D40433D9E7732C05
:107BB000F6E700BF892801002DE9F04F93B0436834
:107BC0000193837880469807CDE9061217D50B926A
:107BD0000B4600251F78A7B1252F16D0013305933A
:107BE000019B414638469847002805F1010580F27F
:107BF000528498F8023043F0040388F802304FF0C2
:107C0000FF35284613B0BDE8F08F5F789A1C252F0A
:107C10000592E5D000242646A246A346BBF11F0FDD
:107C200032D8A7F12003102B0AD8DFE803F024098B
:107C3000092A0909091B0909092209270909190043
:107C4000A7F13003092B2DD92A2F39D154B90B9B19
:107C50001BF0400F53F8042B0B9329D0164601E07C
:107C60004BF0010B059B13F8017B0593002FD5D139
:107C70005BE04BF0020B4BF0040BF3E74BF0080B0F
:107C8000F0E74BF0100BEDE7BBF17F0F3FD8A7F10A
:107C90003003092BD8D81BF0400F03D00A2202FB77
:107CA0000636DFE70A2202FB0A3A4BF0200BD9E73F
:107CB000B2F1000AF9DACAF1000A4BF0280BD1E759
:107CC0002E2F05D11BF0400F9BD14BF0400BC9E785
:107CD000242F1CD1002C00F04381079B0B931BF039
:107CE000400F0AD1524606980BA9FFF7C9FE0B9B1D
:107CF0001A1DD3F800A00B92B4E7324606980BA9E0
:107D0000FFF7BEFE0B9B1A1D1E680B92AAE76C2F95
:107D100000F0138100F20A81682F00F016816A2FAB
:107D200000F01B814C2F00F0188134B1079B06989E
:107D30000B9322460BA9FFF7A3FE002E47F020036A
:107D4000B8BF2BF0400B0293A3F16503BCBF1FFA31
:107D50008BFB0026022B40F20881029B612B40F036
:107D60008382FF4307F0200304930B9B073323F028
:107D7000070303F108021BF0400F93ED000B0B9279
:107D800018BF3146049A08BF4FF0FF310CA808F025
:107D900031FE431CDBB24BF4C0540393DDF830904A
:107DA00070230646A3460127029309F10903122B0B
:107DB0000CD909F16303C62B40F2118109F2E733B4
:107DC00040F2CE72934294BF032704279DF83420DB
:107DD00002F00C0312F0010240F01C811BF0020FB4
:107DE00040F015811BF0040400F0FB80002B40F0F4
:107DF000148120231BF4405F21D1039A4832002EC6
:107E00006A4408BF0126133A039921B112F8011DF3
:107E1000302900F039811BF0100F039A18BF324649
:107E200019F1040FC0F23581B14580F232814A4523
:107E30004BF4005B40F32F8109F10106961B1BF404
:107E40000052089200F0298129EAE974013403B153
:107E50000134002E00F02881721C1444A245CCBFCE
:107E6000AAEB040400241BF0090F04D12C44A54202
:107E700040F01F81002443B118464146019B9847BA
:107E8000002805F10105FFF6B4AE1BF4006F13D016
:107E9000019B4146302098470028FFF6AAAE049B7C
:107EA000C3F178004146019B00F0F8009847002894
:107EB00005F10205FFF69DAE1BF0080F05D12C441D
:107EC000AC4240F0028125460024089B002B00F0C4
:107ED0002C8129EAE97AA9EB0A027642039B0292F5
:107EE000934284BF0CABD3180AF1FF3A8CBF587988
:107EF0003020564505F1010700F3F180019B414612
:107F00009847029A002802F10102FFF672AEBAF118
:107F1000FF3F09D1019B029241462E20984700283D
:107F2000FFF667AE029AAF1C3D46D7E7742F3FF4C9
:107F300099AE7A2F3FF496AEF7E61BF0800F18BF8C
:107F40004BF4007B4BF0800B8CE61BF4807F18BF5A
:107F50004BF4007B4BF4807B84E64BF4207B81E682
:107F60002646B3465446B2467CE6FF4307F020035C
:107F700004930B9B073323F0070303F1080293EDEF
:107F8000000B029B0B921BF0400F08BF0626652BCF
:107F900011D1711C0022C9B24BF4805B1346112928
:107FA00028BF11210CA800F015FBC3B2DDF83090FA
:107FB00003930227F9E6029B662B05D14BF4005B85
:107FC000334601221121EAE7F1B201294FF0000204
:107FD0004FF0650038BF012113460290DFE702270A
:107FE000F4E6002B3FF406AFBAF1030F3BDC9DF83B
:107FF00034309B4E13F0080F9A4B08BF1E46B14613
:108000004F4619F8010BB0BBAE1B374488E033BBB9
:108010002B23EFE62BBB2D23ECE62022BAF1040F35
:1080200013DD1BF0080FAAF104040FD12C44019BAF
:108030000292414620209847002805F10105FFF6ED
:10804000D8ADA542029AF2D19AB10024019B4146D3
:1080500010469847002805F10105C8DAC9E52B222A
:10806000DCE72D22DAE71BF0080FAAF10304BED1EA
:10807000DCE71446BBE7049BC01A4146019BC0B233
:1080800098470028BCDAB4E503990139C9B20391D5
:10809000BAE6561ED3E60026D1E61BF4006F0CBFED
:1080A000032405243C44D2E61BF0100F18BF013412
:1080B000D4E609934146019B202098470028099B5C
:1080C00005F10105BFF6D3AE93E5019B4146302093
:1080D0009847002805F10105BFF6F2AE89E5D145C4
:1080E0000AD19DF83530352B1DD805D19DF8343097
:1080F00013F0100F08BF3120019B4146984700281C
:10810000FFF677AD1BF0100F0AD0BAF1FF3F07D191
:10811000AF1C41462E20019B98470028FFF669AD11
:108120003D463C443EE23120E6E79DF835003128EB
:108130001EBF9DF8343023F010038DF834304146D3
:10814000019B98470028FFF654AD002E6BDD019B84
:1081500041462E2098470028FFF64BAD4FF0010A0C
:10816000039B9A45BBBF0CAB534430205879019B0D
:10817000414698470028D346FFF63BAD0AF1010A75
:108180005645EDDA02355D44029B049A981A414641
:10819000019BC0B298470028FFF62BADB9F1000F44
:1081A00004DB4ED19DF83430DB064AD5C9F1000915
:1081B0002D20019B414698470028FFF61AAD042F59
:1081C00041D14FF47A7799FBF7F606F13000019B25
:1081D0004146C0B29847002805F10305FFF609ADF6
:1081E00007FB1699642799FBF7F606F13000019B0F
:1081F0004146C0B29847002805F10105FFF6F9ACE9
:1082000007FB16990A2799FBF7F606F13000019B48
:108210004146C0B29847002805F10105FFF6E9ACD8
:1082200007FB169915E01BF0100F01D10135ABE7E4
:10823000019B41462E209847002805F10205A3DA4C
:10824000D7E42B20B5E7032F05F10205CAD0012F93
:10825000D8D109F130006F1C4146C0B25BE700BFC6
:108260006646050062460500A7F16303122B00F283
:10827000FB80DFE813F013005300F900F900F90068
:10828000F9005300F900F900F900F900F9001301B1
:10829000F400F900F9002800F900B5000B9B1A1D45
:1082A0001B680B928DF8303001240CAF1BF0080FC7
:1082B0002AD007EB04093E464E4527D1EF1B374431
:1082C000AAEB04042CE70B9B1A1D0B921F68AB4B07
:1082D000002F08BF1F461BF0400F14BF31464FF060
:1082E000FF31384608F05BFA0446DFE7019B414660
:1082F000202098470028FFF67CAC013EB442F5D31D
:108300005544AD1BB246D4E75646F7E716F8010BC5
:10831000019B414698470028CEDA6AE41BF0800FA3
:108320000B9B35D01BF4007F2DD0073323F00703C0
:10833000D3E9000103F108020B922BF01009002988
:108340001FFA89F936DA404261EB410149F480694C
:108350000DF1300B0A235A4608F02DFA19F0400FA0
:10836000A0EB0B0B65D029F001025E4592B240F301
:10837000B280002F00F0A98019F010033446914616
:1083800026D002345CE01A1D18680B92C117D4E79E
:108390001A1D1BF4807F19680B9201D10846F5E77E
:1083A0001BF4007F15BF48B208B241F3C01141F37E
:1083B000C031C2E750EA0103CAD11BF0400FC7D059
:1083C000002EC5D12BF0110B1FFA8BF93446B346A2
:1083D00040F2064319EA03031CBF013400232FE0D7
:1083E0002BF0100B1FFA8BFB0A231BF080040B9A57
:1083F00057D01BF400711DBF073222F0070202F1B3
:108400000801101D19BF0B91D2E900010B901068F3
:1084100050EA010252D12BF016091BF0400F1FFA4F
:1084200089F94FD0002E4DD12BF0170B1FFA8BF985
:10843000B34619F0100352D0002F4ED10BF10104B6
:1084400019F0080F5ED119F0010F06D0A2456DDDBD
:10845000AAEB040404EB0B06544622464DE04BF015
:10846000100B10237827C0E7029B782B04D1C7F1AB
:10847000780343F01003B8E7019B41462520984755
:108480000028FFF6B6AB019B4146384698470028C6
:10849000FFF6AFAB0235059BFFF79CBB0823002717
:1084A000A3E7111D0B911BF480711068B0D01BF471
:1084B00000711ABFC0B2214680B2A9E72BF0060BAB
:1084C0001FFA8BF90DF1300B45E729F011091FFA5E
:1084D00089F934467CE79146ABE75C4651E75C4658
:1084E00076E7CDE902234146019B202098470028EA
:1084F000FFF67FAB029A039B01329245F1DC2C1B05
:10850000A5181446EBB1019B41463020984700283E
:10851000FFF66FAB67B901352F462E44F31B5B4561
:1085200021DC5D460CAE5DBB5F44C9E65E4694E768
:10853000023541463846019B98470028ECDAFFF7A0
:1085400058BB40F2064319EA030FE5D019F0020FB9
:1085500014BF2B20202019F4806F05F1010541463E
:1085600018BF2D20E7E7019B41463020984700289F
:1085700007F10107D2DAFFF73CBB00BF6A460500EE
:10858000013D019B705D414698470028CBDAFFF71B
:1085900030BB019B414620209847002805F101058A
:1085A000FFF627AB631B002BF3DC74E71FB502ABB0
:1085B0000093074A4FF0CC3308F0E2F9DDE90201FD
:1085C000C00840EA4170C90805B05DF804FB00BF6F
:1085D000CDCCCCCC2DE9F04F55EC104B9DB0CDE976
:1085E0000B122A460D93290DC5F31303D20FC5F3C1
:1085F0000A5507908DED050A0A9275B922461A436D
:108600001BD1302343710A9B056043F002030371C1
:10861000012738461DB0BDE8F08F40F2FF72954249
:108620004DD1059A13430A9B079A14BF43F00803E0
:1086300043F0040313710027EBE7059AB24D02F0F3
:1086400001020992059A4FEA830848EA9278970056
:1086500001229A461646C5F1000B5846089200F0D2
:1086600015FAB5F1FF3FACBF8146A0F10109ABEBB4
:10867000090B09EB05035846069300F00DFA18A9FB
:10868000A0F17D05584600F027FA14AB089A019333
:10869000A9EB050512AB0292009305982B4618AA88
:1086A000514608F0B0F8B9F1010F04460D4600F24A
:1086B000D880099B002B40F0CB8001276FE0059A02
:1086C00002F001020992059A43F4801A4FEA8A08DF
:1086D0001343A5F2354548EA92784FEA82074BD119
:1086E00040F2FE7319420CBF01260026002D3246CF
:1086F000B1DB284600F0C4F90346032DC8BF013B97
:108700001846069300F0C8F9069B7C305D1B0544B3
:1087100018A9184600F054FA14AB019312AB009359
:10872000059802962B4618AA514608F06CF8069B4D
:10873000152B04460D4600F2888016AB734A009351
:1087400038464FF0CC33414608F01AF9169B179A79
:108750009B0843EA827303EB8303BB42DDE9129A71
:108760000CD13846414600F09FF9069B83428CBFEE
:1087700000270127002612E00126B7E7099B002BFE
:1087800053D1013F48F1FF31B81B61F1000100F006
:108790008BF9069B099F83428CBF002601260C9B08
:1087A000002B40F09280DDF82CB04FF00008CDF89F
:1087B0002080CDF814804FF00A0ADDE91201FFF79E
:1087C000F5FE149B1093CDE90E0118461599FFF79D
:1087D000EDFE0E9B0F9A119198420B4693418146F4
:1087E00080F08D8020462946FFF7E0FE109A0AFBB4
:1087F00009F3934214BF002606F001060E9B129364
:108800000F9BCDE91339119B1593089BB8F1000F0D
:1088100014BF002707F0010701330AFB10485FFA75
:1088200088F8089304460D46C7E7B81C48F10001D4
:1088300000F03AF9069B83428CBF00200120B9EB7F
:1088400000006AF10002CDE9120200273E46A6E7C9
:10885000129B139A013B42F1FF32CDE912320127FC
:1088600088E7B9F13E0FF0D84FF0FF33A9F12000AF
:1088700003FA09F203FA00F0C9F1200123FA01F129
:1088800002430A4303FA09F327EA030728EA020826
:1088900057EA08070CBF012700276BE700FB02FC23
:1088A000A1FB0012013362448C4275EB020CF5D23D
:1088B000069A13440D9A1344012B0B9AB8BF012357
:1088C0009A42A8BF1A4693466FE70A210022012365
:1088D0000846E9E70AFB03F0A2FB0A23013103443F
:1088E000944275EB0300F5D2594511DDBBF1000F41
:1088F00002D154EA05030BD00123059372E70A2243
:1089000000230121ECE700BFCCFBFFFFCDCCCCCC9A
:108910007EB34FF00A0A149B15990F931846FFF780
:1089200045FE0F9B0E910AFB00F29A42814620D130
:10893000DDE91201FFF73AFE10900F91204629461B
:10894000FFF734FE0F9B109A1292CDE913390E9B5C
:108950001593089BB8F1000F14BF002707F001071B
:1089600001330AFB10485FFA88F8089304460D4665
:10897000D1E7069B089A13449946002F58D0B8F1C6
:10898000050F55D114F0010348D1059A32B9DDE93C
:1089900014239D4208BF94425DD0059B18194FF0E7
:1089A0000A0445F10001002201262546A04271EB90
:1089B000020753D2E3B1B3451ADA0C9B63B10D9AA7
:1089C00006EB09031A4422EAE2730B9A9A42A8BF03
:1089D0001A46964293460BDD05304FF00A024FF0DF
:1089E000000341F10001DDF78BFB09F10109013EB4
:1089F0005E45A8BF5E4637B20FFA89F9079B09FAB0
:108A000086F607F10508013E98444FF00009B94584
:108A10002BDB079B0A9A1E601A71FAE5059B2BB99E
:108A2000DDE914239D4208BF944209D00123B5E734
:108A3000059B53B9DDE914239D4208BF944204D13C
:108A4000099B002BF2D1002EF0D0B8F1040F94BF97
:108A500000230123A2E74FF00408F1E705FB02F72A
:108A6000A4FB054201363A44A0E70A220023DDF7C1
:108A700047FB303208F8012D09F10109C7E700BFB3
:108A8000014B5843800C704741340100014B58435F
:108A9000000D7047FB2E0B00024B5843C00C0130F9
:108AA000704700BF4F9312000A4A70B503464FF05B
:108AB000CC3600204FF0333506FB03F402FB0144B3
:108AC000A3FB023121449D4275EB010401D3013027
:108AD000F2E770BDCDCCCCCC2DE9F04F1A23354E4A
:108AE000B0FBF3FA03FB1A0389B004460D4606EB0C
:108AF0000A1653B9D6E90023C1E90023D6E90201D9
:108B0000C5E9020109B0BDE8F08F2B4A02EBC303AF
:108B1000D3E9008904AB0093D6E9022340464946D5
:108B200007F02EFF06AB0093D6E9002383460F46DD
:108B30004046494607F024FFDDE9066216EB0B06C6
:108B400052EB07084FF0000328BF0123814633B1E1
:108B5000049B059A013342F10002CDE9043220461C
:108B60000391FFF799FF07461A2000FB0AF0FFF771
:108B700093FF3F1A3246434603990097484607F051
:108B80001AFF4FEA141C0D4A640004F01E0352F849
:108B90002C40DC4004F00304241841F10001C5E935
:108BA0000041DDE9042300973046414607F003FF0A
:108BB000A6E700BFE812050018120500543A0500A8
:108BC0002DE9F04F1A27DFF8ECA000F11905B5FBED
:108BD000F7F56F433A1A4FEA051B89B004460E4673
:108BE0000AEB05150AD1D5E90023C1E90023D5E92F
:108BF0000201C6E9020109B0BDE8F08F2B4B03EB7F
:108C0000C203D3E9008904AB0093D5E902234046AF
:108C1000494607F0B5FE5AF80B206B68013ACDE9DA
:108C2000020106A963F1000300914046494607F09E
:108C3000A7FEDDE906528A4602996D18039952EBA8
:108C400001084FF0000328BF0123814633B1049B84
:108C5000059A013342F10002CDE904323846FFF7AC
:108C60001BFF07462046FFF717FF3F1A2A464346D9
:108C700000974846514607F09EFE4FEA141C0C4AE6
:108C8000640004F01E0352F82C40DC4004F003049E
:108C90000134241841F10001C6E90041DDE9042353
:108CA00000972846414607F086FEA2E71812050005
:108CB000A83A0500B81305007047DFF70BBA82B079
:108CC00070B588B00CA981E80C009DF840300646CC
:108CD0006C4604ADE3B10FC984E80F0094E80F00BF
:108CE00085E80F003068DFF7F5F900B383689C680A
:108CF00024B308AA12E903000EAB83E8030095E849
:108D00000C003046214608B0BDE8704002B008476C
:108D10000CAB0FCB84E80F0094E80F0085E80F0040
:108D20003068DFF7D7F910B18368DC68E0E76FF0EF
:108D3000150008B0BDE8704002B070476FF08500C4
:108D4000F7E782B0F0B591B016A981E80C0007C82A
:108D500005AE86E80700DFF7BDF9074670B316AB2E
:108D60000FCB08AC84E80F0094E80F000CAD85E849
:108D70000F000598DFF7AEF983685C684CB110AB63
:108D800013E903008DE80300304695E80C00A04786
:108D900078B9BB681B78022B12D8DDE918018DE881
:108DA00003009DF86830029316AB0CCB3046FFF7FA
:108DB00086FF11B0BDE8F04002B070470120F8E72F
:108DC0006FF08500F5E710B5837A04681A44C37A1A
:108DD0001944437A14B901FB032010BD13FB01F3BE
:108DE000134442689BB2934204D254F8230008B162
:108DF0000138F2E76FF01500EFE7084307D1824230
:108E000001D10020704743F820000130F7E76FF0F0
:108E1000150070470021DFF78DBA82B008B502A9AE
:108E2000006881E80C00FFF748FF43681868E0F726
:108E3000D9FB83681B6803B118476FF08500704742
:108E400083685B6803B118476FF0850070478368DB
:108E50009B6803B118476FF08500704782B08DE8BA
:108E60000C00002002B0704770B50024064625466D
:108E700046FA04F3DB0703D5E0B2DFF769FB0544EC
:108E80000134082CF4D1284670BD70B50024064684
:108E9000254646FA04F3DB0703D5E0B2DFF77EFB95
:108EA00005440134082CF4D1284670BDC0F30743B3
:108EB000072B04D00C2B05D06FF01500704780B243
:108EC000DFF7D8BB80B2DFF729BCC0F30743072B1D
:108ED00004D00C2B05D06FF01500704780B2DFF77F
:108EE000E1BB80B2DFF734BCC0F30743072B03D0EC
:108EF0000C2B04D00020704780B2DFF7EFBB80B2AC
:108F0000DFF742BC70B510F47F0F86B2C0F30744A0
:108F100088B0A6F1E0054FEA10601AD1072D1CD9E0
:108F20000724C5B20020CDE9062308AB8DF8110057
:108F30008DF8121013E903008DE80300ADF8084026
:108F400003968DF8105002AB0FCBDFF7F5FD08B09C
:108F500070BD072DE5D8072CE3D1C0B2072400254A
:108F6000E1E782B08DE80C004068DDE902230021D2
:108F700002B0FFF7C7BF82B08DE80C004068DDE9A2
:108F80000223012102B0FFF7BDBF82B010B5044635
:108F900002A9006881E80C00FFF78FFE4368207982
:108FA0001978BDE8104002B000F0C4B882B010B526
:108FB000044602A9006881E80C00FFF77EFE4368C2
:108FC00020791978BDE8104002B000F0AFB838B58C
:108FD000044602294FF000000D46206001D1E0F761
:108FE0003BF860602570204638BD84B00DF1100C50
:108FF0000CE90300694681E80C009DF808209DF803
:10900000003093420CD1012B08D9022B08D10398D0
:10901000019BC31A5842584104B070470120FBE736
:109020000020F9E782B002AB03E903009DF80000DD
:10903000012804D0022806BF08460230002002B0F2
:109040007047072804D00C2804D06FF085007047C3
:10905000DFF7D2BBDFF7EABB08B5DFF757FBDFF777
:109060008BFBDFF7C9FBBDE80840DFF7DFBB08B5C6
:10907000DFF794FC002008BD08B5DFF78FFC002067
:1090800008BD38B5DFF774FD0446002835D00388E5
:109090004268A17A42EA034089B3E03A072A02D83B
:1090A000DBB2072B0DD0FFF71FFF50B1208863689C
:1090B00043EA0040FFF709FF00281EDB2088FFF786
:1090C000C0FF2088636843EA0040FFF7EFFE0028F6
:1090D00013DB607AFFF7C8FE0546207ADFF798FABF
:1090E0002388072B06D0002D01DC002802DD072095
:1090F000FFF7A7FF2088FFF7A4FF002038BDFFF788
:10910000E4FE0028F9DB607AFFF7BFFE0546DFF7D3
:1091100099FAE5E7002070470346012000FA03F2C0
:109120008A431CBFB3FA83F0400970470A46012105
:10913000DFF770BC0A460021DFF76CBCF0B50D46C6
:1091400089B091B2284614461E46DFF79FFCDDE940
:109150000E23CDE90623029608AB074613E9030068
:109160002A468DE8030023463846CDE90454FFF72C
:10917000E8FD09B0F0BD37B5DFF784F9034650B11B
:10918000D3E90445027A0078CDE900455968DFF754
:1091900099FC03B030BD6FF08500FAE713B56C465B
:1091A0002046DFF7E9FB94E8030002B0BDE8104079
:1091B000DFF7E8BC08B5FFF7F1FFBDE80840E0F7CE
:1091C000E1B808B50020FFF7F5FF002008BD82B028
:1091D0006B4683E8060093E80600007802B0DFF7EC
:1091E000E1BCDFF70BBD00B589B002F0E2FC6946D7
:1091F000DFF73AFD09B05DF804FB00B589B002F075
:10920000D8FC6946DFF730FD09B05DF804FB00B516
:1092100089B002F0CEFC6946DFF726FD09B05DF8A3
:1092200004FB00B589B06946E5F70AFA9DF80130FC
:10923000012B08D1DFF7E8FD002814BF002006202D
:1092400009B05DF804FB0020FAE7DFF743BE704782
:1092500038B50C46BDF81000E5681C46C318012B54
:10926000114605DC2246284407F0C9F8204638BDDF
:109270006FF00604FAE737B51C46BDF818301546FE
:10928000A3B9012C15D102F094FCDFF7EBFE002806
:1092900012DB02238DF80030019002AB284613E95F
:1092A0000600FFF794FF204603B030BD6FF00600C4
:1092B000FAE76FF00C00F7E76FF00D00F4E7F0B598
:1092C00085B01F4604460D461646DFF773FA0C2399
:1092D00002930130BDF828300190009332463B469E
:1092E0002946204603F009FE05B0F0BD1FB5022453
:1092F0000294CC680194BDF81840009403F0FDFD81
:1093000004B010BD1FB504240294CC680194BDF8CC
:109310001840009403F0F1FD04B010BDF0B585B025
:109320001F4604460D461646DFF740FA082302930F
:109330000130BDF828300190009332463B46294663
:10934000204603F0DAFD05B0F0BD2DE9F8430569CC
:10935000D0F80490DEF7B8FE2870FFF71FFF6870A2
:10936000E0F748F8003818BF0120A870DFF70EFBBF
:109370004FF000082871D9F80030434502D800208A
:10938000BDE8F883D9F80460EB7806EB0816DBB982
:10939000AC7824B92B78012B05D0022B06D02B7981
:1093A0005BB9F47A02E0347B002CF8D100273368F3
:1093B000BB420BD808F10108DDE76A78337A1A421C
:1093C00014BF747AB47AF1E70024EFE7736803EB13
:1093D000C70253F83700516883681B692BB12246D6
:1093E00098470028CCD10137E1E76FF05700C7E775
:1093F000036921B1012906D06FF085007047012271
:10940000DA70FFF7A2BF0022FAE7FFF79EBF08B5A8
:10941000DFF7F0FFBDE80840DFF73EB838B5498810
:109420001D4601F47F43B3F5807F144612D1C9B2C3
:10943000012904D0022909D06FF0150038BDDFF7EB
:10944000B5F90923286023600020F7E7DFF7B2F9B8
:109450000D23F7E76FF08500F0E713B5498801F4B5
:109460007F40B0F5007F14D1C9B2012914D1126830
:10947000022A11D118686B46002400945C608DF8B4
:109480000010013093E80600FFF7A1FE204602B06D
:1094900010BD6FF08500FAE76FF01500F7E708B52B
:1094A000DFF784F9BDE808400921E0F701B808B505
:1094B000DFF780F9BDE808400D21DFF7F9BF08B5F7
:1094C000E1F750FC00F0FDFF002008BD00EBC100FB
:1094D000408840087047F8B50346FFF7F7FFB0FA39
:1094E00080F0C0F11F0003EB800CCA00DCF81060B4
:1094F000171D0C4606328DB256B9012101FA00F053
:10950000D9680143D960CCF81040DD539D52F8BDB5
:10951000F1000431585AD85303EBC0009E52C58065
:109520005D52F4E710B500EBC104E388994202F103
:1095300004010AD1012303FA02F2C36823EA0203F9
:10954000C360002340F8213010BDA28840F82130CC
:1095500000EBC20100EBC300CB808280F4E708B5CA
:109560000346FFF7B3FFB0FA80F2C2F11F021846BC
:10957000BDE80840FFF7D6BF2DE9F843B1FA81F501
:10958000C5F11F0900EB89080346D8F810200E46E4
:10959000C2B10327D8F8104018462146FFF796FFBE
:1095A000B04206D34A461846FFF7BCFF2046BDE846
:1095B000F88303EBC404013FE088C8F8100001D031
:1095C0008242E7D1C5F120024FF0FF349440DA68BF
:1095D0001440EBD094FAA4F2B2FA82F2111D53F8BF
:1095E00021402146DFE738B50346FFF76FFF0D4600
:1095F000044611461846FFF769FF03EBC50504440E
:10960000600068801846FFF761FF014423F831408D
:1096100038BD38B50346FFF759FF0C46A51A511A55
:1096200003EBC40405444800608003EBC2006C00F7
:10963000448023F8321018461146FFF747FF0144D3
:1096400023F8315038BD38B50546FFF73FFF0C46CB
:10965000014405EBC1035B88DA070AD42846FFF70B
:109660007EFF21462846FFF731FF22182846FFF7E4
:10967000BAFF35F83410611A05EBC1035B88DB07CC
:109680000CD42846FFF76BFF35F834102246611AD8
:109690002846FFF7A8FF35F83430E41A214628465B
:1096A000BDE83840FFF717BF61B100680439091AF7
:1096B00021F007030344C9085A8822F001025A80A6
:1096C000FFF7C1BF704770B5056809B9002070BDCC
:1096D000AB68B3EBD10FF9D90B31CC082146284642
:1096E000FFF74AFF06460028F0D001462846FFF75C
:1096F000EDFEA04207D932192846FFF78AFF11462E
:109700002846FFF7E8FE05EBC6021046538843F0F3
:10971000010353800430DAE72DE9F84301F1FF3902
:1097200019EA010906680F4614460CD04B420B405B
:10973000042B1A464F4628BF0422994664B90025D7
:109740002846BDE8F883042904D8BDE8F84311464B
:10975000FFF7B9BF0422F1E7B368B3EBD40FEED93A
:1097600004F10B013944891AC9083046FFF704FF98
:1097700080460028E3D009F1040505EBC0057B1EF7
:1097800035441D44B5FBF7F57D43A5EB09052C4495
:109790002B1F07349B1B24F00704A41BB0EBD30F33
:1097A0004FEAD3074FEAE40408D201463A4630466E
:1097B000FFF72FFF41463046FFF78DFE3946304612
:1097C000FFF784FE3844844207D230462246FFF732
:1097D00020FF21463046FFF77EFE06EBC706738862
:1097E00043F001037380ABE7043A2DE9F041CC1D4F
:1097F000114424F0070421F007010E1BF708B7FA03
:1098000087F2C2F12405AD004FF000080735C2F120
:109810002002ED0804604146A760C4F80C80920065
:1098200004F1100006F013FE6B0043F001036380A7
:1098300004EBC5027B1B5900A4F800805180A219DB
:1098400024F83550A2F80280A35304EBC70329463D
:109850005A8842F001025A802046BDE8F041FFF7E5
:109860003ABE002070470FB407B504A951F8040BA5
:109870000191DFF785FE03B05DF804EB04B070479B
:109880000FB407B504A951F8040B0191DFF778FE76
:1098900003B05DF804EB04B0704708B5EFF3118333
:1098A000202383F31288BFF36F8F01F04BF8F0B5DC
:1098B00064230546042600200A2769B9F0BD9A42B0
:1098C000B2FBF3F40CD2012B0AD048B903FB1422EB
:1098D000D2B20A24B3FBF4F3013EF0D12E70EDE7CF
:1098E000303405F8014BB2FBF3F4013903FB1422C9
:1098F0000130B3FBF7F3C9B2C0B2D2B2DBB2DCE7DE
:10990000A0F13003DBB2092B02D80B7000207047A6
:10991000A0F16103052B02D85738C3B2F5E7A0F1D7
:109920004103052B01D83738F7E76FF01500704772
:10993000F7B5054601F0010000EB51069E424FEAE3
:10994000510703D90026304603B0F0BD58B128783E
:109950000DF10701FFF7D4FF0028F3DB9DF8073076
:1099600002F8013B013501351744BA42EBD015F836
:10997000010C0DF10701FFF7C3FF0028E2DB9DF8A2
:1099800007402401E4B2147015F8020BFFF7B8FF8A
:109990000028D7DB9DF807301C4402F8014BE4E7B0
:1099A000036800220BB9184670478B4210D10B6830
:1099B00042B942680360914200D1436000230B60CA
:1099C0000120704713604368994208BF4260F5E781
:1099D0001A461B68E6E7038B13F0070305D10368FB
:1099E000002B0CBF002003207047022B05D1408BB9
:1099F000B0FA80F0400980007047012B05D1036860
:109A0000002B0CBF0020052070470020704710B5C8
:109A10000C4600B111B96FF0150010BD081D00F023
:109A2000D3F80028F9D1A368032BF6D9F3E72DE981
:109A3000F0410D4607461946281D90461E4600F087
:109A4000D7F8044638B13346424629463846A4463C
:109A5000BDE8F0416047BDE8F08110B4EFF311823A
:109A6000202484F31288BFF36F8F41615DF8044BAB
:109A70000121DFF7CDBD38B50C46054658B151B1CF
:109A80000B6843B14B6833B11C22002106F0DFFCA8
:109A90002C61002038BD6FF01500FBE770B505465E
:109AA0000E46FFF7B4FF041E14DBEFF311822023F0
:109AB00083F31288BFF36F8F6B8B2C8B4FF6FF7184
:109AC0008B4204F0070407D182F31188BFF36F8F34
:109AD0006FF00A04204670BD022C0CD101336B8359
:109AE00082F31188BFF36F8F002322463146284648
:109AF000FFF79DFFEEE7062C14D8DFE804F004130F
:109B00001313041A0400002333606B683BB9C5E9E2
:109B10000066ACB902212846DFF77AFDDAE71E605D
:109B20006E60F6E782F31188BFF36F8F6FF0040465
:109B3000D0E782F31188BFF36F8F6FF08504C9E718
:109B400082F31188BFF36F8FC4E710B5EFF3118272
:109B5000202383F31288BFF36F8F048B04F0070474
:109B6000022C0AD0012C0CBF6FF004006FF08500AE
:109B700082F31188BFF36F8F08E0438B013B9BB2E8
:109B8000438323B92146DFF743FD204610BD20461D
:109B9000EEE738B5A8B1A1B1EFF31185202282F329
:109BA0001288BFF36F8F048BFFF7FAFE30B104F019
:109BB000070085F31188BFF36F8F38BD6FF0770012
:109BC000F7E76FF01500F8E7034640B1426802F08E
:109BD0000302022A06D0032A04D0012A05D06FF01E
:109BE000150070471A68002AF9D000209860704765
:109BF00010B54268816002F00302022A03464FF06A
:109C0000000407D0032A02D05C60002001E018683D
:109C10005C6010BD18685C600028F6D0FDF728FE77
:109C2000F3E7704770B406688489806A0D0C16FAF1
:109C300081F105FB041184682468A44670BC604768
:109C40002DE9F0431C46C36A1D686D4289B0064683
:109C50008846174605F020051CB9204609B0BDE826
:109C6000F083AC42A14628BFA9464B466A4641460E
:109C70003046FFF7D7FF0028F0D16B46484502D1A8
:109C8000241A8044E8E713F8012BBA4201D10130CD
:109C9000F4E70120E2E70B6803F580330B60C0892D
:109CA0001A0CB0EB134F04BFA3EB02430B607047D9
:109CB00038B5828903680D0C090C04462D04806AAE
:109CC00002FB013100F02DFD50B9E26AA3895279FF
:109CD00029462046FFF7B4FF002818BF6FF00500A3
:109CE00038BD10B5014604460722FF20DFF72CFCE3
:109CF000E07110BD0368012B81BFC91801F1FF316C
:109D00005B421940084670472DE9F0410C46054674
:109D10000821C06AFFF7EEFF072207462146FF2011
:109D20006688B4F80480DFF70FFCE379834208D13A
:109D3000A8894644C01BB04294BF00200120BDE862
:109D4000F0810020FBE738B505460C46FFF7DCFF45
:109D5000A0B1A08898B922884FF6FF739A420DD11E
:109D6000E86A0821FFF7C6FF6288AB899B1AB3FB3C
:109D7000F0F202FB1030B0FA80F0400938BD00204C
:109D8000FCE7F7B504460D46C06A0821FFF7B2FFAD
:109D90002968074608232046FFF744FF06460028A7
:109DA00036D12B683B442B60A28999B2D21B9142D9
:109DB0002ED11A0C03BFE28902F1FF3203EB0241FC
:109DC000A3F58031296008236A462046FFF72AFF61
:109DD000E8B9E36A5A796B4613F8011B8A420CD141
:109DE00001300828F8D1636805E02B68BDF802202F
:109DF0001B0C1B0413442B600AE069462046FFF746
:109E0000A2FF0028F1D129462046DFF70FFD0646C4
:109E1000304603B0F0BD2DE9F043074689B09046C7
:109E20001E461BB9002009B0BDE8F0833C68838959
:109E3000080C14FA81F100FB0314FB6A1D686D42E3
:109E400035400CD0B86A83682146D3F804902B467D
:109E5000C8470028E7D1761BE4D02C44A8443246FA
:109E60004146684606F0CBFAFD6A2A686979921B7A
:109E70000DEB060006F0EBFAB86A2B688268214603
:109E800055686A46A847CEE710B50A4608234168D8
:109E90000446FFF7C0FF08210246E06AFFF72AFFE9
:109EA00063681B1A6360104610BD13B54FF6FF734D
:109EB00000220446ADF800308DF806308368ADF816
:109EC00004206846ADF80230FFF70BFF69462046D4
:109ED000FFF7DAFF02B010BD2DE9F04F044695B050
:109EE000C06A0821FFF706FF63681B0C1B040546C8
:109EF00003A920460393FFF7CEFEDDF80CB0A68938
:109F00005E44761B06AA0823314620460496FFF7D6
:109F100089FE021EC0F2A980E36A06AA59790023CD
:109F200012F8010B814240F08F800133082BF7D1EA
:109F3000A36862682B449A427ED259462046FFF7B6
:109F4000B7FE024691E0BDF81A30360C36041E44C6
:109F5000049608AA04A92046DDF810A0FFF711FF17
:109F60000246002840F0818008A92046FFF7CCFE79
:109F700018B9019B5345ECD1DAE7636805930AAA47
:109F800005A92046059EFFF7FCFE024600286CD17D
:109F9000BDF82820BDF820309A4227D06268059B82
:109FA0009A42ECD1B245E4D1BDF82430002BE0D088
:109FB000BDF822704FEA1A431B041F4408A8A36887
:109FC000ADF82230FFF78DFEE36ABDF824901E68DD
:109FD000764206F02006B9F1000F0ED108A92046FE
:109FE000FFF752FF02460028C3D03EE00AA92046F0
:109FF000FFF78AFE0028D1D0D4E74E45B04628BFEF
:10A00000C8460CAA434639462046FFF70BFE0246D7
:10A0100058BB4346A1680CAA2046FFF7FCFE414608
:10A020000246E06AFFF766FEA3680344A360E2B954
:10A03000A9EB08094744CEE72046FFF736FF024662
:10A0400000283FF47AAF10E0731B06A92046019365
:10A05000FFF779FE00287FF476AF04A92046DFF7EA
:10A06000E5FB024600283FF474AF104615B0BDE88A
:10A07000F08F2DE9F04F1D4691B0037C029104460C
:10A080000092002B00F0BD80C26A08211046FFF745
:10A0900031FE294601901046FFF72CFEA389019A54
:10A0A000A3EB8203AB420746C0F0AE801DB1009B1C
:10A0B000002B00F0A9806368059306AA05A9204635
:10A0C000DDF814A0FFF75DFE064600283DD1BDF87F
:10A0D0001830029A934206D06268059B9A42ECD1EE
:10A0E000002D38D131E006A92046FFF70DFE0028EB
:10A0F000F2D0BDF81A80BDF81C3055B39D422AD16C
:10A10000E36ADDF800B01B684FEA1A4A5B424FEA87
:10A110000A4A03F02003D0440393AA46039B534505
:10A1200028BF534608AA414620469946FFF77AFDC4
:10A1300000284DD14A4608A9584606F00EFB50B9F2
:10A14000BAEB090AC844CB44E8D1304611B0BDE8A7
:10A15000F08F002BF9D0002F3DD1B84604F1140A3E
:10A160004FF0FF324FF0FF335046FCF77FF9E389A1
:10A170009E4243D0A168626808EB01039A422FD344
:10A18000029BADF82030FF238DF82630009AADF801
:10A1900022102B462046ADF82450FFF73CFE2946FE
:10A1A0000746E06AFFF7A6FDA3680344A36057B91A
:10A1B00008A8FFF796FD08A92046FFF765FE0028CE
:10A1C00014BF07462F465046FCF7C8F93E46BCE789
:10A1D000C1DC0646B9E7019B1F441FFA87F8BDE7BB
:10A1E0002046DFF755FB07460028ECD12046FFF755
:10A1F00073FE07460028E6D10136B8E76FF01B076B
:10A20000E1E76FF00C06A0E76FF015069DE700236D
:10A210001A46FFF72EBF2DE9FF471E46037CBDF807
:10A22000309004460F469046002B4ED0C06A08215D
:10A23000FFF760FDA389A3EB4003B34248D3D4F8F2
:10A2400004A0CDF804A000254D455146DDF804A03A
:10A250000BD96368534520D1BDF80830BB421CD0F0
:10A260006FF0010004B0BDE8F08702AA01A9204602
:10A27000FFF787FD0028F5D1BDF80830BB4206D1B5
:10A2800002A92046FFF740FD08B10135ADB2626872
:10A29000019B9A42D8D15146DEE7BDF80C30002B25
:10A2A000DED0A945DCD8BDF80A00090CB3424FEA5C
:10A2B000014128BF3346014442462046FFF7B2FC25
:10A2C0000028CFD1BDF80C00CCE76FF00C00C9E737
:10A2D0006FF01500C6E713B500240094FFF79BFF4D
:10A2E00002B010BD406930B1BFF35B8F0068BFF3AF
:10A2F0005B8F00F00100704743690BB90020704785
:10A30000BFF35B8F1A68BFF35B8F1007F6D591B16F
:10A3100042F01001BFF35B8F53E8000F904204D16D
:10A3200043E8001CBCF1000FF6D1BFF35B8F0CBFFC
:10A3300001200020704722F01001EBE7406930B1A6
:10A34000BFF35B8F0068BFF35B8FC0F300107047F3
:10A35000406930B1BFF35B8F0068BFF35B8FC0F320
:10A36000C0007047704770B54C680368A34201D2C3
:10A37000012070BD8A682244934201D30020F8E78F
:10A38000D1E903254E69B54203D36FF00B038B610E
:10A39000F4E71B1B42F835304368086902EBC00242
:10A3A00053600B6901330B61E2E737B50C46C0B26D
:10A3B00001A91546DFF750FC00280CDB019850B1CD
:10A3C00021462A46DFF76EFC04460198FFF7CAFFD4
:10A3D000204603B030BD6FF01504F9E710F0700FA0
:10A3E00008D100F07F0310F0800F18BF1033012058
:10A3F00098407047002070472DE9F84306460F4605
:10A40000904699460B254B46424639463046F6F76C
:10A410004FFE10F10B0F044603D1FCF74BFE013D3C
:10A42000F1D12046BDE8F883006840B150F8043C03
:10A430005B688B42A0F1040001D04068F5E77047EB
:10A44000006850B150F8043C5B685B689B788B42B5
:10A45000A0F1040001D04068F3E7704730B5006810
:10A4600088B150F8043C5B681A6A1D7F04380023E9
:10A47000043ADCB2A54201D84068F1E7013312F892
:10A4800033408C42F5D130BD2DE9FF41D1F80C802D
:10A49000054640461F460C461646DBF75DFEBDF8F6
:10A4A0002830009380B2CDE901803B4632462146F8
:10A4B000284602F022FD04B0BDE8F081704700207C
:10A4C00070470020E0F70ABB00221146E0F7CCBA43
:10A4D0000021E0F759BB034610B508460AB1002138
:10A4E000116053B1D0B1411E11F8010F80B113F8C2
:10A4F000014BA04201D13D28F6D100200EE00133EE
:10A5000013600AE03D2808D0B0FA80F0400905E069
:10A5100018782F28F6D1002AF1D1012010BD10B5EE
:10A5200009B100230B6058B103461A781C46013369
:10A530002AB13D2A03D02F2AF7D101B10B60201A8E
:10A5400010BD2DE9F341DDF82080019007460C464F
:10A5500015461E46B8F1000F07D0D8F8001081B993
:10A56000D8F804E0BEF1000F14D101A93846E0F795
:10A570004DFB58B1C768019833462A462146B84773
:10A5800004E001AAFFF7A7FF0028E9D1002002B0EC
:10A59000BDE8F081D8F80830019808932A46334680
:10A5A0002146F44602B0BDE8F041604708307047EC
:10A5B00010B5134614460A4681880068FFF78BFEE3
:10A5C000A042A8BF204610BD2DE9F04F97B0044629
:10A5D00001929A46894600297CD0DAB1BAFA8AF605
:10A5E0007609258F0135ADB2A84604F1080B6F1E20
:10A5F000BFB2B7F5004F26D04A2303AA39465846C2
:10A60000FFF769FE002807DA10F1020F08BFB8460D
:10A610003D46ECE70126E4E700F158030DEB0300AB
:10A62000002300F84C3C03A94846DBF783FD0028D3
:10A63000EED126B339465846FFF7E9FD002805DA82
:10A6400017B0BDE8F08FBEB30020F9E705F57F51E4
:10A650003F3189B25846FFF7DAFD0028F0DB238F3F
:10A66000BB42F1D12246013B22F8383F4FF4004172
:10A6700002235846FFF7FDFC00EAE070E0E7B84629
:10A68000B8F5404F29D0238F434504F1080515D371
:10A6900008F58041019A534689B22846FFF7E9FC44
:10A6A0000028CDDB002ECFD04846DBF755FD4A46CB
:10A6B000034641462846DDE70126E1E7224602231C
:10A6C00022F8388F4FF400412846FFF7D2FC0028CB
:10A6D000DEDAB5E76FF01500B2E76FF00B00AFE719
:10A6E00073B5C36B03630446C3B100F1080630467B
:10A6F000DFF7FAF8054670B902230DF106024FF4B0
:10A7000000413046FFF7E7FD0028ACBFBDF806303A
:10A710004FF400432387284602B070BD6FF0120546
:10A72000F9E72DE9F0418768FB6804460D461646B7
:10A730009847BB682BB1324629462046BDE8F04118
:10A7400018476FF05700BDE8F081012801D1EFF301
:10A750000583FBF741BC01460068FFF7F6BF08B56B
:10A76000E0F7BEFBBDE80840E0F7DEBB00210120BA
:10A77000FFF7EBBF61B662B680F31188BFF36F8F4E
:10A78000704772B6002383F31188BFF36F8FBFF356
:10A790004F8F30BF62B6BFF36F8F704772B6002322
:10A7A00083F31188BFF36F8FBFF34F8F20BF80F308
:10A7B0001188BFF36F8F62B67047202809D9B0F1B6
:10A7C000004F08D80138B0FA80F0C0F11F004000F7
:10A7D0007047082070473E2070477047002303826F
:10A7E0004369C3607047416A8968E1F761B8EFF374
:10A7F0001182202383F31288BFF36F8F00230B6035
:10A80000436833B9C0E9001182F31188BFF36F8F39
:10A81000704719604160F7E710B50346EFF3118107
:10A82000202282F31288BFF36F8F006828B15C6822
:10A8300002681A60A04208BF5A6081F31188BFF312
:10A840006F8F10BD027A01320272704703461846BC
:10A850005B68002BFBD17047426810B52AB10B46EC
:10A860001C465B68002BFBD16260416010BD10B5D7
:10A87000044620B90B7A01330B72084610BD03461B
:10A8800018465B68002BFBD1FFF7E6FF2046F5E793
:10A8900010B508B14B6843604C68002308464B6014
:10A8A000E1F784F8204610BD83680B4403607047CD
:10A8B00003680B6043684B6083688B6070478388D4
:10A8C000026819448180D018704730B484880568C4
:10A8D000A3188380281930BC05F091BD10B583887A
:10A8E00002685C1C8480D154D01810BD03460068F7
:10A8F0009A88401A11441860998070478288521AC9
:10A900000346828000680844186070470346006868
:10A910009A88521A01449A801960704710B50368EA
:10A920001C880221FFF7EAFF204610BD02688068FC
:10A93000101A70478388C2888168D21A03685B1A2C
:10A94000D01A704708B500224FF480214FF0005014
:10A95000F8F76CFE4FF080430122C3F80025BFF3E7
:10A960004F8F20BFFDE7817070470020704703695B
:10A9700042685B6852681374C3F307235374002062
:10A98000704730B444680069057B35B1407B20B91D
:10A99000206A30BC0079FFF72FBD6FF00A0030BC91
:10A9A000704730B585B014460A888B78ADF8002022
:10A9B00005460D2200210DF103008DF8023005F04F
:10A9C00046FD6A4669462846F2F7E8FE28B9BDF812
:10A9D00000209DF802302280A37005B030BD13B571
:10A9E0000C4601AA0331FFF7DCFF48B9032201A995
:10A9F000204605F0B2FEB0FA80F0400902B010BD6A
:10AA00000020FBE770B5CE1C05460C4630460321FE
:10AA1000F2F7C2FE60B9637903F03F0343F04003ED
:10AA20006371224631462846BDE87040FFF7B9BF42
:10AA300070BD70B50D4600210446FFF770FD0D286E
:10AA400018D1237B302B13D0312B13D1012305F8E0
:10AA5000063B04F10C062A4620460123022102345B
:10AA6000FEF766FFB44205F1FF35F4D1002070BD5A
:10AA70000023ECE76FF01500F9E7E0F773B9002069
:10AA8000704710B50C46017822788A428AB00FD000
:10AA90006946E1F75DFA05A92046E1F759FA102267
:10AAA0000DF115010DF1010005F057FE0AB010BDC2
:10AAB000012A06D0022A07D072B940886388C01ADA
:10AAC000F4E740686368FAE71022611C01300AB0BD
:10AAD000BDE8104005F041BE6FF01500E6E7042A1E
:10AAE0000AD0102A0DD0022A4FF0000315D10370AE
:10AAF0000B88438001207047012303700B6843607B
:10AB0000F8E7022300F8013B01F1100351F8042B90
:10AB100040F8042B9942F9D1ECE71846704701231D
:10AB200010B50621044600F8013BF2F735FE18B9CE
:10AB3000A37963F03F03A37110BD0B6803608B889A
:10AB400083808B798371037823F00203037070474D
:10AB50000078C0F34000704738B50446807AE0F7CB
:10AB60007DFE6169054649B1637ADB0704D4436A17
:10AB70001B6820469B68984700236361214628464E
:10AB8000BDE8384005F006B92DE9F04101F10C08A7
:10AB90000C46054600F10C01404617461E46FFF7DD
:10ABA00087FE4046FFF7C2FE012310FA87F0688255
:10ABB0006B722F8239464046FFF7A0FEE368736050
:10ABC000628A0023E3607281638234602846BDE8B4
:10ABD000F08138B5D1E90032DA600B684A895A82CF
:10ABE0000C4605460868E0F7E1FE204610220021E9
:10ABF00005F02DFC2846BDE83840FFF7ADBF438A7D
:10AC000023B9C068B0FA80F040097047002070474F
:10AC10007047D0F8A03083B15A7BD1070DD5D2064A
:10AC20000DD51B7B102B14BF032304234372807AA2
:10AC300098428CBF0020012070470223F6E70323CF
:10AC4000F4E70F2807D80D280BD8052808BF0320E4
:10AC500018BF02207047132803D01A2808BF01200C
:10AC6000F6E70120704710B50346BFF35B8F53E84A
:10AC7000000F40EA010243E80024002CF7D1BFF3A3
:10AC80005B8F10BD0B4601461878E1F7DDB938B58A
:10AC9000C3681D78B3F8010065B90F21E3F706FA20
:10ACA000044638B12946E3F777F92046BDE8384035
:10ACB000E3F748B938BD08B5C3680121B3F801000E
:10ACC000E3F7F4F918B1BDE80840E3F73BB908BD74
:10ACD00008B5C36801211888E3F7E8F918B1BDE8A1
:10ACE0000840E3F72FB908BD01210C30FFF70EBE75
:10ACF00038B5C5680121B5F80100E3F7D7F9044676
:10AD000098B12B783BB9D5F80330C0F89530D5F819
:10AD10000730C0F89930201D4FF48031FFF7A3FFB2
:10AD20002046BDE83840E3F70DB938BD30B402EB3A
:10AD3000C303044608469A4201D130BC704711460D
:10AD400011F8085BA54206D1018A53789942F4D3E1
:10AD500030BC536818470A46EDE7BFF35B8F50E8F5
:10AD6000003F0B4040E80032002AF8D1BFF35B8F70
:10AD7000704710B5E2F7EEFA6FF080011030FFF780
:10AD8000ECFF0020E1F7D2F9044648B13C230373FD
:10AD90000021E3F701F92046BDE81040E3F7D2B8FF
:10ADA00010BDC0F307231070000E5370D070002345
:10ADB000C1F30720090E9370137150719371D17113
:10ADC00070472DE9F843C7683A78012303EB820303
:10ADD000028A93423FD9BDE8F88307EB85030F2130
:10ADE000B3F80100B3F80360E3F760F9044660B11B
:10ADF00000F1C00836B12046E2F7A2FFFBF730FCB5
:10AE000063693BB92046E3F79DF801353B789D42E5
:10AE1000E3DBE0E7A1691A6862618B4208BFA261C7
:10AE2000C3F80090226A9AB9C4E90733BFF35B8F75
:10AE300058E8003F013B48E80032002AF8D1BFF350
:10AE40005B8F00212046013EE2F786FFB6B2D1E7D4
:10AE500013602362EAE70025A946D7E773B5C56802
:10AE60000121B5F80100E3F721F9044600284ED08E
:10AE70002B781A2B00F1040619D1C378012B2AD1A3
:10AE80004FF480413046FFF7EEFE42040FD4D4F871
:10AE9000883000936946D4F8903001932046E3F758
:10AEA00011FE204602B0BDE87040E3F74BB82B78A6
:10AEB0008BB9B5F80330A4F88630B5F80530A4F89E
:10AEC0008C30B5F80730A4F88E306FF480513046DE
:10AED000FFF743FF17E0BFF35B8F6368BFF35B8F40
:10AEE000DB04F2D52B78202BEFD194F89430002B93
:10AEF000EBD0013B84F894304FF42032002304F16E
:10AF00004000FBF72FFE2046E3F72AFAC9E702B01C
:10AF100070BD0120704781767047704710B5038877
:10AF20004288934219D8052B17D9B2F5486F14D827
:10AF30008388B3F5FA7F10D2C088A0F10A0189B2E4
:10AF400040F67644A14208D801339BB25343B3EB99
:10AF5000800F34BF0120002010BD0020FCE738B571
:10AF6000C3680F21B3F801001D78E3F79FF804468A
:10AF700020B365B12846E1F777FA29460246204614
:10AF8000E3F7A4FA2046BDE83840E2F7DBBF837858
:10AF9000012BEFD102F069FD2046FFF73AFE0028B1
:10AFA000E8D10520E1F760FA052102462046E3F7E3
:10AFB0008DFA0521204600F04AFDE3E738BD70B563
:10AFC000C6680F21B6F801003578E3F76FF804463C
:10AFD00088B34DB12846E1F747FA29460246204694
:10AFE000E3F774FA204603E0F378C27A9A4203D179
:10AFF000BDE87040E2F7A6BF8278C372012A05D08F
:10B000000020E1F731FA00210246E8E70BB102F037
:10B010002CFD2046FFF7FDFD0028F1D10520E1F7CA
:10B0200023FA052102462046E3F750FA052120467F
:10B0300000F00DFDD6E770BD40F2C130704708B595
:10B04000E6F73CFD18B1C089003818BF012008BDE3
:10B05000F0B5C5682F8887B00121B8B2E3F726F8AC
:10B06000064658B302ACD5F80220D5F80630019454
:10B070006989009102F090FB10B3122142F21A008C
:10B08000E1F794F90546B0B112210C30FFF717FC37
:10B090000346224623F8027B06AF144603CCBC428B
:10B0A00018605960224603F10803F6D1294642F29E
:10B0B0001A00E1F795FA3046E2F744FF07B0F0BD19
:10B0C000022142F21B00E1F771F904460028F2D098
:10B0D00002210C30FFF7F3FB2146078042F21B00F0
:10B0E000E7E770B506460D4642F221000321E1F77D
:10B0F0005DF9044660B103210C30FFF7E0FB0680E8
:10B100008570214642F22100BDE87040E1F768BA3F
:10B1100070BD73B5C368D9789A781E8842EA012257
:10B12000ADF8002059791A7942EA0122ADF80220DF
:10B13000D9799A7942EA0122ADF804201A7A5B7A29
:10B14000B4B242EA032301212046ADF80630E2F70B
:10B15000ADFF054628B902212046FFF7C2FF02B025
:10B1600070BD6946E3F746F938B91E212046FFF75E
:10B17000B8FF2846E2F7E6FEF1E70E2142F2200092
:10B18000E1F714F904460028F3D00E210C30FFF744
:10B1900096FB00230680C0F80A30BDF800304380DB
:10B1A000BDF802308380BDF80430C380BDF806309E
:10B1B0000381214642F22000E1F712FAD9E773B584
:10B1C00006460D4601AA002142F22F00E1F784FA5B
:10B1D000044648B90198C368B3F801203280B3F837
:10B1E00003302B80E0F7E2FB204602B070BD70B563
:10B1F00006460D4640F206400321E1F7D7F8044623
:10B2000068B103210C30FFF75AFB06808570214698
:10B210000022BDE8704040F20640E1F75DBA6FF0F1
:10B22000680070BDC06803781BB13C2B03D1FFF7E9
:10B23000A0BDE1F79DBB704738B50221054642F23B
:10B240001600E1F7B3F8044668B102210C30FFF7AD
:10B2500036FB2B88038021460022BDE8384042F2AD
:10B260001600E1F739BA6FF0680038BDF8B5074647
:10B270000E4642F2220006211546E1F797F80446F1
:10B2800078B106210C30FFF71AFB3B88038046801B
:10B29000858021460022BDE8F84042F22200E1F715
:10B2A0001BBA6FF06800F8BD2DE9F047814688466B
:10B2B00042F2320007219DF820A017461E46E1F712
:10B2C00075F80546A0B107210C30FFF7F8FAB9F878
:10B2D0000030038080F80280C7700671A0F805A0D6
:10B2E00029460022BDE8F04742F23200E1F7F4B906
:10B2F0006FF06800BDE8F08708B500200021E1F795
:10B3000093F918B1BDE80840E1F764B9BDE8084019
:10B31000E2F748BF033138B5C9B205460E20E1F760
:10B3200065FC032104460C30FFF7C9FA01230370C2
:10B33000A0F80150204638BD70B505460E460F20D6
:10B340000421E1F753FC042104460C30FFF7B7FA5F
:10B350000122067042704580204670BD08B5072264
:10B3600005F0FBF9B0FA80F0400908BD0B680360F6
:10B370008B8883808B7983717047BFF35B8F006804
:10B38000BFF35B8F7047F8B50F46144630BB2721DB
:10B3900042F22700E1F70AF8054610B327210C30E6
:10B3A000FFF78DFA3946FFF7E1FF06462246C31D37
:10B3B00004F1100152F8040B43F8040B8A42F9D14E
:10B3C0001022002106F1170005F041F8294600225D
:10B3D000BDE8F84042F22700E1F77EB96FF01500B2
:10B3E000F8BD6FF06800FBE7037A5B07024605D5FE
:10B3F00001462A3211F8010BFFF7C5BF704738B577
:10B400000121054642F22D00E0F7D0FF044658B175
:10B4100029460C30FFF762FA21460022BDE8384089
:10B4200042F22D00E1F758B96FF0680038BD10B452
:10B4300000F11003BFF35B8F53E8002F22F40041AB
:10B4400043E80014002CF7D1BFF35B8F130404D53D
:10B450005DF8044B012100F0D3B95DF8044B70474F
:10B460002DE9F041D1F8048086B004460D46B8F1CC
:10B47000000F1DD1037A5B071AD50E68411C701CA2
:10B48000FFF76CFF2A36162241460746684604F04D
:10B49000DEFF10226946304605F05FF930B1102218
:10B4A00004F12A01304605F058F900B107B16C608B
:10B4B00006B0BDE8F08100F1100208B50346104661
:10B4C000FFF75BFF010611D5BFF35B8F52E8000F5A
:10B4D00040F4004042E800010029F7D1BFF35B8F40
:10B4E00018460021BDE8084000F08AB908BD10B533
:10B4F0000C4630B919B1E6F78DFA00B1441C20466C
:10B5000010BD0024FBE718B111B10846E1F7E6BB16
:10B510006FF01500704713B5044680B106216846E8
:10B52000F2F73AF948B99DF80530694603F03F0350
:10B5300020468DF80530FFF7E6FF02B010BD6FF032
:10B540001500FAE7003818BF01207047037AD907C1
:10B5500004D523F001030372E1F716BC990704D563
:10B5600023F002030372E1F7A5BC70470020704787
:10B57000034610F4004F0CBF07200620DA0348BF33
:10B5800000F005009B0348BF00F0FB007047BFF3CD
:10B590005B8F0068BFF35B8F704710B50346BFF346
:10B5A0005B8F53E8000F00EA010243E80024002CFF
:10B5B000F7D1BFF35B8F10BD2DE9F74F0C4620216B
:10B5C00000909246E0F7F2FE0546002850D0202178
:10B5D0000C30FFF774F920220021814604F037FF78
:10B5E00009F1010B04EBCA0A0026D4F800800023FD
:10B5F000626893420CD30834A245F6D1009889F8CA
:10B6000000600022294603B0BDE8F04FE1F764B8BE
:10B6100098F8012098F800C0B01C11181F2908D90B
:10B62000BCF1090FC0F11F021AD1002A18DD4FF03A
:10B63000080CD7B2791C0BF80610711CC9B25BFA62
:10B6400080F00BF801C0D8F804100193023704F021
:10B65000D6FE019B3744FEB2013308F10808C7E764
:10B660002846E0F7A3F96FF0150003B0BDE8F08FAE
:10B670006FF06800F9E7012310B403FA01F1044602
:10B680006AB1BFF35B8F54E8003F0B4344E80032DC
:10B69000002AF8D1BFF35B8F5DF8044B70475DF86B
:10B6A000044BC943FFF779BF2DE9F04F87B005463A
:10B6B0009DF84860DDF840909DF844A00C46904607
:10B6C0000021102202A81F4604F0C1FEEEB9CDE908
:10B6D0000248012202A942F20800FFF76DFF04466A
:10B6E00078B9BAF1000F3ED11035BFF35B8F55E842
:10B6F000003F43F0040345E80032002AF7D1BFF3CE
:10B700005B8F204607B0BDE8F08FE0F75FFF834610
:10B71000E4B937BB5846DAF71FFD0923012ECDE9FE
:10B7200001B48DF800308DF80100CDF80C80D0D137
:10B73000CDF810D005960222CCE714F83320083A51
:10B74000012A25D901339845F7D1E2E70023FAE72A
:10B7500017F83320083A012A1AD901339945F7D14D
:10B76000D8E70023FAE7022E4FF0010208BF059246
:10B7700002A908BF324642F2090008BFCDF810D036
:10B78000CDE90279FFF718FF0028ADD00446B8E7ED
:10B790006FF01504B5E7436813F008000AD05A03A8
:10B7A00007D403F4C063B3F5806F14BF02200120F7
:10B7B00070470120704770B5064686B00D4642F2CC
:10B7C0000A000121E0F7F2FD0446B0B10C3095B15A
:10B7D0000121FFF783F806F1100203A92046009526
:10B7E0000723E0F7D1FD0022214642F20A00E0F7EC
:10B7F00073FF06B070BD2946EBE76FF06800F8E70D
:10B80000FFF7D9BF183004F0AFBBE1F70BBF0368F7
:10B81000D90444BF43F48063036003689A0444BFBF
:10B8200043F400630360704701F12003013813F80B
:10B83000012D00F8012F8B42F9D1704700230B60D6
:10B84000436813B9C0E9001170471960416070473F
:10B85000D0F8B000003818BF012070470846896949
:10B860001160C2691A60C27A0021183004F0EFBD7D
:10B87000BFF35B8F0068BFF35B8F704710B5034663
:10B88000BFF35B8F53E8000F40EA010243E8002456
:10B89000002CF7D1BFF35B8F10BD73B50446CDE923
:10B8A00000320D4622B9D0F8A8606B4601AAB04715
:10B8B0002846E0F77BF8019B23B100996FF06D02F9
:10B8C0002046984702B070BD2438E2F709BA0368F1
:10B8D00000220BB9184670478B4210D10B6842B951
:10B8E00042680360914200D1436000230B60012055
:10B8F000704713604368994208BF4260F5E71A46F3
:10B900001B68E6E710B50446006918B1E0F74EF889
:10B910000023236110BD70B50D4601211646044673
:10B92000E2F71AFA00212846FFF7F5FA012E16D0A1
:10B93000022E16D1236913B12046FFF7E3FF2846F4
:10B94000FEF780FF20612269138A012B28D8208806
:10B95000FFF7E3FA01212846FFF7DDFA07E0206947
:10B9600018B92046FFF7CEFF01E02E8A26B92846F7
:10B97000BDE87040E0F71AB80C30FEF7DBFF8642F6
:10B9800007D921690022204600F094FA00232361A0
:10B99000EDE720692A8AE9680C30FEF796FFD2E7C6
:10B9A000D26816880436B6B2B342D0D32846DFF741
:10B9B000FDFF21690B8AB34204D92046BDE87040DF
:10B9C000FFF7A0BF0023236120460122BDE870409D
:10B9D00000F070BA10B5034600F1C8021046FFF738
:10B9E00047FF80B1BFF35B8F411C52E8004F844298
:10B9F00004D142E8001CBCF1000FF6D1BFF35B8F0D
:10BA0000ECD1184610BD0346FBE72DE9F843074685
:10BA10000E46904600244FF0D009B44203D10023D3
:10BA20001846BDE8F88309FB0470FFF7D3FF03460F
:10BA300058B1457B012D02D0073D012D03D81A884E
:10BA40004245EDD01846E2F77DFA0134E5E710B53E
:10BA5000437B023B0446062B16D8DFE803F00904BB
:10BA60001515150B0900017300212046E2F794FA21
:10BA7000002010BD0088FFF7BAFB0028F9D1637BD6
:10BA8000072BF5D10821F0E76FF07F00F1E710B543
:10BA90000446D0F8A00028B9207A04F17001E6F736
:10BAA0000DF838B1E278C3892AB913F0210F14BF19
:10BAB0000120002010BD13F0240FF8E738B5037AF9
:10BAC0008B420446154615D100F170010722284625
:10BAD00004F043FE80B1E378072243B904F17E010C
:10BAE000284604F03AFEB0FA80F0400938BD04F16F
:10BAF0007701F5E70020F9E70120F7E708B5E2F75D
:10BB00004DFD10B1E2F71EFA012008BD20B1837887
:10BB1000194214BF01200020704708B503210246D6
:10BB2000FFF7F4FF28B1D07A18B1D2F8A00000B125
:10BB3000007B08BD38B50A4603210446FFF7E6FF3F
:10BB400048B3637B072B29D1130602F07F050BD581
:10BB50004FF40041201DFFF791FEA5722046E5F746
:10BB6000DDFBA8B9002038BD637AAB42FAD2A37AD4
:10BB7000AB42F7D2BFF35B8F231D53E8001F21F4C4
:10BB8000004143E80012002AF7D1BFF35B8FE4E7DE
:10BB9000637AA372E7E76FF01500E4E76FF07F00C8
:10BBA000E1E708B503210246FFF7B0FF00B1507A84
:10BBB00008BD08B501210246FFF7A8FF08B102F150
:10BBC000700008BDF8B507460D4642F213000E217D
:10BBD000E0F7ECFB0646D0B10E210C30FEF76FFE0D
:10BBE0000E220446002104F032FC3B8823802B887F
:10BBF00063806B88A380AB88E380EB882381314628
:10BC00000022BDE8F84042F21300E0F765BD6FF096
:10BC10006800F8BD7047704710B400F14C03012272
:10BC2000BFF35B8F53E8001F43E80024002CF9D1D9
:10BC3000BFF35B8F41B9034653F8482B8164D2F8B8
:10BC4000B41031B9C2E92C3300685DF8044BE2F757
:10BC5000D7B80B60C2F8B430F6E710B50368D3F874
:10BC6000B02042B1D3F8B4401168C3F8B010A2427A
:10BC700008BFC3F8B4104C300023BFF35B8F50E80B
:10BC8000002F40E800310029F9D1BFF35B8F10BDD0
:10BC900070B5D0E9003504464BB3D3F8B020483036
:10BCA00000216AB1904234D1A26C51BBD3F8B410D8
:10BCB000C3F8B020884201D1C3F8B4200023A364A4
:10BCC00004F14C030022BFF35B8F53E8001F43E8ED
:10BCD00000200028F9D1BFF35B8F04F13006236BFD
:10BCE000D3B96B680BB12046984700232360E36803
:10BCF0000BB1204698472B6AB3B12046BDE870408F
:10BD000018470A60D3F8B420904208BFC3F8B410B3
:10BD1000D4E711461268C4E7002200233046FAF740
:10BD20006DFCDFF743FEDAE770BD38B5406B30B12C
:10BD300050F8084904B1083CFFF7AAFF04B938BD20
:10BD4000A5682DB12046083DFFF7A2FF2C46F7E776
:10BD50002046BDE83840FFF79BBF38B5436B0D4622
:10BD6000BBB1184650F8084904B1083C53F8043CEC
:10BD70009B680BB1294698475CB12046A46843688C
:10BD800024B19B68083C002BF4D1F6E79B68002B9C
:10BD9000F0D138BDF8B50E46002107461546002300
:10BDA0004FF480320846E2F70FFE044630B104211A
:10BDB0000C30FEF784FD0770467045802046F8BDC4
:10BDC00038B50546006898B1407B072810D1087A3D
:10BDD000012810D1C87A07280DD98A61CB6105F1F5
:10BDE000300003F0CCFF2846FFF716FF002038BDD7
:10BDF0006FF07F00FBE76FF01500F8E7406B30B1A4
:10BE0000838B8B42A0F1080001D08068F7E7704770
:10BE100010B54AB989B2FFF7F1FF28B143689B69B1
:10BE200013B1BDE81040184710BD38B50D460521C7
:10BE3000FFF7E4FF00231A462946FFF7C1FF044637
:10BE400010B12846DFF7B2FD204638BD38B50B8A61
:10BE5000032B05460C4621D9042104F10C00FEF702
:10BE600055FD238A42889A4218D14178B1B10378AE
:10BE7000012B13D0132B11D0022201202D68FFF7C4
:10BE800089FF044650B102210C30FEF718FD002353
:10BE90000370437021462846FFF7C7FF002038BDD6
:10BEA000406B30B183898B42A0F1080001D08068DB
:10BEB000F7E7704738B50B8A032B05460C4604D8C4
:10BEC0002046BDE83840DFF771BD042104F10C00C5
:10BED000FEF71CFD41882846FFF7E2FF0028EFD05F
:10BEE000436821465B699847EAE770470346006864
:10BEF00028B1596802681A60884208BF5A607047C2
:10BF00000346002003B970471A8A5B681044F9E7BA
:10BF100010B5D4682378023113B92170012010BD07
:10BF20008B42FBD0038A023B038200201061F6E7BC
:10BF30000620704773B51446014605464FF49572C6
:10BF4000206801F069F8207500BB237A2068ABB146
:10BF5000A3F11802534253419B000193638A00935B
:10BF6000AE68238AE2682946B047002808DB238AA6
:10BF700083420ED100232375012008E00223ECE761
:10BF800010F1FF0F05D34042C0B22075002002B06F
:10BF900070BD0E20F9E71FB5CDE901230023009302
:10BFA0001A46E4F783F805B05DF804FB2DE9F04F7D
:10BFB00091B0166880460F46002542F601030068DE
:10BFC000D6F804908DF82C500BA91446ADF82E30FD
:10BFD000FEF757FD002800F089804FF42053D8F871
:10BFE00000008DF82C500BA9ADF82E30FEF749FD5E
:10BFF00038B1A3681BB15A88BA4200D25F800120D1
:10C000000EE061680846FFF77BFF728B738D9A42E2
:10C0100094BFC0EB0200C0EB0300032803D800204C
:10C0200011B0BDE8F08F0846FEF710FC05466068C9
:10C03000FFF766FF728D738B05F10C0B9A4294BF6C
:10C04000C0EB020AC0EB030A5846FEF773FC8245B8
:10C0500044D26068FFF754FF728D738B9A4294BF8D
:10C06000C0EB0200C0EB030070B96368987ADFF799
:10C07000F5FB00220023FEF7B6FB05460028CED0D4
:10C0800001466068FEF7F3FB00230093D8F80460D4
:10C09000102302AA41464846B047061E26DB227CF2
:10C0A000E068B2421ED001460BA8FEF718FDE8B1C9
:10C0B000F2B202A906A8FEF712FDB8B106A90BA8B4
:10C0C000FEF7DFFC90B900236374042105F10C0036
:10C0D000FEF7F5FBA0600780A3688FE75846FEF7E0
:10C0E00029FCC1E702A904F038FBEBE70023A360B9
:10C0F00085E7F8B59368166805460F46144663B998
:10C10000506801210C30FEF7DAFBA0602B681B7829
:10C11000002B14BF022301230370A3681B78012B9B
:10C1200003D0022B1FD000201CE02B681B78002BB3
:10C13000F9D1606804210C30FEF7C1FBE060078094
:10C140002A68E36852885A806168728D738B088A06
:10C150009A4294BFC0EB0200C0EB0300042894BFD6
:10C1600000200120F8BD2B681B78022BDBD1606812
:10C1700012210C30FEF7A3FBE06007802B68E26819
:10C18000591C0232113351F8040B42F8040B994246
:10C19000F9D16168728D738B088A9A4294BFC0EBA3
:10C1A0000200C0EB03001228D9E770B405686A6A80
:10C1B00052B3136803B1A83BA2F1A80400221146B0
:10C1C00000E0A83B844207D0668D648BB14238BF43
:10C1D0003146A24238BF22461C462BB1D3F8A830C4
:10C1E000002BEED18442EFD1438D408B8B4201D89E
:10C1F00090420BD9824238BF02469942286838BF24
:10C20000194670BCE4F7A6BB1146EDE770BC704759
:10C21000D0680378043113B90170012070478B4254
:10C22000FBD091680B8A0020043B0B8210617047A1
:10C230002DE9F04F044685B0104690469946FFF729
:10C240005FFE638B628D934228BF134683428B4609
:10C2500040F29380636803934046FEF7F7FA4FF08D
:10C26000000A06464046FFF74BFE628B638D06F1DF
:10C270000C079A4294BFC0EB0205C0EB0305384699
:10C28000FEF758FB854217D24046FFF739FE628B16
:10C29000638D9A4294BFC0EB0205C0EB03058DBBD2
:10C2A00098F80A00DFF7DAFA00220023FEF79BFA7B
:10C2B000064630B9574636E03846FEF73BFB0546A2
:10C2C000EDE701464046FEF7D2FA4046FFF718FE7A
:10C2D000628D638B06F10C079A4294BFC0EB020596
:10C2E000C0EB03053846FEF725FB85421FD24046CA
:10C2F000FFF706FE628D638B9A4294BFC0EB020586
:10C30000C0EB0305F168328ACDF80090DBF80470C9
:10C3100003980A44ABB25946B847071E0CDABAF183
:10C32000000F18BF5746384605B0BDE8F08F3846B5
:10C33000FEF700FB0546E5E70E9BB3B9394606F16B
:10C340000C00FEF7BCFA4046FFF7DAFD638D628B06
:10C35000934228BF1346B9448342BA441FFA89F96D
:10C36000A8D9AF423FF47EAFA4E70F9A0E9B39469F
:10C37000304698470028E1D19CE70027D3E70368BF
:10C38000002203B970478B420FD10B683AB942685B
:10C390000360914200D1436000230B60704713603B
:10C3A0004368994208BF4260F6E71A461B68E8E70F
:10C3B00006207047BFF35B8F50E8003F43F0080250
:10C3C00040E800210029F7D1BFF35B8FC3F3C00021
:10C3D000704773B5166805460023706813731446DA
:10C3E0002946952200F018FE207380B9CDE900009F
:10C3F0002946A388A2683046FFF71AFF002809DA09
:10C4000010F1FF0F26BF4042C0B20E202073002063
:10C4100002B070BD0120FBE72DE9F3411668074625
:10C4200000237068137314463946952200F0F4FD1A
:10C430000546207308BBA068718B728D038A9142F8
:10C4400094BFC3EB0103C3EB0203012B15DD0221F3
:10C450000C30FEF734FACDE900558046A388A26877
:10C4600039463046FFF7E4FE031E0ADA13F1FF0FE8
:10C4700026BF5B42DBB20E232373002002B0BDE86F
:10C48000F081A8F800300120F8E72DE9F0410446DA
:10C490008868FFF735FD638B628D934228BF134692
:10C4A00083420D461DD3E165D1F8088000278F60D7
:10C4B000FAF7B0FD41462046E2F728FD064638B1BE
:10C4C000C5F80880E765FAF7B9FD3046BDE8F081A8
:10C4D000618D638B994228BF1946284600F030FFD2
:10C4E000F1E76FF07906F0E738B5BFF35B8F0B68C3
:10C4F000BFF35B8FDB07054617D550F8040CA0B1DE
:10C50000AB6D93B90430FFF7F1FC044668B1014606
:10C51000281FFFF7BAFF002807DA55F8043C5A68CD
:10C5200022609A685C6002B99C6038BD2DE9F041D8
:10C53000446A07463CB354F8A86906B1A83E0023F4
:10C540001D4607F1040801E034461646E26D9AB92B
:10C5500005B98BB94046FFF7C9FC054658B10146FD
:10C560002046FFF792FF00280DDA7B682B60BB683E
:10C570007D6003B9BD6023462EB1D6F8A820002AFD
:10C58000E2D0A83AE0E7BDE8F08170B504460E4677
:10C59000002200230846FAF731F8054658B1014653
:10C5A0002046E2F7B3FC044618B12946304603F0B2
:10C5B000F1FB204670BD6FF00104FAE7F8B50546BF
:10C5C000071F00F1540350F8044CBFF35B8F53E88E
:10C5D000001F21F0040143E80012002AF7D1BFF345
:10C5E0005B8F04B3AB6D8BB963687BB1201DFFF724
:10C5F0007DFC014606463846FFF747FF002812DA61
:10C6000063683360A368666003B9A66005F15C01E6
:10C610003846FFF7BAFF30B104F10C013846BDE8E7
:10C62000F840FFF7B2BFF8BD38B504460D46E2F753
:10C630006DFC30B1294604F16000BDE8384003F0DC
:10C640009EBB38BD2DE9F0418846174601210422E2
:10C6500005461E46E2F798FA044670B104210C30F4
:10C66000FEF72DF980F80080A0F80170C670214611
:10C670002846BDE8F041FFF7D7BFBDE8F08137B5E8
:10C680000C46054601F10C00FEF748F9228A01929A
:10C69000E26800920346132212212846E2F740FD89
:10C6A00003B030BD37B50C46054601F10C00FEF76E
:10C6B00035F9228A0192E26800920022034611466F
:10C6C0002846E2F72DFD03B030BD08B5437B072BAC
:10C6D00001D0002008BD0421FFF7E2FB0028F8D0BC
:10C6E000BFF35B8F436DBFF35B8FDB07F1D550F872
:10C6F000040CEFE770B50E461546FFF7E6FF78B17C
:10C70000436A6BB1184650F8A83903B1A83B691CBD
:10C71000428D448BA24228BF2246914202D93BB9A6
:10C72000002070BD2A463146BDE87040E2F72CBAC1
:10C73000D3F8A84004B1A83C18462346E8E707B55B
:10C74000CA681388528800920C210D22E2F780FEFD
:10C7500003B05DF804FB07B5CB6800221B8800928C
:10C760000A210B22E2F774FE03B05DF804FB2DE909
:10C77000F041CB681F88BBB2162B05461BD903219D
:10C78000E2F72EFD0646C0B102210C30FEF797F805
:10C7900000244FF0410880F800804470314628465C
:10C7A000FFF742FF2846A5F81A806F85FFF7FDFCCA
:10C7B0002046BDE8F0810420FBE70E20F9E7E3F70F
:10C7C000F1BB0A8AC9680023E2F7E2BF70B50546EB
:10C7D00050F8043C55F804690446002B32D031B1BE
:10C7E000836D7BB31B7CDA072CD505231DE0304617
:10C7F000E4F7C4F8737A012B24D0A46D14B3237C1E
:10C80000DB071FD5E368002BEFD06269617C284607
:10C81000E2F7BAF9064638B1D4E90512E368984759
:10C8200050B13046DFF7C2F80E23002228461146E9
:10C83000BDE87040E2F7ACBF31462846E2F766FB40
:10C840000028EED170BD30B5054689B055F8043BDF
:10C8500004461868FFF7ADF96946E2F703FA28467F
:10C86000E2F7D0FF60681321FFF7F1F809B030BD9F
:10C8700010B5044688B054F8783D1868FFF799F968
:10C880006946E2F7EFF92046FFF7DDFF08B010BD7B
:10C8900070B50E46FFF719FF044628B93046DFF79A
:10C8A00085F86FF07F0070BD00F10C052846314619
:10C8B00003F065FA606A38B150F8A84904B1A83CA1
:10C8C0002946FFF762FE20B90020ECE71C466FF016
:10C8D0000100002CF8D0D4F8A83023B90230F5D0EC
:10C8E00020461C46ECE7A83BF8E738B505460C4661
:10C8F000FAF790FB2846FFF7E8FE20B9FAF79EFB0F
:10C900006FF07F0038BD0023236083683BB9C0E926
:10C910000144FFF70BFEFAF791FB0020F2E71C60E1
:10C920008460F6E70120704708B5FFF7CEFE98B1A6
:10C93000436A8BB1BFF35B8FA83B03F1580252E807
:10C94000000F20F0080042E800010029F7D1BFF3F2
:10C950005B8FD3F8A830ECE708BD08B50421FFF7DA
:10C960009FFA30B1BFF35B8F406DBFF35B8FC0F3B5
:10C97000C00008BD10600020704710B5029CA3687D
:10C9800033B1B1F5807F28BF0E21CAB22146984746
:10C99000A37DE268013BDBB2A37522B11BB920463F
:10C9A000BDE81040104710BD106091800020704716
:10C9B000002070470B6803608B8883808B798371BC
:10C9C0007047F0B587B00026BDF830500196174685
:10C9D00031460D2202A81C4603F039FD0F2D12D856
:10C9E0002544102D12DC2246394601A803F007FD2C
:10C9F00004F118036B4401A803F8146CDFF7C2FDBF
:10CA0000204607B0F0BD6FF00604F9E76FF00C04A4
:10CA1000F6E708B5072203F0A0FEB0FA80F040095F
:10CA200008BD2DE9F04104460F469046461C0025FE
:10CA300016F8013C434507D139463046FFF7E9FF78
:10CA400010B16019BDE8F0810A35322D06F10A06F1
:10CA5000EED10020F6E710B50346BFF35B8F53E835
:10CA6000000F40EA010243E80024002CF7D1BFF395
:10CA70005B8F10BD10B50346BFF35B8F53E8000F0B
:10CA800000EA010243E80024002CF7D1BFF35B8FDA
:10CA900010BDBFF35B8F0068BFF35B8F70472DE95C
:10CAA000F04107460C464D1C01F13308002615F8ED
:10CAB000010C2946E1F772FD30B1B5F807309E420E
:10CAC00038BF1E46E1F73EFA0A354545EFD1638E81
:10CAD000B34207D0636B668623B131463846BDE862
:10CAE000F0411847BDE8F08138B5BDF81040A242CA
:10CAF00015460CD84CB16BB1A21A8A42A8BF0A469F
:10CB000094B22246591903F07AFC204638BD6FF0E2
:10CB10000600FBE76FF00D00F8E730B585B0C96897
:10CB200014461D46E2F7CCFF00B10089ADF80E00B7
:10CB300002230093BDF820200DF10E032946204664
:10CB4000FFF7D2FF05B030BD1FB50C461946E368AC
:10CB50001C781046BDF818203CB11024013306940F
:10CB600004B0BDE81040FFF7BFBF5B88ADF80E30E2
:10CB7000022300930DF10E03FFF7B6FF04B010BDC2
:10CB800030B585B01D46002314468DF80C30E2F711
:10CB900075FF10B1037A8DF80C3001230093BDF8B6
:10CBA000202003AB29462046FFF79EFF05B030BD8D
:10CBB0002DE9F04114461D46BDF81870DFF706FD5B
:10CBC0000646D9F7C9FA80B2069033463A46294656
:10CBD0002046BDE8F041FFF787BF30B585B0144669
:10CBE0001D46FEF729FA0223ADF80E000093BDF8AA
:10CBF00020200DF10E0329462046FFF775FF05B0F2
:10CC000030BD10B5E2F7B8FE044640B1014611F858
:10CC1000010BDFF7C7F8002323606360A3600020E7
:10CC200010BD70B500F1700605463146007AFEF77A
:10CC300006FA04463146287A1CB1BDE87040FFF779
:10CC4000E0BFE2F799FE10B104604460846070BDFB
:10CC5000022A10B508D1002300F170011A46007AAB
:10CC6000E2F786FF022010BDFFF7DBFFFAE737B5DA
:10CC700004460D46E2F748FE024688B1037A8DF875
:10CC800004300C30FFF705FF00F001008DF80500BF
:10CC9000022301AA29462046DFF78CF803B030BDF5
:10CCA0000346F7E7F0B507683D7889B006461446B5
:10CCB0002DBB7B88B3F5245F04D01AD8A3F520538D
:10CCC000032B1CD8ADF80A1002220DF10A012046F0
:10CCD00002F0B2F948B97B88ADF80A3002220DF1B2
:10CCE0000A01204602F0A8F968B16FF01502A265AA
:10CCF00006E003F55643FF339BB2042B12D90125FE
:10CD0000284609B0F0BD009003AA77681323314686
:10CD1000B847021EEBDB03A9204602F08DF900287C
:10CD2000EDD0E2E7ADF80A1002220DF10A0120462B
:10CD300002F082F90028D8D17B88ADF80A300222AF
:10CD40000DF10A01E8E708B50C3029B10121FFF720
:10CD500082FEC043084008BD6FF00101FFF78AFE64
:10CD600000F00100F7E710B50446FFF7ECFF38B11B
:10CD700021460122BDE8104011F8010BE2F7BCBECC
:10CD800010BD2DE9F0411F46BDF81830012B0646B5
:10CD900090462DD83B44012B3D462CDCE2F76EFE3D
:10CDA000044618B9E2F76AFE044638B397B1217A0F
:10CDB00098F80020002321FA03F0C70703D522FAD0
:10CDC00003F0C0071DD50133032BF4D102F0070295
:10CDD0001143217206F17001601CFFF7EBFD337AFD
:10CDE000237001212046FFF7BEFF2846BDE8F081F1
:10CDF0006FF00605F9E76FF00C05F6E76FF0100528
:10CE0000F3E76FF01205F0E770B504461546FFF73B
:10CE100089FD48B12046E2F731FE28B1037ADB07ED
:10CE200002D50121FFF79FFF85B9207A04F1700137
:10CE3000E2F7A2FD024648B101468560BDE87040B8
:10CE400011F8010B04230832DEF79EBF70BD2DE9F7
:10CE5000FF41884616461F46044628B96FF015055F
:10CE6000284604B0BDE8F08102A9FDF7E2FD0546C1
:10CE70000028F3D101A92046FDF751FB0198D0B954
:10CE800002A90020E2F740FD044648B9E2F7F6FDAA
:10CE9000044678B3002300F8013B02A9FFF78AFD9E
:10CEA000B8F1000F22D0022269463846B047002868
:10CEB00008DA0546D4E70A222946FAF77BFD00285E
:10CEC000DED0CBE79DF800302372022804D0002189
:10CED0002046FFF748FFC3E79DF801100129F6D867
:10CEE00001F001012046FFF72EFFB9E72046E2F7E7
:10CEF0001DFFB5E76FF00B05B2E738B5BDF81010B0
:10CF0000BDF81840059DA14210461A460CD84CB1F8
:10CF10006DB1631A9A42A8BF1A4694B222462944B8
:10CF200003F06DFA204638BD6FF00600FBE76FF0A6
:10CF30000D00F8E713B5044610B9002002B010BD8B
:10CF400000238DF80430006842F6030301A9ADF810
:10CF50000630FDF796FD0028EFD1E3689888002899
:10CF6000ECD12046E3F772F8013080B2E6E770B505
:10CF7000CC6888B008461E46A3798DF80C3015465B
:10CF8000FFF7D8FFADF80D00246823786BB96388EC
:10CF9000ADF80F3005230093BDF8302003AB3146C8
:10CFA0002846FFF7A1FD08B070BD631C0DF10F020C
:10CFB000113453F8041B42F8041BA342F9D1132384
:10CFC000E9E71FB5CDE90123002300931A46E3F7F3
:10CFD0006DF805B05DF804FBE3F756B91FB50C46D4
:10CFE0001946E36810461A788DF8082093F9012055
:10CFF0008DF809205A88ADF80A201A79DB88ADF837
:10D000000D3007238DF80C200093BDF8182002ABDB
:10D01000FFF76AFD04B010BD38B54C8AD30705464A
:10D02000C4F30E0404D514F0950F2AD04B6843B313
:10D03000900704D514F4957F25D08B681BB314405A
:10D0400014F4DE7F0DD0EB7A2BB92846FEF71FFDD6
:10D05000D8B9052038BD14F0300F04D114F4C07FC6
:10D0600007D10020F6E72846FEF79BFD0228F5D8F9
:10D07000EFE7D5F8A030002BEBD05B7BDB06E8D5E3
:10D08000EFE70220E6E70320E4E70F20E2E72DE9DF
:10D09000F041437B072B86B005460C46174640F00F
:10D0A000848000238DF81430206842F6030305A91C
:10D0B000ADF81630FDF7E5FC90B96668002E74D027
:10D0C0000090012304AA2146B04701286DD19DF8A4
:10D0D000103013F0300F68D02046E3F76BF90446A8
:10D0E000002320688DF8143005A942F60213ADF82C
:10D0F0001630FDF7C6FC18B12046E3F75BF904468D
:10D10000002642F6021820688DF8086002A9ADF8E2
:10D110000A80FDF7B6FCF0B9002320688DF81430C2
:10D1200005A942F60213ADF81630FDF7AAFC002857
:10D130003BD16668002E38D00090022305AA214614
:10D140002846B047022830D1BDF814301F4214BF22
:10D15000012000202AE020688DF80C6042F60303CD
:10D1600003A9ADF80E30FDF78CFC0028D4D0206860
:10D170008DF810604FF4205304A9ADF81230FDF77C
:10D1800080FC0028C8D020688DF8146042F60103A6
:10D1900005A9ADF81630FDF774FC0028BCD0204678
:10D1A000E3F708F904460028ADD1002006B0BDE839
:10D1B000F081F8B514460F46942261680646FFF7E1
:10D1C0002BFF20BB616801223046FFF760FF08B3E8
:10D1D000A2891B2102323046FFF78CFA0546E0B1E6
:10D1E000A1890C300231FDF76AFB20F8027BA2898D
:10D1F000A16803F004F9D4E9041228460123E2F7F8
:10D2000065FB29463046BDE8F840FFF741BB4FF0CB
:10D21000FF30F8BD6FF01500FBE76FF00B00F8E78B
:10D220002DE9F04105468846E2F728FC0446E0B1C6
:10D23000037ADB0719D500F10C073846FFF729FC04
:10D2400010F0010611D1B8F1000F0FD06FF00201FC
:10D250003846FFF70FFC10F0020F284609D0FFF701
:10D2600063FB01212046FFF77EFD01263046BDE825
:10D27000F081FFF757FB0028F8D02846FFF76DFB39
:10D280000028F3D06FF002013846FFF7F3FB284681
:10D29000E5E7F8B506460F46E2F752FB3946044685
:10D2A0003046FDF7CCFE68B364B304F108056FF0B7
:10D2B00001012846FFF7DEFBC20703D53946304699
:10D2C000E3F774FB6FF002012846FFF7D3FB8307F7
:10D2D00003D539463046FFF7CAFC2846FFF7D9FB8D
:10D2E00080B9234603F8010BC4F80100C3F803001A
:10D2F000BFF35B8F55E8003F45E80002002AF9D1F3
:10D30000BFF35B8FF8BD38B5A0F17705441C15F865
:10D31000010C29460C35FFF7BCFFA542F7D138BDFB
:10D3200038B5044659B100F170052946007AE3F793
:10D330003DFB207A2946BDE83840FFF798BC38BD50
:10D3400070470720704708B50621FEF7A9FD00B118
:10D35000EC3808BDBFF35B8F0068BFF35B8F0841FB
:10D3600000F00100704710B50346D9B1C88910F02C
:10D37000240F17D01A7D5C7B097BA24228BF22466E
:10D38000914201D9002010BD820604D4187A0038D9
:10D3900018BF0120F7E70521181DFFF7DBFF002864
:10D3A000F4D1EFE70120EEE701238B40DB43BFF32D
:10D3B0005B8F50E8002F1A4040E800210029F8D187
:10D3C000BFF35B8F704707207047002370B51A4684
:10D3D0000446EC300D46FEF7F3FC20B12846BDE8CC
:10D3E0007040DEF7E3BA04F5A0704FF47022BDE898
:10D3F00070400023F9F7EABB01238B40BFF35B8F3A
:10D4000050E8002F1A4340E800210029F8D1BFF36B
:10D410005B8F704708B50E21FFF7EEFF002008BDB7
:10D4200038B505460B4604300D21FFF793FFA0B138
:10D43000DC68D5F8EC300220197A03F1700200F0B4
:10D4400096FB80B1224600F12A0304F1100152F844
:10D45000040B43F8040B8A42F9D128460921FFF74F
:10D46000CBFF002038BD0820FCE770B5051D0E4637
:10D4700028460421FFF76EFF68B100220021002337
:10D480000846E1F7A1FA044640B904212846FFF70F
:10D49000B3FF204670BD4FF47022EFE701210C303E
:10D4A000FDF70DFA0670F4E738B504210446FFF7DE
:10D4B000DCFF054698B110210C30FDF700FA04F1AD
:10D4C000270304F1370253F8041B40F8041B93426E
:10D4D000F9D120462946FFF778FF002038BD082003
:10D4E000FCE72DE9F04790B004460CAD1022002176
:10D4F000284602F0ACFF237A052B1ED8DFE803F0A4
:10D50000060303061D21D4F8D8300C93D4F8EC3070
:10D5100004F1470204F1C707CDE9017204F13708AD
:10D5200003F17E0204F12709009277334A4641460F
:10D5300004F19700E4F7E0FA98B1082010B0BDE8D4
:10D54000F087D4F8E430002BE0D02E4603F110072A
:10D5500018685968324603C20833BB421646F7D1F1
:10D56000D4E7D4F8EC3003F177027E3308AE0193B0
:10D5700004F111030292009303962B46424649465A
:10D58000384600F0ABFB0028D7D1237A052B0FD10A
:10D59000D4F8E010002948D00B46AC4601F1100E3B
:10D5A00018685968624603C2083373459446F7D138
:10D5B000D4F8EC3003F17E0277330DF1100A0193B9
:10D5C00004F10A0302920093CDF80CA02B464A46C0
:10D5D0004146384600F082FB0028AED11022514669
:10D5E00004F1B70003F0B9F820BB0D212046FFF786
:10D5F0003CFF07460028A0D010210C30FDF75FF952
:10D6000032460346164603CEAE4218605960324693
:10D6100003F10803F6D139462046FFF7D6FE201D58
:10D620000121FFF7E9FE002088E71022284602F0DA
:10D630000EFFBDE70B2081E770B5D0F8EC30DB784A
:10D64000012B044619D1CD68061D10213046FFF785
:10D65000ABFE2B4604F1B70205F1100153F8040BA1
:10D6600042F8040B8B42F9D107213046FFF772FED6
:10D6700028B109213046FFF7BFFE002070BD0A2106
:10D680003046FFF767FE0028F3D12046BDE8704022
:10D69000FFF727BF70B5061DCD6804460B21304645
:10D6A000FFF782FE2B4604F1170205F1100153F833
:10D6B000040B42F8040B8B42F9D1237A012B09D0D9
:10D6C000022B13D120460421FFF796FEBDE87040DF
:10D6D000E3F772BB0A213046FFF73CFE0028F1D089
:10D6E00030460021FFF788FE002070BD0820FCE7CF
:10D6F00007207047072070470720704730B5012387
:10D7000003FA01F1CA43BFF35B8F50E8003F03EA1D
:10D71000020440E80045002DF7D1BFF35B8F1942AA
:10D7200014BF0120002030BD70B500F17006044622
:10D730000D4607220968304603F00FF840B96B68C0
:10D740001A6822679A88A4F874209B7984F8763046
:10D7500070BD38B50446031D0025BFF35B8F53E849
:10D76000002F43E800510029F9D1BFF35B8F04F586
:10D77000A07002F0F9FB2572BFF35B8F54E8003F05
:10D7800044E80052002AF9D1BFF35B8F2046012103
:10D79000BDE83840FFF730BE2DE9F84FDDF82C80AA
:10D7A000BDF82890044692461F46FFF7CCFD05467B
:10D7B00000285AD0061DB9F1000F27D15AEA0703F5
:10D7C00024D103213046FFF7C5FDD0B301213046F7
:10D7D000FFF7C0FDA8B32C7D6B7B9C4228BF1C4685
:10D7E000224605F14701404602F009FE0F2C06D8FB
:10D7F000C4F11002002108EB040002F028FE3046BC
:10D800000121FFF7F9FD0120BDE8F88FD4F8A03021
:10D81000F3B904F1700B217A5A462020E4F7D4F8CA
:10D82000C4F8A00030B9217A5A460120E4F7CCF8B8
:10D83000C4F8A000B9F1000F0AD15AEA070704D0D2
:10D8400006E0D4F8A030002BE3D0D4F8A01071B9D2
:10D850000F213046FFF77EFD20B10222062120462F
:10D86000E0F734FE2846FFF774FF0020CCE7CB89B1
:10D870009B06EDD50C7B1A312246B4E76FF085008C
:10D880007047F8B5031D06460F4618460221FFF7FC
:10D8900061FD044620B1B6F8E840B4FA84F46409A6
:10D8A00003211846FFF756FD58B139463046E3F7D5
:10D8B000F9FD052194B1D6F8EC00FEF7C8F8002078
:10D8C000F8BD01211846FFF745FD0028EDD10F21D5
:10D8D0001846FFF73FFD0028E7D1EAE73046FFF79B
:10D8E000C4FD054688B101210C30FCF7E8FF234652
:10D8F00007702246294606F1EC00FEF761FA00287F
:10D90000DDD02846DEF752F8D9E76FF06800D7E798
:10D9100070B504460820E3F719F90546E0B1061D85
:10D9200008213046FFF740FDBCB30721FFF73CFD5F
:10D93000234605F1970204F1200153F8040B42F845
:10D94000040B8B42F9D10A213046FFF703FD70B179
:10D9500009213046FFF750FD0720E3F7F7F80446AA
:10D96000E8B1E3F74BF90146C8B1204612E01021B7
:10D970003046FFF7EFFC09210028EAD13046FFF7D7
:10D98000E9FC0028E8D02846FFF7ABFD0146002857
:10D99000E2D02846FFF775FFDEE70B21F9E770BDFF
:10D9A0002DE9F0410E460446D0F8EC80E3F7E2F8AA
:10D9B000F768261D05460A213046FFF79FFE38B15D
:10D9C0006DB920463978E3F76DFD0020BDE8F081A0
:10D9D0000B213046FFF792FE0028F1D1F1E76B6989
:10D9E000002BEED040469847EBE770B50446A0F117
:10D9F000EC0650F8543BE83CD3F8A05002F0B4FADF
:10DA000003212046FFF7A6FCA0B108213046E3F72A
:10DA100049FD3DB1EB8913B16B7B9B0702D52846CD
:10DA200000F0B9F830464FF4BC72BDE870400021F8
:10DA300002F00DBD01212046FFF78CFC0028E4D147
:10DA40000F212046FFF786FC0028DED1E1E710B564
:10DA500008210446A0F5A070E3F724FDA4F59E700C
:10DA60000421BDE81040FFF7C7BC70B50446FFF7BE
:10DA70006AFC0546002863D0061D03213046FFF7E7
:10DA800069FC00285CD0D4F8A00008B100F083F84D
:10DA9000207A04F17001E3F715FFC4F8A00028B95B
:10DAA00028460821BDE87040FFF7EBBE0E21304646
:10DAB000FFF750FC28B1D4F8A020537B43F00203B9
:10DAC00053732A7AD4F8A010032A4B7B39D8002A42
:10DAD0003ED0D4F8A020537B43F0010353732B7D39
:10DAE000697BD4F8A0208B4228BF0B461373052115
:10DAF0003046FFF72FFCD4F8A0305A7B88B342F0B1
:10DB000010025A730D213046FFF724FCC0B1D4F83F
:10DB1000A000202100F03BF8D4F8A03005F1470226
:10DB20001A33573552F8041B43F8041BAA42F9D1A3
:10DB3000D4F8A020002313615361D4F8A0201383EC
:10DB400070BD053A012A03D843F020034B73C0E7A8
:10DB500023F020034B73D4F8A020537B23F0010360
:10DB6000BCE722F010025A73EAE7DFF70DB970B58F
:10DB700004460D461646E3F727FF38B931462846D6
:10DB8000E3F7A0FE10B1C3891C43C48170BDC389F3
:10DB90001943C181704710B5037A5B07044601D56C
:10DBA000DFF788F9214611F8010BDEF7A1F92046CD
:10DBB0004022BDE81040002102F049BC70B5064685
:10DBC00090B01446184616B3342203A9A047051E88
:10DBD0001DDB01A93046FCF72CFF0446B8B96946A5
:10DBE0003046FCF79CFC009858B99DB101A9002073
:10DBF000E3F768FE034648B3342D18D0FFF7CBFF98
:10DC000005E00A222146F9F7D5FE0028EDD06FF095
:10DC1000150409E001AA29463F20E3F7D5FE18B113
:10DC20004022294602F013FC204610B070BD03AA22
:10DC30000C330FAE154603CDB542186059602A4625
:10DC400003F10803F6D128681860EDE76FF00B04C4
:10DC5000EAE701460246342311F8010B0C32DEF7E5
:10DC600039B9531E1944024411F8013900F8013B37
:10DC70009042F9D1704710B5431E00F110020730F1
:10DC800013F8011F12F8014D1C7083421170F7D177
:10DC900010BDF0B597B014460E462022014605A8E7
:10DCA0001D461C9FFFF7DDFF202231460DA8FFF720
:10DCB000D8FF2146102201A88DF85450FFF7D1FF5C
:10DCC0003B46412205A901A8E3F7ACFF044610B981
:10DCD0003846FFF7D0FF204617B0F0BD2DE9F043DE
:10DCE00097B00446164605A810221D46DDE91F9888
:10DCF000219FFFF7B6FF1022314609A8FFF7B1FFB9
:10DD0000102229460DA8FFF7ACFF1E99032211A887
:10DD1000FFF7A7FF4946D9F8010011F8013B8DF83C
:10DD2000473012908B88ADF84C30062212A8FFF7CE
:10DD300098FF4146062211F8013B8DF84E30D8F885
:10DD40000130CDF84F300DF14F008B88ADF85330D6
:10DD5000FFF787FF2146102201A8FFF782FF3B460D
:10DD6000412205A901A8E3F75DFF044610B9384632
:10DD7000FFF781FF204617B0BDE8F08310B50369B7
:10DD8000C0E905330023C360837F044613B1407AA2
:10DD9000F4F774F80123237700236377E377A377FD
:10DDA00010BDF8F763BBF8F7D9BB0378027903F02D
:10DDB0000F011AB959B14FF0FF3070470829FAD84E
:10DDC000012A04D183F0080040F3C000704743F3F8
:10DDD000C000704738B50446F2F706FD054660B14D
:10DDE000037A6BB120460024F4F7CCF82846AC77D0
:10DDF000FFF7C4FF2C72204638BD6FF01500FBE71B
:10DE00006FF07700F8E770B504460E461546F3F755
:10DE1000CBF930B906B925B12046BDE87040F3F71B
:10DE20000BBA70BD08B5F3F7EDFB00280CBF6FF01F
:10DE30000A00002008BDC343C3F3C01300F00F0065
:10DE400000EB0310704708B5F3F778FA818208BD3C
:10DE500008B5F3F773FAEFF31183202282F31288E7
:10DE6000BFF36F8F02690A60027B2AB9807D83F35A
:10DE70001188BFF36F8F08BD0420F8E70369C9B2AA
:10DE80000C2201FB0233186C00F00700704770B5DC
:10DE9000C9B20369EFF31185202484F31288BFF31C
:10DEA0006F8F0C2606FB0134246C14F0C00408D0DC
:10DEB000A24206D085F31188BFF36F8F4FF0FF3079
:10DEC00070BD06FB013301221A6485F31188BFF38C
:10DED0006F8F436803EBC1035B6898470020EFE74F
:10DEE0008022FFF7D4BFF8B5069F0469C9B2EFF3EB
:10DEF0001186202585F31288BFF36F8F0C2505FB53
:10DF00000144256C05F0070CBCF1010F0CD127640E
:10DF100086F31188BFF36F8FC4E90E23436853F86B
:10DF2000313098470020F8BD05F0C005AF4286F3B8
:10DF30001188BFF36F8F0CBF6FF077004FF0FF3089
:10DF4000F1E713B580240094FFF7CDFF02B010BDB8
:10DF500010B40069CBB21C2403FB040000215DF85F
:10DF6000044B10470020F5F7F1BB002000F0E9BAA0
:10DF70001046F8F775BB0020704708461146DEF7DB
:10DF800063BC2DE9F3411C46904600238268236060
:10DF9000A36053690D4601AA69469847019B5A1E22
:10DFA000019223B96FF0150002B0BDE8F08100982E
:10DFB000A26847682168676085B9A8EB0203066814
:10DFC000B34228BF33461A4403FB07112160A26005
:10DFD00002689A4206D808300090DFE76B1AB3FB5C
:10DFE000F7F3ECE70020DFE713460022FFF7C9BF95
:10DFF0002DE9F047836886B05B698846914601A9A0
:10E0000002AA98470024A2462546029BAB4202D8AA
:10E0100006B0BDE8F087019F07EBC50700267B68C7
:10E0200004933A68B2420AEB060302D801359A46D5
:10E03000EBE703940593494603A8C0470028E7D0BF
:10E04000049B01361C44ECE710B50C4600F0FBFACB
:10E050000023C4E90003184610BD38B505460C4638
:10E0600000F0F1FA002D07DBA84205D9401B8442DD
:10E070008CBF0020012038BD0020FCE770B50D46A4
:10E080002846194616461C46FFF7E7FF38B124B16B
:10E0900022462946304602F0B2F9002070BD6FF0EA
:10E0A0001500FBE743685B68D3F810350B60002070
:10E0B000704743685B6802EA010021EA0201C3F885
:10E0C0000805C3F80C150020704743685B68002002
:10E0D000C3F80815704743685B680020C3F80C1547
:10E0E000704743685A68D2F8043521EA03000B40B0
:10E0F000C2F80805C2F80C350020704710B5036956
:10E100005868F8B1884219D19C6808685860A142E3
:10E1100000D19860002008602AB15A680A609A68A5
:10E12000596002B99960002010E0814206D1086868
:10E13000206098688142EDD19C60EBE7044600685E
:10E140000028F2D1002AE8D16FF0150010BD13B5F8
:10E150004FF080520829136E526E28BF082112BA60
:10E1600000921BBA0C460A466946019302F047F931
:10E17000204602B010BD70B50B6805460068984295
:10E180000C460AD041F8040B066983685B6898471F
:10E1900040B963683268534063602B796068D84047
:10E1A00000F0010070BD70B403460C46DA880068C8
:10E1B00019792243056986682B6801248C4012F086
:10E1C000010F14BF2343A3432B60336870BC18476F
:10E1D00003460A4600681979012303FA01F103692D
:10E1E0001B68194218BF82F0010212B18368DB6814
:10E1F000184783681B69FBE7036911B1D9600020E8
:10E2000070476FF015007047F8B505460E460024BC
:10E210000C276B68A34201D80020F8BD286831465E
:10E2200007FB0400FFF7D4FF0028F6D10134F0E724
:10E230002DE9F04F0669446885B005464FF00009A6
:10E240004FF00C0B63684B4537D84FF00009C846B8
:10E2500023699945C0F093802869B8F1000F00F058
:10E2600096806B689A69D0E91231D31841EBE2715C
:10E27000C0E91231C90341EA534140F2E732DB03FE
:10E2800000F11004981841F10001B0F57A7F71F1A6
:10E29000000377D34FF47A720023D7F731FF6FF082
:10E2A0000102121A4FF0FF3363EB01032046F8F727
:10E2B0008DFC002005B0BDE8F08F27680BFB0977C7
:10E2C00001213846FFF784FF0028F3D1CDE9020091
:10E2D00004F1080382460193B368534508D800212E
:10E2E0003846FFF775FF0028E4D109F10109A9E7D5
:10E2F000706894F820C0BA6821690BFB0A00836833
:10E30000BCF1000F13D101FB032802A9FFF733FF73
:10E310000028CFDB306D019BA26914BF01210021D1
:10E3200000EB480001F010FB0AF1010AD4E701FB01
:10E330000238EAE7326D0AFB039302EB430B5846BF
:10E3400001F03AFB40B1584601F032FBF768034652
:10E35000524649462846B847B8F1000F0DD15846F5
:10E3600001F01EFB00F001080AF1010AD4E90432B1
:10E370005245DFD809F101096AE70120F2E74FF0C1
:10E38000000AF3E76FF001024FF0FF338EE74FF022
:10E390009861F4F7A1FC00288BD168680121FFF790
:10E3A00033FF86E750F8100CFFF742BF10B54FF46B
:10E3B000001104460069F4F78FFC014620B960683B
:10E3C000BDE81040FFF720BF10BD10B5044600693E
:10E3D000103001F0C9FD2046BDE81040FFF7E6BF50
:10E3E00010B551F8043C1C692068FFF7DFFF01F00D
:10E3F0003AFF4FF47A72A0FB020302FB0131C00B1B
:10E4000040EA4140C90BC4E91201002204F11000A6
:10E410000023BDE81040F8F7D9BB70B50446066983
:10E4200001F021FF4FF47A75A0FB053205FB0121B5
:10E43000DB0B43EA4143C90BC6E912312046BDE874
:10E440007040FFF7F5BE10B443681868884218D9C9
:10E45000642A16D85B6803EBC10453F831002379B2
:10E460000121994003691B68194203D122B98368CD
:10E470001B6903E0002AFAD18368DB685DF8044B6E
:10E4800018476FF015005DF8044B70476422FFF7E2
:10E49000DABF0022FFF7D7BF2DE9F04147683B689C
:10E4A00073B10024204601263B689C420AD248B939
:10E4B0007D6855F8340005EBC40801F086FA18B9F8
:10E4C0006FF01200BDE8F08155F8340098F80410A0
:10E4D000B8F80630D0F810C0D0F80880DCF800504A
:10E4E000DA0754BF43F4B01383F4D01323F480123B
:10E4F00006FA01FEDB074CBF45EA0E0525EA0E05CC
:10E50000CCF80050D8F8003098470134CCE700F13F
:10E5100050039B009BB203F1804303F58833002234
:10E520001A601B687047004701F04ABA00010904ED
:10E5300000F1804012B1C0F804197047C0F8081902
:10E540007047F5F779B8F7B5019001A8DDE90847FC
:10E5500016461D46F5F782F9019BB6F1000C18BF6F
:10E560004FF0010C00EB83000B1E18BF0123002DA0
:10E5700043EA4C0314BF4FF00C0C4FF0000C002C7E
:10E5800043EA0C0314BF4FF4E06C4FF0000C002F73
:10E5900043EA0C03D0F8002714BF4FF4403C4FF07F
:10E5A000000C43EA0C0322EA030301B109780EB11F
:10E5B0003678760019430DB12D78AD0031430CB19A
:10E5C0002478240229430FB13F783F040C433C4395
:10E5D000C0F8004703B0F0BD1FB50DF10F03019364
:10E5E00000238DF80F1000931A461946FFF7ABFF72
:10E5F00005B05DF804FB38B5054608460C46F5F74E
:10E600007FF9B0B10846F5F76FF990B90846F5F70C
:10E610005FF92A6801238340C2F808332A6803B2ED
:10E6200002EB8303D3F8102522F00302C3F8102570
:10E6300038BD20460021BDE83840FFF7CDBFF5F7D3
:10E64000E5B9FFF7D8BF4FF080531A6958695043B6
:10E6500070474FF08053186970474FF080535869E6
:10E66000704700F180431A68002A1FBF00221A6019
:10E670001B68012008BF002070474FF080434FF413
:10E680006072C3F8042370474FF080434FF4607208
:10E69000C3F80823704708B5F5F75AFDBDE80840F0
:10E6A000F5F7A8B84FF48C72002101F0D0BE18B174
:10E6B0004FF48C71F6F7D6BD704710B40C46012CA0
:10E6C00011461A4608D81CB95DF8044BF6F79EB8F7
:10E6D0005DF8044BF5F7DCBE6FF020005DF8044BED
:10E6E00070472DE9FF4701291E468046DDE90C34BD
:10E6F000154658D882B32A0758D1002949D10DF1BF
:10E7000010091D44EC461A4603F1100A67461068CA
:10E710005168E646AEE8030008325245F446F6D1A9
:10E72000224619464046F6F771F8B0B933582258D8
:10E730005340235004301028F8D132463B4603CBD7
:10E740004B45106051601F4602F10802F6D1AA4500
:10E75000534604F11004D5D1002004B0BDE8F08781
:10E76000C25851F803C082EA0C02E2500433102B65
:10E77000F6D1224621464046F5F78AFE0028ECD124
:10E78000103D04F11003214606D01C460023781BDF
:10E79000E6E731465F19F9E754F8042B46F8042BF5
:10E7A0009C42F9D1D8E76FF02000D6E76FF0210046
:10E7B000D3E710B50446FFF77AFF2046BDE81040C6
:10E7C000F6F762BD10B54FF48C710120F6F756FDD7
:10E7D000044608B1FFF766FF204610BDF5F7D4BD2B
:10E7E000F5F706BDFFF77DBFFFF767BF48220021A1
:10E7F00001F02DBE10B5044608B1F6F733FD2046F2
:10E80000BDE81040F6F740BD08B5F7F781F80028DD
:10E8100018BF6FF0040008BD38B5084614461D4601
:10E820001146DDF701F908B92C6038BD6FF083009F
:10E83000FBE730B587B01D460DF1170303920024A6
:10E84000009303AA0DF116038DF81740F6F722FD89
:10E8500050B99DF8170005B128709DF8162003994E
:10E86000F6F792F907B030BD2046FBE700230B60B6
:10E870006FF0860070472DE9F34747683F0ADDE9EE
:10E880000A9A04460D461646984611D1CDE9009ADB
:10E8900000F018FE10F1860F0CD14346324629468F
:10E8A0002046CDE90A9A02B0BDE8F04700F094BADC
:10E8B0006FF0860002B0BDE8F087009BF6F74CBD14
:10E8C000009BF6F749BD38B51C460368154623B1D1
:10E8D000F6F706FD00B9256038BD6FF08800FBE74C
:10E8E0002DE9F04194B004460D461E464C2200210D
:10E8F00001A8DDF86C801D9F01F0A9FD214633467B
:10E900002A4601A8F6F728FD044648B9B8F1000FD9
:10E910000DD11C993A4601A8F6F7E2FC044678B1FD
:10E9200001A8F6F7FFFC204614B0BDE8F0811A9963
:10E93000424601A8F6F750FD04460028E9D0EFE76B
:10E940001E9B1F60ECE700F4E040B0F5805F04D050
:10E95000A0F50053584258417047012070473AB122
:10E96000002918BF0023D21A2121184401F06FBDDD
:10E97000704738B513464FF480420D46F6F7B6FEA1
:10E98000044640B9286843681B0A04D000F049FDDA
:10E990002C606FF08504204638BD2DE9F04F89B01A
:10E9A0009B4600238DF81B30159BDDF85080002B13
:10E9B00091460B460E460CBF4FF400624FF4806246
:10E9C00007A9DDE912A7F6F791FE044608BB079DEB
:10E9D0000DF11B0229883046F6F7F6FE0446C0B951
:10E9E0009DF81B30BB4226D868686A6E000A05F1A4
:10E9F000200123D1CDE90338CDE901BACDF800904B
:10EA000033462846FFF76CFF10F1860F044600D00E
:10EA100008B1C8F80070D8F800303A462146504690
:10EA2000FFF79DFF079800F0FCFC002C18BF204664
:10EA300009B0BDE8F08F6FF08904EAE76FF0860453
:10EA4000E7E72DE9F341002313604668D0F814800E
:10EA500004460F463046114600F0E5FC054688B9ED
:10EA6000304600F0E2FC054660B9F6B276B9B8F17E
:10EA7000000F05D1A06820F47F4020F0030060B1B2
:10EA80006FF08605284602B0BDE8F0810146606956
:10EA900000F0A1FC0028EDD1F2E762884FF6F87390
:10EAA0009A4219D894F80480B8F1000F00D101A857
:10EAB0003946F6F7C3FF05460028E3D10FCC3F687F
:10EAC0003E460FC694E8030086E80300B8F1000F45
:10EAD000D8D1019B7B61D5E76FF08505D2E7434232
:10EAE00013F07F0306D0722B24D0712B58DD6FF00A
:10EAF0008300704710F1720F1CD010F1710F1CDAF7
:10EB000010F5C44F3DD00BDC10F5C64F3CD010F5CE
:10EB1000C54F42D010F5C74FE9D16FF0960070474E
:10EB200010F5C34F33D0E2DB10F5C24F35D010F5EE
:10EB3000C14FDCD16FF08500704710F13B0F11DA47
:10EB400010F13D0F26DA10F16E0FE6D010F1400FF4
:10EB500020D010F1700F08BF6FF0920018BF6FF057
:10EB600083007047002820D0C1DC10F1210F14D0A1
:10EB700010F1200FDED010F1220F08BF6FF08500DA
:10EB8000ECE76FF0950070476FF0940070476FF0FE
:10EB90008C0070476FF0930070476FF086007047ED
:10EBA0003B2BC3F10000CBDCDFE7704741F20523CC
:10EBB00098421AD8B0F5905F09D241F20103984209
:10EBC0000CD0B0F5885F09D06FF085007047A0F5D4
:10EBD000905080B22923C340DB07F5D511F0070F11
:10EBE0000CBF00206FF086007047B0F5105FEBD1CE
:10EBF00021F04003802B06D0B1F5807F0CBF0020B0
:10EC00006FF08600704700207047F8B504460F4645
:10EC100000881E46154692B1FFF795FE78B1089B15
:10EC2000D10019602088FFF7C1FF044628B9394692
:10EC3000304601F0E4FB079B1D602046F8BD6FF0F5
:10EC40008504FAE72DE9F04F476885B03F0ADDE912
:10EC50000E9ADDF840B004460D461646984615D18A
:10EC6000CDE901ABCDF8009000F0E6FB10F1860F86
:10EC70000ED14346324629462046CDE90FABCDF8AA
:10EC8000389005B0BDE8F04FFFF7BFBF6FF08600CA
:10EC900005B0BDE8F08F10B5436E04461BB14121AD
:10ECA0002030F6F7DFFA0020606610BD38B5054663
:10ECB000FFF7F1FF2B7E012B04460ED0023B012B08
:10ECC0000ED8EB69012B18BF6FF096046822002163
:10ECD000284601F0BCFB204638BDEB69002BF2E76B
:10ECE0006FF09604F2E713B50446A0B101A9F6F758
:10ECF000EDFE044678B90198037E022B0ED1032362
:10ED000003760379FF2B08BF6FF0840400F074FBD7
:10ED1000002818BF0446204602B010BD6FF09604CC
:10ED2000F4E770B514460288049E10461D46FFF7AE
:10ED30000AFE68B922F4405044F20103984207D019
:10ED400002F44F42B2F5824F02D0B2F5844F0ED199
:10ED5000B4420FD82246284601F051FB321B002155
:10ED6000281901F074FB059B00201C6070BD6FF03A
:10ED70008500FBE76FF08900F8E72DE9FF41884641
:10ED80001F4616462AB300233B60012203A9F6F76B
:10ED9000ADFC044658B9039D6B686A6E1B0A05F109
:10EDA000200108D0284600F03CFB6FF08604204686
:10EDB00004B0BDE8F0814346CDE900672846FFF77F
:10EDC000B0FF0446284600F02CFB002C08BF044688
:10EDD000EDE76FF08904EAE770B514460288049DF8
:10EDE00002F4E040B0F5804F1CD122F4405644F2CA
:10EDF0000100864207D002F44F42B2F5824F02D0A2
:10EE0000B2F5844F0ED1AC420FD81846224601F01D
:10EE1000F6FA2A1B0021204401F019FB059B002073
:10EE20001C6070BD6FF08500FBE76FF08900F8E7AC
:10EE3000F0B50F4685B01E46154612B30023336069
:10EE40001A4603A9F6F752FC044638B9039803881A
:10EE50005B0406D400F0E5FA6FF08604204605B0A6
:10EE6000F0BDCDE900563B46426E00F12001FFF7B0
:10EE700002FD0446039800F0D4FA002C08BF0446B3
:10EE8000ECE76FF08904E9E72DE9F0411F4688B00F
:10EE90000023CDE90533064688463B601546002A27
:10EEA00057D0B2F1005F57D206AA05A9FFF7C9FDF6
:10EEB000044638B9059A536E83B973681B0A07D0A4
:10EEC0006FF08604059800283FD0FFF7EFFE3CE086
:10EED000412D02D96FF08504F4E7556653880793F6
:10EEE00007AB029302F164030193536E0093414612
:10EEF00002F1200330462A46FFF7A4FE044600280C
:10EF0000E0D10599079B4A88D2B94B800799059AA9
:10EF10004FF6F8739942DDD8338813B111889942BE
:10EF2000CED1738813B151889942C9D153693B60DE
:10EF3000137E012B07D000233B606FF09604C1E7DE
:10EF40009A42BDD1E2E702231376204608B0BDE81D
:10EF5000F0816FF08604F8E76FF08504F5E710B5EF
:10EF60000446006868B101280CD104F10800F6F7E6
:10EF7000D9F900232360A38823F4FF7323F001034E
:10EF8000A38010BD6FF08600F3E72DE9FF41054631
:10EF90009846002303932B6808461746002B3CD164
:10EFA000B8F1000F134603A914BF4FF480624FF469
:10EFB0000062F6F79BFB044688BB039E2A1D31883E
:10EFC0003846F6F701FC044648BB6B7968F300034A
:10EFD0006B71736E716806F12002B8F1000F13D0E7
:10EFE000090A23D10097314605F10800FFF765FCB7
:10EFF0000446A0B9012303982B6000F012FA0446DE
:10F00000204604B0BDE8F081090A0FD100973146CF
:10F0100005F10800FFF754FCEAE76FF08804284682
:10F02000FFF79DFF039800F0FCF9E9E76FF0860415
:10F03000F5E70123FFF7A9BF38B50546006898B189
:10F0400012B90024204638BD01280AD105F1080074
:10F05000F6F7C2F904460028F3D02846FFF77FFFF1
:10F06000F0E76FF08604F8E76FF08804EAE72DE92F
:10F07000F041054600680E4617469846C8B16A79C1
:10F08000D20716D52A79A2B1BA4215D8012816D1CD
:10F0900005F10800FFF717FC044698B10023C8F8F3
:10F0A00000702B71A6B92846FFF759FF2046BDE82E
:10F0B000F0816FF08804F1E76FF08904EEE76FF0FC
:10F0C0008604EBE726B92846BDE8F041FFF747BFC5
:10F0D0002146D8F800303A463046FFF740FC284633
:10F0E000FFF73DFF002C08BF0446DFE71FB50124F2
:10F0F0000394089C0294079C0194069C0094FFF7DB
:10F100004CFC04B010BD036819430CBF0120002063
:10F1100070472DE9F04786B007469A4600230593CD
:10F1200007F0FE43B3F1106FDDE90E58109E08465C
:10F1300091460BD0002D46D13560284600F071F97C
:10F140006FF08604204606B0BDE8F0873A4605A970
:10F15000FFF70FFC044628B175BB3560059800F039
:10F1600060F9EFE705990B8823F0FF03B3F5E24F51
:10F1700002D0B3F5E44F0CD14B880733B8EBD30F73
:10F1800007D21DBB3560084600F04BF96FF08904CB
:10F19000D8E7CDE90186009553464A463846F6F74A
:10F1A00069FA04463DB90598356000F03AF9002C3B
:10F1B00008BF0446C6E760B141462846F6F73CFA68
:10F1C000C6F80080CAE76FF08604F5E76FF089049F
:10F1D000F2E7059800F025F90446B3E7F6F72CBAF4
:10F1E00008B50088DDE90221FFF7ADFB20B1BDE8DD
:10F1F00008401046F6F720BA6FF0850008BD2DE9EB
:10F20000F04F8BB01F46DDF850800023C8F8003067
:10F21000CDE90733438805460E469146002B00F0A2
:10F22000D380038803F4E043B3F5804F00F0CC8033
:10F2300039463046FFF767FF002800F0C58008AA6E
:10F2400007A92846FFF7FDFB044628BB079A6B6811
:10F25000526E002A3DD11A0A40F08980B5F800A00C
:10F2600069885046FFF76FFB78B15046FFF79EFC68
:10F27000044688B90AF4E043B3F5805F02D0B3F5E1
:10F28000005F10D10731CA081DE02AF0FF03B3F573
:10F29000E24F5FD06FF085040798002800F090805F
:10F2A000FFF704FD8CE00AF44F43B3F5844FE9D037
:10F2B00047F201039A4531D149080131C90801EBF0
:10F2C000C10101F13B020992099B079A412BE1D848
:10F2D0005366079B9A4603F1200B6B685AF8642F1C
:10F2E0001B0A65D12B88590449D4CDE9012ACDF8F0
:10F2F00000B03B464A4631462846FFF771FF0446B8
:10F30000079B002C56D15A69C8F800201A7E012AA2
:10F3100054D0C8F800406FF09604BDE744F20103F2
:10F320009A4503D1C90801F11002CCE747F2020364
:10F330009A4505D1C90801EB410101F15A02C2E722
:10F3400044F202039A4505D1C90801EB410101F1DC
:10F350004A02B8E72AF0FF00B0F5E24F92D0B0F5CC
:10F36000824F01BFCC1DE4086400621CABE709A911
:10F370002846FFF77BFA04460028A5D08CE703F463
:10F380004F41B1F5824FB0D147F212118B42ACD14F
:10F390006B88B3F5807FA8D153465946284605921D
:10F3A00000F0B7F810F1860F059A0446A8D19CE743
:10F3B0006FF086040798FFF76EFC6DE702221A765D
:10F3C00020460BB0BDE8F08F6FF08604F8E71822F6
:10F3D000002101F03CB803466FF040420846591E38
:10F3E000914207D338B103F1404393428CBF0020D0
:10F3F0000120704701207047034668B1017E8A1ED4
:10F40000012A0BD80329C26903D1012A01D1FFF7D0
:10F410004DBC1AB1013ADA61002070476FF09600D6
:10F420007047FFF7E9BF00207047C0B2002814BF43
:10F430006FF0850000207047F8B5089F1E463B68B6
:10F440000D46144663B1B3F5807F38D1038844F28A
:10F450001212934223D1412C09D06FF08600F8BDDF
:10F46000038844F2121293420FD1412C27D1681C19
:10F4700000F04AFA0028F0D14FF480733B60069BFD
:10F480009C4213D96FF08900E9E747F212129342C8
:10F4900015D1202C13D1284600F044FAEAE747F2B0
:10F4A000121293420BD1202CD7D1F4E722462946E1
:10F4B000304600F0A4FF079B00201C60CFE76FF0F0
:10F4C0008500CCE770B50446184626886488B4F5F4
:10F4D000807FDDE9043513D147F21214A6420FD123
:10F4E000202A10D1402B11D9042300F8013BF6F754
:10F4F00017FD08B941232B60BDE87040F6F7FCBA50
:10F500006FF0850070BD6FF08600FBE76FF089003B
:10F51000F8E730B5202A91B0084614461D4609D1B7
:10F520006946F6F7AFFC00B92C6011B0BDE8304079
:10F53000F6F7E2BA6FF0890011B030BD70B514462D
:10F54000202CDDE90426DDE90603089D0CD1412EBF
:10F550000AD11F2B0BD90132F6F7B6FC00B92C608B
:10F56000BDE87040F6F7C8BA6FF0860070BD6FF066
:10F570008900FBE740F8041B1C22002100F067BF54
:10F58000F0B5002405462646204652F8247051F86E
:10F590002430DB1946EB06071B1845F8243004F12C
:10F5A000010447F10000082CEFD1F0BD002370B535
:10F5B0000646184652F8235051F82340641B65EB69
:10F5C0000505241A46F8234003F1010365F10005FF
:10F5D000082BC5F10000EDD170BD70B5043956425D
:10F5E000041F013A1C3054F8043F51F8045F1340E3
:10F5F00035402B4384422360F5D170BD002330B5E4
:10F600000446184654F8232051F8235001336A4029
:10F61000082B40EA0200F5D130BD70B504460568FC
:10F62000166800200346E1FB66532560566865684E
:10F63000E1FB665365609668A568E1FB6653A560CB
:10F64000D668E568E1FB6653E56016692569E1FB6C
:10F650006653256156696569E1FB66536561966984
:10F66000A569E1FB6653A561D569E269E1FB652304
:10F67000E261226A9B182362404170BD10B50438D4
:10F68000A1F120024B7F0C7F1B0443EA0463CC7F73
:10F6900023438C7F043943EA04238A4240F8043F21
:10F6A000F0D110BD0B1F1C3153F8042F120E02773E
:10F6B0005A8842771A68120A82771A68C2778B4290
:10F6C000A0F10400F0D1704770B588B01E46044622
:10F6D000FFF756FF3246054621466846FFF766FFAC
:10F6E000C0F101022A4369462046FFF776FF08B0C1
:10F6F00070BD2DE9F04F8BB00E46074691460021B4
:10F70000242201A8D3F840A0984600F0A0FEA6F15C
:10F71000040B1C36D9F800305BF8041F019D4A46E3
:10F7200001A803FB0155FFF778FF0AFB05F5044626
:10F730004246294601A8FFF770FF01AA04440823A6
:10F74000516842F8041B013BFAD15E450994E1D1AE
:10F75000424601A93846FFF729FFC0F101022243C2
:10F76000C2F101023846FFF738FF0BB0BDE8F08F59
:10F770000B4601F120020146FFF7BBBF30B589B04F
:10F7800004460D4668460121FFF7F4FE2B466A4603
:10F7900021462046FFF7ADFF09B030BD38B504461D
:10F7A0001546FFF7E7FE29462046BDE83840FFF73B
:10F7B000DFBF2DE9F04389B01446064601226846B2
:10F7C000FFF70BFF224601213046FFF7E7FF2568D0
:10F7D0002746023D04F11C094FF02008EB0705D530
:10F7E00023466A4631463046FFF783FF23466A4682
:10F7F00069466846FFF77DFFB8F101084FEA5505F5
:10F80000ECD14F4502D057F8045FE5E709B0BDE8F9
:10F81000F08330B589B00446154668460122FFF7EB
:10F82000DCFE29466846FFF7A9FF69462046FFF738
:10F8300039FF09B030BDF0B599B004460D46164603
:10F84000114668461F46F6F763F93246694608A82E
:10F85000F6F75EF93A4669466846F6F759F908A997
:10F860001E9A0846F6F754F9224669466846F6F7A6
:10F8700097F908A92A460846F6F792F96A463146EA
:10F880003046F6F745F96A46694610A8F6F740F99A
:10F890006A4610A96846F6F73BF910A922460846C1
:10F8A000F6F736F908AA11462046F6F731F910AAFC
:10F8B00021462046F6F774F910AA21462046F6F7AD
:10F8C0006FF96A4621462046F6F76AF910A92246E2
:10F8D0000846F6F765F910A908AA0846F6F718F9D8
:10F8E0002A4669466846F6F713F96A4610A928467B
:10F8F000F6F756F919B0F0BD08B5FFF76FFC003800
:10F9000018BF0120404208BD00B591B0024608A9C9
:10F910006846F6F759F9002818BF6FF0010011B0DA
:10F920005DF804FB10B588B001466846F6F718F993
:10F93000202104466846F5F795FC002C0CBF2046B4
:10F940006FF0020008B010BD70B504786FF3410489
:10F95000047004F0010504888D42C4F38D0609D1BA
:10F96000B24203DD6FF38F04048070BDB61A66F3F4
:10F970008F04F9E7D3E9001314F0010F18BF1946FB
:10F980008E4208D21644B6F5804FF0D343F6FF738B
:10F9900063F38F04E8E785F0010444F00204E3E731
:10F9A000008820F0020080B2003818BF01207047A4
:10F9B000007800F0010070470078C0F34000704705
:10F9C00008B1DCF71BB87047704740B1C36858787E
:10F9D00010F001001EBF1878B0FA80F0400970479F
:10F9E000EFF31183202383F31288BFF36F8FFEE7B9
:10F9F00008B5FFF7F5FF10B5D0E9003433B90020A2
:10FA0000E268537843F00103537010BD20469847D5
:10FA10000028F4D00028B8BF4042E368FF28A8BF00
:10FA2000FF201870ECE700F012BD00F0E8BC704752
:10FA300010B400F10C04C0E903445DF8044BF9F77D
:10FA4000D3BE2DE9F04F89B0DDE9126705463B468C
:10FA5000914606A83246059100F007FCDDE9063420
:10FA600005F1140ACDE90234EFF311844FF02008B8
:10FA700088F31288BFF36F8F05F10C0B05994A4686
:10FA80002846F9F749FE30B184F31188BFF36F8F30
:10FA900009B0BDE8F08F3E43F6D0DDE9022306A8A9
:10FAA00000F007FCDDE906675A46CDE9006721460C
:10FAB0005046F7F70DFAEFF3118488F31288BFF37D
:10FAC0006F8FDBE738B50446EFF31185202383F30E
:10FAD0001288BFF36F8FF9F7E7FD04F10C0000F017
:10FAE00035FB30B1294604F11400BDE83840F7F782
:10FAF0006BBA85F31188BFF36F8F38BD4169836896
:10FB000043EA010212F003020FD1C2600269013A16
:10FB100001FB023382689A4201D900207047C26813
:10FB20001A604269C3609B1AF4E76FF015007047D2
:10FB30002DE9F04105460F46EFF31188202383F3AA
:10FB40001288BFF36F8FC668F6B90468A0421BD055
:10FB5000D4B1D4E9003213605A60637BA66023F00D
:10FB600002036373C4E9006604F1180000F056FB59
:10FB70002046E667676100F08AFA414605F1080011
:10FB8000BDE8F041F7F720BA3E60AB69EF60013B9A
:10FB9000AB6188F31188BFF36F8FBDE8F08108B5C2
:10FBA0002024EFF3118384F31288BFF36F8FFAF7E9
:10FBB000E8FDF6E7D0E9003213605A60427B00238B
:10FBC00022F00202C0E9003342738360704790F96B
:10FBD0000E308B4201D0F7F7A7B9002070470346DB
:10FBE0000020C3E90200C3E900337047D0E90032C6
:10FBF00013605A60427B002322F00202C0E9003306
:10FC00004273836070472DE9F843914604469DF89E
:10FC100020200D4600F10807EFF31186202181F323
:10FC20001288BFF36F8F02B14568D4F8088047454A
:10FC300018D0B8F1000F15D04046FFF7D7FF08F1F4
:10FC4000180000F0EBFA0023C8F87C30C8F81490D4
:10FC5000404600F01CFA38463146F7F7B5F9002067
:10FC6000BDE8F883ABB108210020F7F729FE002892
:10FC700038D00122C0F804900260016801F003014D
:10FC80005DB922680A430260626820606AB96060F8
:10FC90000BE0C9F800304846EFE72A68032A16D877
:10FCA0000160616869B9C4E90000042104F1100031
:10FCB00000F07FFB0028CED186F31188BFF36F8F51
:10FCC000CEE70A6802F0030202430A60DFE722F08F
:10FCD00003020A4302602A6802F0030240EA0203B8
:10FCE0002B60E2E76FF00B00E6E710B5044630B199
:10FCF0000268930703D0446809B100F079FB2046FD
:10FD000010BD0023C0E9003300F10803C0E902334D
:10FD100000F11003C0E904337047F8B500F108069C
:10FD2000EFF31187202383F31288BFF36F8F856869
:10FD3000AE4200F1100417D0B5B12846FFF756FFC8
:10FD400005F1180000F06AFA00232846EB676B61A2
:10FD500000F09DF90821204600F02BFB3946304683
:10FD6000BDE8F840F7F730B90821204600F021FB44
:10FD70000028F3D187F31188BFF36F8FF8BD07B563
:10FD80000123009300230A461946FFF73CFF03B006
:10FD90005DF804FB07B500230A4600931946FFF7F8
:10FDA00032FF03B05DF804FB00680021FFF79DBF40
:10FDB0005AB18A4209D300F11003C0E90212C0E926
:10FDC0000000C0E90433002070476FF01500704751
:10FDD000026801238B4022EA0303036022FA01F048
:10FDE00000F001007047704710B5032104460C3045
:10FDF000FFF7EEFF30B104F1100000F00FFAB0FA97
:10FE000080F0400910BD20B100221146D03000F032
:10FE1000CAB9704770B5C368C3F340069B07044670
:10FE200016D4856802210C30FFF7D2FF80B1D5F8D7
:10FE3000C8206AB194421DD122689EB9D5F8CC3051
:10FE4000C5F8C8209C4201D1C5F8CC20002323600E
:10FE5000E36813F01F001EBF43F00203E36040F0AD
:10FE6000020070BD3260D5F8CC20944208BFC5F8BE
:10FE7000CC60EBE716461268DBE773B50446EFF398
:10FE80001185202383F31288BFF36F8F0023A0F125
:10FE90001006032104380193FFF79AFF28B1A369E4
:10FEA000019301A93046F6F759FD85F31188BFF398
:10FEB0006F8F02B070BD38B504460D461022002188
:10FEC00000F0C5FA656038BD13B501900846EFF340
:10FED0001184202383F31288BFF36F8F01A9F6F7F3
:10FEE0003DFD84F31188BFF36F8F02B010BD10B5D4
:10FEF000FFF7EAFF041E08DDEFF31180202383F3F0
:10FF00001288BFF36F8FF7F771F8204610BD70B5F8
:10FF10000D46EFF31186202383F31288BFF36F8F12
:10FF2000F6F776FD044686F31188BFF36F8F38B17C
:10FF30004FF0FF324FF0FF3305F11000F6F7CAFB28
:10FF4000204670BD08B5E822002100F080FA08BD07
:10FF500038B5302204460D46002100F078FA4FF4FF
:10FF600080736560E36038BD38B50446EFF31185F2
:10FF7000202383F31288BFF36F8FFFF735FF2046EE
:10FF8000FFF748FF85F31188BFF36F8F38BDF8B5D1
:10FF900004460D46EFF31186202383F31288BFF346
:10FFA0006F8FC36803F01F03002B14BF01270027C6
:10FFB00005D186F31188BFF36F8F3846F8BDFFF780
:10FFC00013FF2046FFF726FF29462046F6F7A8FC38
:10FFD00086F31188BFF36F8F0028EED04FF0FF3209
:10FFE0004FF0FF3305F10800F6F774FBE5E7D0E9C1
:10FFF000003213605A60427B002322F00202C0E903
:020000025000AC
:100000000033427383607047EFF30580003818BFF8
:10001000012070476FF057007047D0E9003213603D
:100020005A600023C0E90033704708B5FFF7F5FFB9
:10003000437B23F0020343730023836008BD38B57C
:1000400004460D46F6F7D2FE637B43F0020363736A
:10005000E5B1A5602B689D4209D16B68C4E90053E6
:100060001C606C6012E06A689A42F6D01B68002B34
:10007000F3D094F90E2093F90E108A42F3D09142F6
:10008000F1DD5A68C4E9003214605C6038BD10B517
:10009000EFF31184202383F31288BFF36F8FF6F7F9
:1000A00063FE84F31188BFF36F8F10BD08B5EFF3C3
:1000B0001181202282F31288BFF36F8F83680BB106
:1000C000FFF7B3FF81F31188BFF36F8F08BD10B541
:1000D0000146EFF31184202383F31288BFF36F8F5F
:1000E000437B13F0280F0AD183680BB1FFF79DFF04
:1000F0004B7B23F004034B730846F6F735FE84F37D
:100100001188BFF36F8F10BD01211838FFF7DFBFD3
:1001100008B50346EFF31181202282F31288BFF362
:100120006F8F0068834207D008B1FFF77EFF81F32D
:100130001188BFF36F8F08BD0020F8E710B5FFF7F7
:10014000B5FFBDE81040183000F068B838B5046855
:100150000546AC424FF0000000D138BD002CFCD069
:100160002046FFF7EBFF2046FFF791FF2C680120A8
:10017000A542F1E738B50C460546F6F7DFFFB4F1C6
:10018000FF3F08BFB5F1FF3F1FBF47F6FF730022D7
:100190004FF47A71C0FB01321ABFD80B40EA4240DB
:1001A0004FF0FF3038BD38B5EFF31185202383F3CE
:1001B0001288BFF36F8F0468A04212D09CB1E16730
:1001C00062612046FFF731FF04F1180000F026F8C5
:1001D0002046F6F7C9FD012085F31188BFF36F8F24
:1001E00038BD0020F8E72046F6E710B5F7F782F9AA
:1001F0000446F7F787F974B1D4E904321B1A62EBAD
:10020000E072B3F1004F72F1000104DA002AACBFD2
:100210001846002010BD6FF00040FBE738B50246DD
:10022000EFF31185202383F31288BFF36F8F0368E8
:1002300093B1F7F75FF904461046F7F76DF984427A
:1002400004D1FFF7D2FF0021F3F76AF8002085F30D
:100250001188BFF36F8F38BD6FF01500F7E708B551
:10026000F7F744FA08BDF7F741BAB3F1FF3F08BF0B
:10027000B2F1FF3F70B504461D46164613D01A432F
:1002800015D06FF00102921B4FF0FF3363EB0501B5
:10029000002904DAF7F72AFA821941EB0501C4E9CB
:1002A0000021204670BD4FF0FF321146F7E70022D3
:1002B000FBE7B3F1FF3F08BFB2F1FF3FF8B50746D8
:1002C00016461C4610D054EA020311D0F7F70EFA76
:1002D000B0420A46A14103460AD2F31A64EB020473
:1002E000C7E900343846F8BD4FF0FF331C46F7E746
:1002F0000023FBE710B50446FFF790FFA8B9636A37
:100300000BB12046984704F11800FFF701FF60B1D8
:10031000FFF7BDFEEFF31180202383F31288BFF3B4
:100320006F8FBDE81040F6F761BE10BD2DE9F041BA
:10033000846805460E46D4B16378012B22D114F8A7
:10034000533C9A0711D5A4F160073846FFF7F6FE33
:10035000082E0CBF6FF003030023E36114F8533C35
:10036000DB0602D13846FFF792FE00232370EB68CC
:10037000C3F386321643002066F39433A860EB6023
:10038000BDE8F081022BF0D12378002BEDD054F89A
:10039000048CB8F1000FE8D004F11400FFF73EFF21
:1003A000A4F114070023E36239464046FFF78CFDB1
:1003B000DBE738B5EFF31185202383F31288BFF311
:1003C0006F8F0468A04211D0D4E9003213605A60E4
:1003D0000023C4E900332046FFF7A8FF85F3118806
:1003E000BFF36F8F201E18BF012038BD0024F5E732
:1003F00020B1011F50F8040CFFF764BB70470A449A
:10040000914200F1FF3300D1704710B511F8014B54
:1004100003F8014F9142F9D110BD884210B501EBAC
:10042000020402D98442234607D8431EA14208D0C1
:1004300011F8012B03F8012FF8E7024401468A4224
:1004400000D110BD13F8014D02F8014DF7E7024449
:100450000346934200D1704703F8011BF9E7022BD2
:1004600010B509D0920803680C6840F8044B013AB3
:1004700041F8043BF7D110BD02440C78037800F832
:10048000014B904201F8013BF7D1F4E7F8B50F4674
:10049000164604461D4698470028314638460CDA71
:1004A000A847002802DA3C462046F8BD31462046DF
:1004B000A8470028F8DA3446F6E7A8470028F2DC17
:1004C00031462046A8470028F5DAEDE72DE9F04F40
:1004D00095B00646009340EA02039B07144618D1E4
:1004E000B2F1040818BF4FF001080023019304FB88
:1004F00001F7F319062906EB040B029328D8029B97
:100500009B4510D3019B002B40F0178115B0BDE82F
:10051000F08F4FF00208E8E7434622463946284666
:10052000FFF79DFF0FE05D460EE02F1B009B294665
:1005300038469847002809DDB8F1000FECD12B6848
:100540003A682A603B603D46AE42EED3A344D6E70C
:100550004FEA51093F1B072904FB0969374421D0A1
:10056000282944D9CD086543009B06EB4502711943
:100570003046FFF78BFF494609EB0502009B824698
:10058000481BFFF783FF3A46009B8146791BA7EB88
:100590004500FFF77BFF02464946009B5046FFF7A8
:1005A00075FF8146B8F1000F24D13368D9F80020D7
:1005B0003260C9F80030D946BA465D460023B945D5
:1005C00057D803933146009B484698470028039B21
:1005D0002CDC0AD1B8F1000F13D12B68D9F8002018
:1005E0002A60C9F8003025440123A144E7E73A46D0
:1005F000B246D1E74346224649463046FFF72FFF31
:10060000D9E74346224649462846FFF728FFEAE74E
:100610000BD1B8F1000F1ED13B68DAF800203A6028
:10062000CAF80030AAEB040A01233F1BB94520D8C1
:1006300003933146009B384698470028039BE7DA2E
:10064000B8F1000F0ED1D9F800303A68C9F800208F
:100650003B603F1BC8E74346224651463846FFF7FA
:10066000FEFEDFE74346224639464846FFF7F7FEDF
:10067000EFE7FBB9029B9B45BFF444AF5D4615E035
:100680004346224639462846FFF7E9FE0DE02F1B78
:10069000009B294638469847002809DDB8F1000F2D
:1006A000EED12B683A682A603B603D46AE42EED3FD
:1006B000A344DFE7A9EB050BAA1B5A45A8BF5A467E
:1006C0002AB14346A9EB02013046FFF7C8FE029B60
:1006D000A3EB0A02AAEB0705121BAA4228BF2A466F
:1006E0002AB102994346891A4846FFF7B8FE029B91
:1006F0005D455F46A3EB050004D933462F46064609
:100700005D461846A54221D9B5FBF4F1019B072BA4
:100710000DD8B7FBF4F714AA02EBC30343F8406CFF
:1007200043F83C7C019B013301930646DFE6009BC6
:100730002246FFF7CBFEA7420BD8019B14AA013B30
:10074000019302EBC30353E91001EEE7A7427FF6E2
:10075000D9AEB7FBF4F13046E7E710B501390244F2
:10076000904201D1002005E0037811F8014FA34227
:1007700001D0181B10BD0130F2E710B56AB1013984
:10078000841810F8012B11F8013F9A4203D1A042BE
:1007900001D0002AF5D1D01A10BD1046FCE710B5E3
:1007A000024601448A42134603D01C780132002CD1
:1007B000F8D1181A10BD2DE9F047C3F137090746E3
:1007C00088465FFA89F903F01F0516464FF0000AC4
:1007D000384641462A465346D5F792FCD4B2092CF6
:1007E00088BF4C443A46434688BFE4B2AA4204F16B
:1007F000300473EB0A0306F8014B07468846E7D23C
:100800003046BDE8F0872DE9F04F89B006189946CB
:1008100004AB41EB0104009315463046D2E90023B6
:100820002146DDF84CB000F0ABF806AB0093D5E9FB
:100830000223074688463046214600F0A1F8DDE94C
:100840000463841951EB0306069BD5E900014FF0C0
:10085000000228BF0122D218079B43F10003381879
:1008600048EB0101B84271EB0801E9680391A968FE
:1008700034BF0120002014EB010C039946EB010169
:1008800010EB0C0041F10001A04271EB060C34BFEB
:100890004FF0010C4FF0000CCDE90623A9F1410AFD
:1008A0001CEB020243F10003CDF800A000F083F836
:1008B000129BC3E90001149B012BDDE9062329D11A
:1008C000D5E90201D5E900C5201A66EB01016745AB
:1008D00078EB050534BF01250025401B61F10001BF
:1008E000844276EB010534BF01250025521BCDF86B
:1008F00000A063F1000300F05EF8DDE90623CBE918
:100900000001CDF800A02046314600F054F809B0AF
:10091000BDE8F08F17EB070E48EB080C201946EBEB
:100920000601BE457CEB080834BF01270027C71924
:1009300041F10008D5E9000186457CEB010CD5E9C1
:10094000021534BF01200020381A68F1000C401A4B
:100950006CEB050192185B41A74278EB060534BFAA
:1009600001250025521943F10003874278EB010865
:1009700034BF01250025521BA9F140050095B8E7B9
:10098000F0B50F460446A0FB0201A7FB025249192D
:10099000A3FB044542F10002A7FB0373611845F174
:1009A0000004D219059E43F10003121943F100031C
:1009B000C6E90023F0BDF0B5059CC4F14007C4F1C1
:1009C000200602FA06F6A4F12005BB4022FA05F53E
:1009D0003343C4F120062B4301FA06F6A4F12005A7
:1009E000E04021FA05F53043BA402843E140104386
:1009F0001943F0BD2DE9F04F55EC104BA446C5F35B
:100A00000A54034644EA0C0708462946C5F3130571
:100A1000302657EA05085E71E146AE4673D10024E0
:100A2000A1421C716DDA01211971A0424FF000043E
:100A30001ADA204603F112060D25C2F157024FF0D3
:100A4000300C07F00F013F0947EA0E774FEA2E1EE0
:100A5000002940F08680A84201DB86F800C0013DF5
:100A600006F1FF36EDD175E00C2867DCC0F10D0111
:100A70008900012601F1FF3EA1F12108C1F1210702
:100A800026FA07F706FA08F806FA0EF648EA070803
:100A900016EB060A48EB080BDAF100076BEB4B0E7E
:100AA0001AF1FF3A4BF1FF3B0AEA0C0A0BEA050B7D
:100AB000564578EB0B0B10DBC1F1200BB1F1200A8E
:100AC00005FA0BFB2CFA01F141EA0B015CBF45FA78
:100AD0000AFA41EA0A01C90724D51CEB060C45EBCA
:100AE0000805B5F5801FE1461CDB5979B4F5806F28
:100AF00001F10101597127D007EA0C070EEA050E32
:100B000098E7002892E75CB13126C90F0028A4F2CB
:100B1000FF345E7119710FDB0C28A7DD0D2005E095
:100B20000124F2E707EA09090EEA0505B4F5806F2A
:100B300006D04F46AE467DE70020F7E70D2079E767
:100B400059EA05051A7908D01A7942F008021A7193
:100B50004FF480641C60BDE8F08F42F004021A710B
:100B6000F8E70929D4BF30318918A8423170B8BFDD
:100B7000284674E7D1E9043293421EBF5A1C0A6129
:100B80001870704701480068704700002C2F002043
:080B9000A455FD7F01000000E7
:100B9800E5B90200000000001D210400C80C050092
:100BA80049620400000000006D62040000000000BB
:100BB8006D2A0400F80C05006D2A0400E00C0500FD
:100BC80077DF0400280D0500C5250400100D050079
:100BD800BD3104000000000011BA0200000000004E
:100BE8005DB702000000000000000000400D050095
:100BF80000000000700D050000000000A00D0500B9
:100C080000000000580D050000000000880D0500D8
:100C180019950200000000006BA90400B80D05003A
:100C280009E8040000000000A167040000000000BB
:100C3800C1260400E80D050000000000D00D0500E5
:100C480001BF020000000000750804000000000059
:100C5800B12C0400000E050099E40400180E0500EC
:100C68001D2F0400300E05000B940400480E0500EB
:100C7800398C020000000000E5900200000000002E
:100C8800DD7F020000000000F58202000000000085
:100C9800FD8802000000000015910400000000001B
:100CA8005993020000000000BFA4040000000000E7
:100CB8007994020000000000D193020000000000B7
:100CC800EC42050014300500701005008008002073
:100CD8004860002000000000344305002C30050067
:100CE800081005008808002010610020000000009E
:100CF8004243050044300500081005008A0800201A
:100D08001C61002000000000FB42050000000000FC
:100D1800E80F0500820800209C6000200000000009
:100D28000B43050000000000E00F050084080020C8
:100D38000000000000000000C73C05001C1505006D
:100D480024150500700800200000000000000000C5
:100D5800D03C050020150500241505007208002068
:100D68000000000000000000E33C05000000000057
:100D78003C15050074080020000000000000000079
:100D8800EC3C050000000000541505007608002022
:100D98000000000000000000F63C0500063D0500CC
:100DA8006C15050078080020000000000000000015
:100DB800363F0500540C0020801905007C080020EF
:100DC8003C2F002000000000E81F05000000000084
:100DD800641005007E080020BC44002000000000CC
:100DE8001A43050000000000F00F050086080020E7
:100DF8000000000000000000504305005C300500C2
:100E0800803005008C080020980100202C07002065
:100E1800574305008C3005002C1005008E08002073
:100E280000000000000000005C4305000000000016
:100E3800481005009008002078610020000000009C
:100E48002B3F0500D0170500000000007A0800209D
:080E5800610800209003002056
:100E600097E6040027E50400000000006DA70400D9
:100E7000000000006DA70400000000006DA7040042
:100E8000000000006DA70400000000006DA7040032
:100E9000813E040027E50400000000006DA7040067
:100EA000000000006DA70400000000006DA7040012
:100EB000000000006DA704000000000021D903001D
:100EC000300E05008D2E04009C60002035260400A5
:100ED0000000000035070400000000006DA70400BA
:100EE000000000006DA70400000000004D32040067
:100EF000000000006DA70400000000006DA70400C2
:100F0000000000006DA70400000000006DA70400B1
:100F1000000000006DA70400000000006DA70400A1
:100F20000000000051D90300000000006DA704007C
:100F3000000000006DA70400000000006DA7040081
:100F4000000000006DA70400000000006DA7040071
:100F5000000000006DA70400000000006DA7040061
:100F6000000000006DA70400000000006DA7040051
:100F7000000000006DA70400000000006DA7040041
:100F8000000000006DA70400000000006DA7040031
:100F9000000000006DA70400E117040027E504002D
:100FA000000000006DA70400000000006DA7040011
:100FB000000000006DA70400000000006DA7040001
:100FC000000000006DA70400000000006DA70400F1
:100FD000000000006DA70400000000006DA70400E1
:100FE0007BDF0400000000006D250400C524040020
:100FF0007DE00400F1280400D5270400B926040090
:0810000049E00400A9260400E8
:10100800012B0400A5E00400B3E00400CBE00400D9
:10101800D7E00400E3E004006D290400FDE00400CB
:0410280000000000C4
:10102C008DE4040093E404000000000000000000C4
:0C103C0047E40400000000000000000079
:10104800000000000000000000000000A52E0400C1
:0C105800612E04000000000000000000F9
:0C106400354C0300B54A0300CD4D0300DD
:1010700075210400E1DE040043DF040000000000ED
:0C1080007DDE0400000000000000000005
:10108C0005000000F1E8020000000000060000006E
:10109C00110B0300000000000400000095ED02009D
:0410AC000000000040
:1010B000241B050008000000C41B050007000000F9
:1010C000E41805000500000058180500070000009E
:0810D000581605001200000093
:1010D8008C4005000000000000000000C1BB0200B9
:1010E80055BE0200000000006B4205000100000030
:1010F80000000000B1C9040000000000000000006A
:101108007A42050001000000000000004FCE0400F4
:10111800000000000000000072420500010000000D
:1011280000000000F1F802000503030000000000C1
:10113800BF4205000100000000000000BDDB040004
:10114800B5190300000000008042050001000000FE
:1011580000000000DDFB020001FD020000000000AD
:10116800483D0500000000000000000075880200EE
:101178006F900400000000001F3C05000000000004
:1011880000000000A582020000000000000000002E
:1011A000000000000B000400A0000000F0000000A0
:1011B0000000000000010602010000000001020121
:1011C000040404042B4605000001000006000C0086
:1011D0001E00900101030062746C650000000000B5
:1011E00000000000000000000000000000000000FF
:1011F00000000000000000000000000000000000EF
:1012000000000000000000000001000000000000DD
:101210000338FDD870470000010000000000000006
:1012200005000000000000001900000000000000A0
:101230007D000000000000007102000000000000BE
:10124000350C000000000000093D00000000000017
:101250002D31010000000000E1F505000000000054
:1012600065CD1D0000000000F9029500000000009F
:10127000DD0EE90200000000514A8D0E0000000062
:101280009573C24800000000E941CC6B01000000EA
:101290008D49FD1A07000000C16FF286230000008F
:1012A000C52EBCA2B1000000D9E9AC2D7803000026
:1012B0003D9160E45811000031D6E275BC56000043
:1012C000F52E6E4DAEB10100C9EA2683677808009D
:1012D000ED95C28F055A2A00A1EDCCCE1BC2D300DA
:1012E00025A4000A8BCA22040000000000000000B0
:1012F00000000000000000100000000000000000DE
:10130000B9340332B7F4AD1410DB1AB30892540E9B
:101310000D307D951447BA1A66088F4D26ADC66DFF
:10132000F598BF85E2B74511CA96853D92BD1DEB84
:10133000FCA11860DCEF52163C92AE220BB8C1B48F
:10134000839D2D5B0562DA1C304C7E8F4E8BB25B29
:1013500016F4529F8B56A512FBD4827643ED8AF089
:101360008FE7F9311565191850F19BD94A13EEB47E
:10137000284CF0A686C1251F035FC270CB9E49167C
:10138000E642889C44EB2014B0650836AD6EA58516
:1013900085F0CA14E2FD031A0B899979D5B13D098C
:1013A000D8DA973A35EBCF10AC363F5E73BB38CF07
:1013B0003E6752FA44AFBA15010000000000000079
:1013C0000000000000000020345065C05FC9A65234
:1013D000BB13CBAEC440C21806C8DF7100D5A87CD1
:1013E000F56F0FDA58FC27136E4756357D242065BC
:1013F00002C7E768E48CA41DE9E60268D7CD39612D
:101400007977FCC2405BEF16798CDE43FFA751F978
:1014100091F3B278F5BDBE11E857E9D6E8BEE87B96
:10142000B054AC8F848D751BEA23A499E9F9D38B52
:10143000B7A3714061DA3E15CEE33ECB73F948089D
:101440008C97B427D51B7010A2BFEFB9EB8532156E
:101450004DB44DB49BBB6F1996B6076CF8E7EEAD73
:1014600036D9B4F59135AE13222218AF4E6A684DC5
:1014700091DAAA3D4F40741E9FBD9EE006A1C09820
:1014800057C2A7FDA40E90170E7D497173E3208FFC
:10149000B220D87605143B12853D7434811343B0D5
:1014A000AD297A5F27F4351C9D800200B814050031
:1014B0000F00000005030000010000000200000012
:1014C000030000000400000005000000060000000A
:1014D0000700000008000000090000000A000000EA
:1014E0000B0000000C0000000D00000000000000D8
:1014F0000E000000303C0500AC140500000E050095
:10150000FC3A0500000000003F3C0500653C05007A
:10151000803C05009B3C0500AC3C050057000000EA
:101520000000000001000000000000001B8E04000D
:1015300000000000000000000000000002000000A9
:1015400011850200B98402005D8E040000000000D5
:10155000000000000000000000000000778F040081
:10156000638F040000000000000000000000000085
:1015700000000000AD8F04008B8F0400000000000D
:101580000000000079900400523D050083900400A3
:1015900077910400EC3C0500040007000000000007
:1015A000EC3C05000500070000000000EC3C0500D5
:1015B0000600070000000000EC3C05001E000700CC
:1015C00000000000EC3C05001F00070000000000C8
:1015D000EC3C05002000070000000000EC3C05008A
:1015E0002100070000000000EC3C0500220007007D
:1015F00000000000EC3C0500230007000000000094
:10160000EC3C05002400070000000000EC3C050055
:101610002500070000000000EC3C05002600070044
:1016200000000000EC3C050027000700000000005F
:10163000EC3C05005300070000000000673D05007A
:101640007F3D05009B3D0500C3910400B53D0500AD
:10165000503E0500000000005C3B050049CB040043
:1016600000000000583B050000000100543B05004D
:101670006FCF04000000000078030020000001008C
:101680004C3B050005930400000000005D080020AD
:1016900000000100483B05006FCF0400000000007F
:1016A0007003002000000100403B0500C9900200CB
:1016B0000000000000000000000004003C3B0500AA
:1016C0006FCF04000000000068030020000001004C
:1016D000343B05001D9304000000000000000000E2
:1016E00000000400303B05001BCB04000DFE02008F
:1016F0002803002000000C002C3B0500ED920400A4
:10170000000000005B08002000000400283B0500EA
:101710006FCF040000000000200300200000010043
:10172000203B0500BF920400000000000000000004
:10173000000004001C3B05001BCB04000DFE020052
:10174000E002002000000C00183B0500ED920400B0
:10175000000000005708002000000400143B0500B2
:101760006FCF040000000000D8020020000001003C
:101770000C3B050000000000779204000000000010
:1017800000000C00083B0500ED9204000000000082
:101790005908002000000400043B05006FCF04003E
:1017A00000000000D002002000000100FC3A05000B
:1017B0000000000051920400DB69002000000200DC
:1017C000C93E0500EE3E050029930200103F0500CA
:1017D00001000000D817050001000000E81705000F
:1017E0000164000000000000180E05000100000068
:1017F000A59302001D9404005B9404000000000007
:10180000000000000D950200000000009D3F050053
:1018100000000000040000000000000000000000C4
:1018200000600200E80D05000100000000600200F9
:1018300000600C00E80D05000200000000C00E0072
:1018400000800000E80D05000300000000400F00CC
:1018500000C00000E80D0500883B050049CB0400EE
:1018600000000000843B050000000100803B0500F3
:101870006FCF040000000000D8030020000001002A
:10188000783B050089A404000000000061460500C3
:1018900000000100743B05006FCF04000000000051
:1018A000D0030020000001006C3B050089A4040067
:1018B000000000000740050000000100683B050033
:1018C0006FCF040000000000C803002000000100EA
:1018D000603B0500C9A90200000000006708002065
:1018E00000000100A43B050049CB040000000000FB
:1018F000A03B0500000001009C3B05006FCF0400E9
:10190000000000002004002000000100943B0500BE
:10191000E5A9020000000000000000000000010036
:10192000903B05001BCB04000DFE0200E0030020ED
:10193000000003008C3B0500DDCF04000000000028
:10194000A83B05000000010000000020000000008E
:1019500000000B06020000005C19050000000000FA
:101960001340050026000202000000201B40050075
:1019700022000B118DB8020000000000DBA704005C
:101980000000000074190500901905004A000000CD
:10199000CCA1002074190500A01905002E0000003C
:1019A0006CA8002074190500B019050002010000A0
:1019B0004CA900200E03000081CB02000F040000A0
:1019C000BDCB02001A01000011AC040005040000A8
:1019D000D5C0020013010000C3AD0400FF010000E8
:1019E00059C102003E01000079C102000504000057
:1019F0008FAC040008040000BFAF040030030000F7
:101A00005FAF040010010000E9AC04000112000007
:101A100001CB02000A1E000025B2040003090000E9
:101A20005DAE0400040B0000F1AC0400060A0000E7
:101A300013B10400070A0000D1AC04000C0500003B
:101A4000B7AC0400050C000051B004007419050087
:101A5000581A0500470000006CAA00207419050000
:101A6000681A05000000000098AB002074190500FA
:101A7000781A05004A00000060AC002015BC040084
:101A800017BC04000000000000000000000000007F
:101A90004DBE040000000000000000000000000037
:101AA00000000000020201006FC7040004040100EE
:101AB000B5F6020006060100F5F502000804010073
:101AC000E1F402000A02010057C704000C040100FF
:101AD0003FC704000E040100B5F30200200401001A
:101AE00019F302001004010029F2020012020100A1
:101AF0007FC604001604010031BF04001801010074
:101B0000B1C304001E000400C3C704005202000059
:101B1000A5C6040074190500201B05004C00000038
:101B2000B8AD0020DC3B050049CB040000000000FC
:101B3000D83B050000000100D43B05006FCF040036
:101B4000000000004005002000000100CC3B050023
:101B50000000000000000000000000000000000085
:101B6000C83B05001BCB04000DFE02004805002009
:101B700000000300C43B05006FCF0400000000001C
:101B80003805002000000100BC3B050081CB0400AB
:101B900083CD04000000000000000300B83B0500F6
:101BA0006FCF04000000000030050020000001009D
:101BB000B03B05001102030000000000000000001F
:101BC00000000100083C050049CB040000000000B3
:101BD000043C050000000100003C05006FCF04003C
:101BE000000000009805002000000100F83B0500FF
:101BF000B1CB0400C3C9040070010020000009003B
:101C0000F43B05006FCF04000000000090050020A9
:101C100000000100EC3B0500DBCB040000000000ED
:101C20000000000000000100E83B05006FCF040049
:101C3000000000008805002000000100E03B0500D6
:101C400069FC02000000000000000000000001002C
:101C5000C9120300EBD90400BD1703000000000007
:101C60000000000025160300000000000000000036
:101C70000000000000000000000000000000000064
:101C80009110030006000000F5D6040006000000D5
:101C900095D6040010000000610C03001000000045
:101CA000A1D904000100000043D30400100000008B
:101CB000F1D604000A00000021D404001000000046
:101CC000A916030007000000F9D604001000000068
:101CD000C7D3040001000000810F03004000000092
:101CE00039D604001000000015D4040001000000E3
:101CF000574553545F544F504449522F7A6570688A
:101D000079722F7375627379732F626C7565746F56
:101D10006F74682F636F6E74726F6C6C65722F7462
:101D200069636B65722F7469636B65722E63000063
:101D30007469636B65725F726573636865642D3E79
:101D40007469636B735F746F5F6578706972652027
:101D50003D3D203055000000415353455254494FFA
:101D60004E204641494C205B25735D204020257361
:101D70003A25640A0000000028287469636B6572C4
:101D80005F72657363686564292D3E6578745F646E
:101D90006174612026262028287469636B65725F50
:101DA00072657363686564292D3E6578745F64614C
:101DB00074612D3E7469636B735F736C6F745F77CE
:101DC000696E646F7720213D20305529290000007D
:101DD000574553545F544F504449522F7A657068A9
:101DE00079722F7375627379732F626C7565746F76
:101DF0006F74682F636F6E74726F6C6C65722F6C8A
:101E00006C5F73772F756C6C2E63000021657272A6
:101E10000000000072780000756C6C5F7265665F90
:101E200067657428756C6C5F686472290000000037
:101E30003000000072656C65617365203D3D206473
:101E40006F6E65002172657476616C0064656C74F8
:101E500061203C3D2030207C7C206D656D5F6C698D
:101E60006E6B5F72782E71756F74615F7064752030
:101E70003C20282833202B2030202B203129202BD8
:101E8000202832202A20283529292900636F6E6EE8
:101E90005F6C6C6C0000000021636F6E6E5F6C6C99
:101EA0006C2D3E6C696E6B5F74785F667265650061
:101EB0006D656D715F6C696E6B00000072782D3E10
:101EC0006864722E7479706520213D204E4F444520
:101ED0005F52585F545950455F4E4F4E45000000C9
:101EE0002163632D3E7374617475730072785F664D
:101EF0007265652D3E6864722E7479706520213D8F
:101F0000204E4F44455F52585F545950455F4E4FE5
:101F10004E45000021636F6E6E2D3E6C6C6C2E6C16
:101F2000696E6B5F74785F667265650021726574B7
:101F3000000000006C6F6F700000000057455354A4
:101F40005F544F504449522F7A65706879722F73ED
:101F500075627379732F626C7565746F6F74682F17
:101F6000636F6E74726F6C6C65722F6C6C5F7377DD
:101F70002F6C6C6C5F636F6D6D6F6E2E6300000075
:101F800021657272207C7C20657272203D3D202D7F
:101F900031313900574553545F544F504449522F03
:101FA0007A65706879722F7375627379732F626CBA
:101FB0007565746F6F74682F636F6E74726F6C6C7D
:101FC00065722F6863692F6863695F6472697665FB
:101FD000722E630042542052582070726900000033
:101FE000425420525800000062745F6863695F6366
:101FF0006F6E74726F6C6C65720000005A65706869
:102000007972204F532076342E312E30000000009C
:10201000574553545F544F504449522F7A65706866
:1020200079722F7375627379732F626C7565746F33
:102030006F74682F636F6E74726F6C6C65722F684B
:1020400063692F6863692E63000000002828282830
:1020500075696E747074725F74296E6F646529207F
:1020600025205F5F616C69676E6F66287374727597
:102070006374206E6F64655F72785F6363292920E3
:102080003D3D2030290000002828282875696E74FD
:102090007074725F74296E6F6465292025205F5FFC
:1020A000616C69676E6F6628737472756374206EF5
:1020B0006F64655F72785F63752929203D3D20302C
:1020C00029000000574553545F544F504449522F44
:1020D0007A65706879722F7375627379732F626C89
:1020E0007565746F6F74682F636F6E74726F6C6C4C
:1020F00065722F6C6C5F73772F756C6C5F616476A3
:102100002E63000068616E646C65203C2031000025
:1021100028726574203D3D203029207C7C20287267
:102120006574203D3D203229000000006164762D59
:102130003E6C696E6B5F63635F667265650000008D
:102140006164762D3E6E6F64655F72785F63635F76
:102150006672656500000000216864722D3E646946
:102160007361626C65645F63620000007374617424
:102170007573203D3D2030207C7C20706172616D44
:10218000203D3D20756C6C5F64697361626C655FB6
:102190006D61726B5F6765742829207C7C202863E1
:1021A0006F6E6E65637461626C6520262620216106
:1021B00064762D3E6C6C6C2E636F6E6E29207C7C79
:1021C00020300000216C6C6C2D3E6C696E6B5F746E
:1021D000785F6672656500006D61726B203D3D2021
:1021E0006164760021657272207C7C2028657272A1
:1021F000203D3D202D3132302900000072656600FF
:1022000028726574203D3D203029207C7C20287276
:102210006574203D3D203229207C7C202866705F3B
:102220006F705F66756E63203D3D202828766F696C
:1022300064202A29302929007064752D3E6C656E52
:10224000203E3D205F5F6275696C74696E5F6F66EA
:10225000667365746F66202873747275637420707A
:1022600064755F6164765F6164765F696E642C207B
:102270006461746129000000574553545F544F5006
:102280004449522F7A65706879722F737562737939
:10229000732F626C7565746F6F74682F636F6E74E3
:1022A000726F6C6C65722F6C6C5F73772F756C6CD2
:1022B0005F636F6E6E2E630074785F6275660000F8
:1022C00072782D3E6864722E6C696E6B000000009F
:1022D000737461747573203D3D20300073746174B4
:1022E0007573203D3D2030207C7C20706172616DD3
:1022F000203D3D20756C6C5F7570646174655F6D29
:1023000061726B5F6765742829207C7C2070617224
:10231000616D203D3D20756C6C5F64697361626C1A
:10232000655F6D61726B5F6765742829000000004E
:1023300070203D3D20706172616D000028746963FA
:102340006B65725F737461747573203D3D20302935
:10235000207C7C20287469636B65725F7374617480
:102360007573203D3D203229000000006572722007
:102370003D3D2030207C7C20657272203D3D202D2B
:102380003132300009706172616D313A202575205B
:10239000706172616D323A2025750A00636F6E6E4E
:1023A0002D3E6C6C6C2E68616E646C6520213D2046
:1023B0003078464646460000287469636B65725F54
:1023C000737461747573203D3D203029207C7C201E
:1023D000287469636B65725F737461747573203DF3
:1023E0003D203229207C7C202828766F6964202AB1
:1023F00029636F6E6E5F6C6C203D3D20756C6C5F69
:1024000064697361626C655F6D61726B5F6765744F
:10241000282929006C6C6C5F747800007064755F0B
:1024200074782D3E6C656E00216C696E6B2D3E6E6E
:1024300065787400574553545F544F504449522FA8
:102440007A65706879722F7375627379732F626C15
:102450007565746F6F74682F636F6E74726F6C6CD8
:1024600065722F6C6C5F73772F756C6C5F6C6C632F
:10247000705F656E632E63006E746600574553543B
:102480005F544F504449522F7A65706879722F73A8
:1024900075627379732F626C7565746F6F74682FD2
:1024A000636F6E74726F6C6C65722F6C6C5F737798
:1024B0002F756C6C5F6C6C63705F7068792E630055
:1024C0006E74662D3E6864722E74797065203D3D91
:1024D000204E4F44455F52585F545950455F524516
:1024E0005441494E000000006374782D3E6E6F64C5
:1024F000655F7265662E7478000000006374782D45
:102500003E646174612E70752E6E74665F646C65D6
:102510005F6E6F6465000000636F6E6E2D3E6C6CC5
:102520006C2E726F6C65203D3D203078303100009C
:10253000574553545F544F504449522F7A65706841
:1025400079722F7375627379732F626C7565746F0E
:102550006F74682F636F6E74726F6C6C65722F6C22
:102560006C5F73772F756C6C5F6C6C63702E63009F
:102570006374782D3E6F776E657200006374782DFA
:102580003E6E6F64655F7265662E727800000000B3
:10259000637478002D9003003D9003004D9003007C
:1025A0005D90030000000000000000006D9003003B
:1025B000159103007D9003000000000025910300A9
:1025C000000000008D900300359103000000000022
:1025D0009D90030045910300AD90030055910300C9
:1025E00065910300759103008591030095910300A7
:1025F000A5910300BD900300000000000000000052
:102600000000000000000000000000000591030031
:10261000574553545F544F504449522F7A65706860
:1026200079722F7375627379732F626C7565746F2D
:102630006F74682F636F6E74726F6C6C65722F6C41
:102640006C5F73772F756C6C5F6C6C63705F636F1E
:102650006D6D6F6E2E6300006374782D3E70726F27
:1026600063203D3D2050524F435F5445524D494EEB
:10267000415445006374782D3E70726F63203D3D78
:102680002050524F435F444154415F4C454E4754A4
:10269000485F55504441544500000000574553548D
:1026A0005F544F504449522F7A65706879722F7386
:1026B00075627379732F626C7565746F6F74682FB0
:1026C000636F6E74726F6C6C65722F6C6C5F737776
:1026D0002F756C6C5F6C6C63705F6C6F63616C2EDC
:1026E0006300000063747820213D202828766F69FC
:1026F00064202A29302900006374785F686561646A
:102700006572203D3D206374780000006374782D6D
:102710003E6E6F64655F7265662E7278203D3D2067
:102720002828766F6964202A293029207C7C206340
:1027300074782D3E6E6F64655F7265662E72782DBB
:102740003E6864722E7479706520213D204E4F449E
:10275000455F52585F545950455F52455441494E68
:1027600000000000574553545F544F504449522FC6
:102770007A65706879722F7375627379732F626CE2
:102780007565746F6F74682F636F6E74726F6C6CA5
:1027900065722F6C6C5F73772F756C6C5F6C6C63FC
:1027A000705F636F6E6E5F7570642E630000000073
:1027B0006374782D3E6E6F64655F7265662E727805
:1027C000203D3D202828766F6964202A2930290081
:1027D000574553545F544F504449522F7A6570689F
:1027E00079722F7375627379732F626C7565746F6C
:1027F0006F74682F636F6E74726F6C6C65722F6C80
:102800006C5F73772F756C6C5F6C6C63705F636863
:102810006D752E6300000000574553545F544F50B0
:102820004449522F7A65706879722F737562737993
:10283000732F626C7565746F6F74682F636F6E743D
:10284000726F6C6C65722F6C6C5F73772F756C6C2C
:102850005F6C6C63705F72656D6F74652E630000F2
:1028600008020B020A03050200000000000000003D
:102870000202000006020000040300000000090339
:1028800000000000010300000C030000070300002B
:102890000000000000000000574553545F544F50A3
:1028A0004449522F7A65706879722F737562737913
:1028B000732F626C7565746F6F74682F636F6E74BD
:1028C000726F6C6C65722F6C6C5F73772F756C6CAC
:1028D0005F7065726970686572616C2E63000000DC
:1028E0007469636B65725F737461747573203D3DC9
:1028F0002030000073746174757320213D203120F5
:102900007C7C20706172616D203D3D20756C6C5F38
:1029100064697361626C655F6D61726B5F6765743A
:1029200028290000574553545F544F504449522FB3
:102930007A65706879722F7375627379732F626C20
:102940007565746F6F74682F636F6E74726F6C6CE3
:1029500065722F6C6C5F73772F756C6C5F66696C3A
:102960007465722E63000000726C5F696478203CAD
:1029700020380000726C5B726C5F6964785D2E7445
:10298000616B656E00000000726C5B726C5F696465
:10299000785D2E727061735F72656164790000000A
:1029A0006465766D617463685F6964203C202828E3
:1029B00073697A655F742920282828696E74292034
:1029C00073697A656F6628636861725B31202D20B8
:1029D00032202A202128215F5F6275696C74696E3C
:1029E0005F74797065735F636F6D70617469626C39
:1029F000655F70285F5F747970656F665F5F2866DA
:102A0000616C292C205F5F747970656F665F5F2849
:102A1000262866616C295B305D2929295D29202DD6
:102A2000203129202B202873697A656F662866611A
:102A30006C29202F2073697A656F66282866616C7F
:102A4000295B305D292929290000000066616C5B43
:102A50006465766D617463685F69645D2E74616B33
:102A6000656E00006465766D617463685F696420FB
:102A70003C20282873697A655F74292028282869F2
:102A80006E74292073697A656F6628636861725B6A
:102A900031202D2032202A202128215F5F62756994
:102AA0006C74696E5F74797065735F636F6D70616C
:102AB0007469626C655F70285F5F747970656F66BA
:102AC0005F5F28726C292C205F5F747970656F6678
:102AD0005F5F282628726C295B305D2929295D29D2
:102AE000202D203129202B202873697A656F6628D4
:102AF000726C29202F2073697A656F662828726CA2
:102B0000295B305D2929292900000000726C5B696E
:102B10005D2E74616B656E0069726B6D61746368C4
:102B20005F6964203C20706565725F69726B5F63EA
:102B30006F756E740000000069203C2038000000B2
:102B4000574553545F544F504449522F7A6570682B
:102B500079722F7375627379732F626C7565746FF8
:102B60006F74682F636F6E74726F6C6C65722F6C0C
:102B70006C5F73772F6E6F726469632F6C6C6C2F50
:102B80006C6C6C2E63000000707265656D70745F14
:102B9000726571203D3D20707265656D70745F6176
:102BA000636B0000707265656D70745F7374617241
:102BB000745F72657120213D20707265656D70745F
:102BC0005F73746172745F61636B0000707265653E
:102BD0006D70745F73746F705F72657120213D203A
:102BE000707265656D70745F73746F705F61636B35
:102BF00000000000707265656D70745F7265712011
:102C0000213D20707265656D70745F61636B0000BB
:102C1000707265656D70745F61636B20213D20701B
:102C20007265656D70745F726571000072656164D4
:102C3000792D3E707265706172655F706172616D51
:102C40002E706172616D203D3D20706172616D007A
:102C50006974657200000000657272203D3D202D90
:102C60003134300021706172616D00002170617239
:102C7000616D207C7C206E65787400006576656EE1
:102C8000742E637572722E61626F72745F6362007C
:102C90006576646F6E650000657272203E3D20307F
:102CA000000000006E65787400000000217265610C
:102CB0006479207C7C202672656164792D3E707277
:102CC00065706172655F706172616D203D3D20705D
:102CD0007265706172655F706172616D0000000005
:102CE000F401FA00960064004B0032001E0014004C
:102CF000574553545F544F504449522F7A6570687A
:102D000079722F7375627379732F626C7565746F46
:102D10006F74682F636F6E74726F6C6C65722F6C5A
:102D20006C5F73772F6E6F726469632F6C6C6C2F9E
:102D30006C6C6C5F6164762E630000006E6F64657E
:102D40005F72780021726164696F5F69735F726599
:102D50006164792829000000700000006368616EDA
:102D600000000000706475007363616E5F706475CD
:102D7000000000000925733A2041637475616C20DE
:102D80004556454E545F4F564552484541445F5362
:102D9000544152545F5553203D2025750A000000D0
:102DA000707265706172655F6362000057455354CD
:102DB0005F544F504449522F7A65706879722F736F
:102DC00075627379732F626C7565746F6F74682F99
:102DD000636F6E74726F6C6C65722F6C6C5F73775F
:102DE0002F6E6F726469632F6C6C6C2F6C6C6C5FF0
:102DF000636F6E6E2E63000021726164696F5F699C
:102E0000735F61646472657373282900646F6E6513
:102E1000000000006C6C6C2D3E68616E646C652077
:102E2000213D203078464646460000005745535421
:102E30005F544F504449522F7A65706879722F73EE
:102E400075627379732F626C7565746F6F74682F18
:102E5000636F6E74726F6C6C65722F6C6C5F7377DE
:102E60002F6E6F726469632F6C6C6C2F6C6C6C5F6F
:102E70007065726970686572616C2E630000000095
:102E8000707265706172655F6362000057455354EC
:102E90005F544F504449522F7A65706879722F738E
:102EA00075627379732F626C7565746F6F74682FB8
:102EB000636F6E74726F6C6C65722F6C6C5F73777E
:102EC0002F6E6F726469632F68616C2F6E72663546
:102ED0002F636E74722E63005F726566636F756E2A
:102EE00074000000574553545F544F504449522FCB
:102EF0007A65706879722F7375627379732F626C5B
:102F00007565746F6F74682F636F6E74726F6C6C1D
:102F100065722F6C6C5F73772F6E6F726469632FAD
:102F200068616C2F6E7266352F6D6179666C792ED3
:102F300063000000574553545F544F504449522F8B
:102F40007A65706879722F7375627379732F626C0A
:102F50007565746F6F74682F636F6E74726F6C6CCD
:102F600065722F6C6C5F73772F6E6F726469632F5D
:102F700068616C2F6E7266352F7469636B65722E93
:102F800063000000757365725F6964203C2073699B
:102F90007A656F662863616C6C65725F69645F6CEB
:102FA0007574290063616C6C65725F696420213DF2
:102FB0002030000001030405574553545F544F501F
:102FC0004449522F7A65706879722F7375627379EC
:102FD000732F626C7565746F6F74682F636F6E7496
:102FE000726F6C6C65722F6C6C5F73772F6E6F7283
:102FF0006469632F68616C2F6E7266352F6563623A
:103000002E630000ED090400A520040075200400D3
:1030100000000000FD210400E920040065DF040039
:103020006BDF04000400000000FF0000FFFF000051
:10303000000300500000000001000000006000409C
:1030400000000000FFFFFFFF000000500000000034
:103050000000000000600040000000003C0700206D
:10306000030000000500000005000000050000004E
:1030700003000000010000000A0000000100000041
:10308000F9E10400CBE304001BE4040002000000AB
:1030900094300500F80C05000F000000F80C050046
:1030A0001500000001000000020000000400000004
:1030B0000800000010000000200000004000000098
:1030C000800000001B0000003600000051F4A750F3
:1030D0007E4165531A17A4C33A275E963BAB6BCB70
:1030E0001F9D45F1ACFA58AB4BE303932030FA55E2
:1030F000AD766DF688CC7691F5024C254FE5D7FC80
:10310000C52ACBD726354480B562A38FDEB15A4994
:1031100025BA1B6745EA0E985DFEC0E1C32F750214
:10312000814CF0128D4697A36BD3F9C6038F5FE7EE
:1031300015929C95BF6D7AEB955259DAD4BE832DCA
:10314000587421D349E069298EC9C84475C2896A77
:10315000F48E797899583E6B27B971DDBEE14FB690
:10316000F088AD17C920AC667DCE3AB463DF4A184B
:10317000E51A31829751336062537F45B16477E03D
:10318000BB6BAE84FE81A01CF9082B947048685874
:103190008F45FD1994DE6C87527BF8B7AB73D32350
:1031A000724B02E2E31F8F576655AB2AB2EB28073A
:1031B0002FB5C20386C57B9AD33708A5302887F27E
:1031C00023BFA5B202036ABAED16825C8ACF1C2B1C
:1031D000A779B492F307F2F04E69E2A165DAF4CD73
:1031E0000605BED5D134621FC4A6FE8A342E539D77
:1031F000A2F355A0058AE132A4F6EB750B83EC39F6
:103200004060EFAA5E719F06BD6E10513E218AF9A3
:1032100096DD063DDD3E05AE4DE6BD4691548DB5CD
:1032200071C45D050406D46F605015FF1998FB2426
:10323000D6BDE997894043CC67D99E77B0E842BDB7
:1032400007898B88E7195B3879C8EEDBA17C0A47D0
:103250007C420FE9F8841EC90000000009808683C3
:10326000322BED481E1170AC6C5A724EFD0EFFFBF6
:103270000F8538563DAED51E362D39270A0FD96435
:10328000685CA6219B5B54D124362E3A0C0A67B1A8
:103290009357E70FB4EE96D21B9B919E80C0C54F0B
:1032A00061DC20A25A774B691C121A16E293BA0A03
:1032B000C0A02AE53C22E043121B171D0E090D0B8E
:1032C000F28BC7AD2DB6A8B9141EA9C857F1198540
:1032D000AF75074CEE99DDBBA37F60FDF701269F1C
:1032E0005C72F5BC44663BC55BFB7E348B43297640
:1032F000CB23C6DCB6EDFC68B8E4F163D731DCCA99
:10330000426385101397224084C61120854A247D8C
:10331000D2BB3DF8AEF93211C729A16D1D9E2F4BCE
:10332000DCB230F30D8652EC77C1E3D02BB3166CD0
:10333000A970B999119448FA47E96422A8FC8CC491
:10334000A0F03F1A567D2CD8223390EF87494EC704
:10335000D938D1C18CCAA2FE98D40B36A6F581CF3C
:10336000A57ADE28DAB78E263FADBFA42C3A9DE4BD
:103370005078920D6A5FCC9B547E4662F68D13C2E4
:1033800090D8B8E82E39F75E82C3AFF59F5D80BE56
:1033900069D0937C6FD52DA9CF2512B3C8AC993BCA
:1033A00010187DA7E89C636EDB3BBB7BCD267809BC
:1033B0006E5918F4EC9AB701834F9AA8E6956E659A
:1033C000AAFFE67E21BCCF08EF15E8E6BAE79BD955
:1033D0004A6F36CEEA9F09D429B07CD631A4B2AF69
:1033E0002A3F2331C6A5943035A266C0744EBC373F
:1033F000FC82CAA6E090D0B033A7D815F104984A51
:1034000041ECDAF77FCD500E1791F62F764DD68D21
:1034100043EFB04DCCAA4D54E49604DF9ED1B5E302
:103420004C6A881BC12C1FB84665517F9D5EEA041B
:10343000018C355DFA877473FB0B412EB3671D5AFF
:1034400092DBD252E91056336DD647139AD7618C6E
:1034500037A10C7A59F8148EEB133C89CEA927EECC
:10346000B761C935E11CE5ED7A47B13C9CD2DF5923
:1034700055F2733F1814CE7973C737BF53F7CDEAAF
:103480005FFDAA5BDF3D6F147844DB86CAAFF38132
:10349000B968C43E3824342CC2A3405F161DC372E1
:1034A000BCE2250C283C498BFF0D954139A80171E0
:1034B000080CB3DED8B4E49C6456C1907BCB846125
:1034C000D532B670486C5C74D0B85742C66363A5F9
:1034D000F87C7C84EE777799F67B7B8DFFF2F20D9A
:1034E000D66B6BBDDE6F6FB191C5C5546030305087
:1034F00002010103CE6767A9562B2B7DE7FEFE195B
:10350000B5D7D7624DABABE6EC76769A8FCACA4593
:103510001F82829D89C9C940FA7D7D87EFFAFA151D
:10352000B25959EB8E4747C9FBF0F00B41ADADECFA
:10353000B3D4D4675FA2A2FD45AFAFEA239C9CBF82
:1035400053A4A4F7E47272969BC0C05B75B7B7C270
:10355000E1FDFD1C3D9393AE4C26266A6C36365A2F
:103560007E3F3F41F5F7F70283CCCC4F6834345CA3
:1035700051A5A5F4D1E5E534F9F1F108E2717193B3
:10358000ABD8D873623131532A15153F0804040CA7
:1035900095C7C752462323659DC3C35E30181828BC
:1035A000379696A10A05050F2F9A9AB50E070709B7
:1035B000241212361B80809BDFE2E23DCDEBEB262E
:1035C0004E2727697FB2B2CDEA75759F1209091B94
:1035D0001D83839E582C2C74341A1A2E361B1B2DD7
:1035E000DC6E6EB2B45A5AEE5BA0A0FBA45252F647
:1035F000763B3B4DB7D6D6617DB3B3CE5229297BFE
:10360000DDE3E33E5E2F2F7113848497A65353F5B9
:10361000B9D1D16800000000C1EDED2C4020206040
:10362000E3FCFC1F79B1B1C8B65B5BEDD46A6ABE3E
:103630008DCBCB4667BEBED97239394B944A4ADE30
:10364000984C4CD4B05858E885CFCF4ABBD0D06BFB
:10365000C5EFEF2A4FAAAAE5EDFBFB16864343C54B
:103660009A4D4DD766333355118585948A4545CF9C
:10367000E9F9F91004020206FE7F7F81A05050F0A4
:10368000783C3C44259F9FBA4BA8A8E3A25151F334
:103690005DA3A3FE804040C0058F8F8A3F9292AD0C
:1036A000219D9DBC70383848F1F5F50463BCBCDF42
:1036B00077B6B6C1AFDADA75422121632010103037
:1036C000E5FFFF1AFDF3F30EBFD2D26D81CDCD4CD5
:1036D000180C0C1426131335C3ECEC2FBE5F5FE1FE
:1036E000359797A2884444CC2E17173993C4C457F2
:1036F00055A7A7F2FC7E7E827A3D3D47C86464AC44
:10370000BA5D5DE73219192BE6737395C06060A04E
:10371000198181989E4F4FD1A3DCDC7F4422226621
:10372000542A2A7E3B9090AB0B8888838C4646CAED
:10373000C7EEEE296BB8B8D32814143CA7DEDE79A7
:10374000BC5E5EE2160B0B1DADDBDB76DBE0E03B27
:1037500064323256743A3A4E140A0A1E924949DBD0
:103760000C06060A4824246CB85C5CE49FC2C25D67
:10377000BDD3D36E43ACACEFC46262A6399191A8BD
:10378000319595A4D3E4E437F279798BD5E7E73224
:103790008BC8C8436E373759DA6D6DB7018D8D8C84
:1037A000B1D5D5649C4E4ED249A9A9E0D86C6CB471
:1037B000AC5656FAF3F4F407CFEAEA25CA6565AFCA
:1037C000F47A7A8E47AEAEE9100808186FBABAD507
:1037D000F07878884A25256F5C2E2E72381C1C24C0
:1037E00057A6A6F173B4B4C797C6C651CBE8E82371
:1037F000A1DDDD7CE874749C3E1F1F21964B4BDDE0
:1038000061BDBDDC0D8B8B860F8A8A85E070709060
:103810007C3E3E4271B5B5C4CC6666AA904848D895
:1038200006030305F7F6F6011C0E0E12C26161A332
:103830006A35355FAE5757F969B9B9D017868691A1
:1038400099C1C1583A1D1D27279E9EB9D9E1E1387B
:10385000EBF8F8132B9898B322111133D26969BB96
:10386000A9D9D970078E8E89339494A72D9B9BB6C6
:103870003C1E1E2215878792C9E9E92087CECE49D2
:10388000AA5555FF50282878A5DFDF7A038C8C8F46
:1038900059A1A1F8098989801A0D0D1765BFBFDAF2
:1038A000D7E6E631844242C6D06868B8824141C357
:1038B000299999B05A2D2D771E0F0F117BB0B0CBDF
:1038C000A85454FC6DBBBBD62C16163A020000005F
:1038D0002C39050003000000243905000400000015
:1038E0001C39050005000000143905000600000021
:1038F0000C39050007000000043905000000000035
:1039000000000000CE45050090240700DA450500C0
:1039100090230600E645050090220500F2450500CB
:1039200010140400FE450500101303000A460500AC
:103930001012020002000000E9E70400E5E70400BD
:10394000E1E70400DDE70400C5E70400B3E7040095
:10395000000000000A5695CE5753F2DD5CE419BA18
:10396000E4B84A8B25F321DD8886E8D2855D882579
:1039700018FF71853C14A918D430E77901B6ED5FC2
:10398000FC95BA75102562772B73FB79C65537A560
:10399000765F9018DFBDC42962DF9CD890308478B0
:1039A000CD05F0ACD62E21F7AB20A2E53448870434
:1039B0001D0630DC512563FCC2CAB9F3849E17A7EB
:1039C000ADFAE6BCFFFFFFFFFFFFFFFF00000000B6
:1039D000FFFFFFFFA2EE79BE954C2483A66FBD4981
:1039E0009C79994659EC6B2B39B245282056D9F36E
:1039F000942DE1664FBC00EEFFFFFFFFFFFFFFFFCE
:103A0000FFFFFFFF000000000000000000000000BA
:103A100001000000FFFFFFFF0300000000000000A6
:103A2000FFFFFFFFFBFFFFFFFEFFFFFFFFFFFFFFAB
:103A3000FDFFFFFF0400000001000000980B0500DF
:103A4000980B0500D80B0500E80B0500780C050065
:103A5000C80C05000000000000000000000000008D
:103A60000000000000000040955969595555545513
:103A700015555556040515411054554045515544AA
:103A80004045504450555545004000404004449640
:103A9000655556554540455451411540559155552C
:103AA00055554051050100005445545445550504F1
:103AB0000010041014044000000001405555154149
:103AC0005404000044000100000000404100004494
:103AD00050444550540055555455655100400040E0
:103AE00001000001000501001154515154555505C4
:103AF00000000000000000000000000000004C2A50
:103B000000004C2A000003280000082900004D2A6C
:103B100000004D2A000003280000082900000229A7
:103B200000004D2A00004D2A00000328000008294B
:103B30000000022900004D2A00004D2A0000032841
:103B400000004B2A00004B2A0000032800004A2AEC
:103B500000004A2A00000328000012180000002874
:103B60000000502A0000502A000003280000292AE3
:103B70000000292A000003280000242A0000242A2B
:103B80000000032800000A18000000280000042993
:103B9000000002290000192A0000192A0000032849
:103BA00000000F18000000280400AD2701000601E6
:103BB00000002A2B00002A2B000003280000292BDC
:103BC0000000292B00000328000002290000052A1C
:103BD0000000052A0000032800000118000000284A
:103BE0000000042A0000042A000003280000012A23
:103BF0000000012A000003280000002A0000002A1B
:103C00000000032800000018000000286BFF79FF67
:103C100079FF7CFF000073656C65637465640070F8
:103C20006879736963616C5F6C61796F7574730037
:103C300044656661756C74206C61796F7574007A87
:103C40006D6B5F706879736963616C5F6C61796FCC
:103C500075745F73656C656374696F6E5F636861CB
:103C60006E676564007A6D6B5F6163746976697411
:103C7000795F73746174655F6368616E6765640022
:103C80007A6D6B5F706F736974696F6E5F73746167
:103C900074655F6368616E676564007A6D6B5F73FE
:103CA000656E736F725F6576656E74007A6D6B5FBB
:103CB0007573625F636F6E6E5F73746174655F636B
:103CC00068616E67656400626F6F746C6F61640039
:103CD0007379737265736574004558545F504F571C
:103CE000455200657874706F776572006B65795F17
:103CF0007072657373006D6F6D656E746172795F5C
:103D00006C617965720000656E64706F696E7473C2
:103D10002F7072656665727265643200656E6470DC
:103D20006F696E74732F7072656665727265640078
:103D30004E6F6E650055534200424C453A25640073
:103D4000496E76616C696400656E64706F696E744B
:103D500073007A6D6B5F656E64706F696E745F631C
:103D600068616E676564007A6D6B5F6C617965721E
:103D70005F73746174655F6368616E676564007A20
:103D80006D6B5F6D6F646966696572735F73746193
:103D900074655F6368616E676564007A6D6B5F6B05
:103DA0006579636F64655F73746174655F6368618F
:103DB0006E676564007A6D6B5F626C655F616374EA
:103DC0006976655F70726F66696C655F6368616E66
:103DD00067656400626C652F6163746976655F7006
:103DE000726F66696C65007075626C696300726100
:103DF0006E646F6D007075626C69632D696400722A
:103E0000616E646F6D2D6964003078253032780002
:103E1000253032583A253032583A253032583A2532
:103E20003032583A253032583A2530325820282539
:103E300073290070726F66696C657300626C652F20
:103E400070726F66696C65732F256400626C650023
:103E5000484944204F7665722047415454205365A9
:103E60006E6420576F726B0005010906A101850180
:103E7000050719E029E7150025017501950881025C
:103E800005077508950181030508190129057501C4
:103E90009505910205087503950191030507150025
:103EA00026FF00190029FF750895068100C0050C42
:103EB0000901A1018502050C150026FF0F19002A32
:103EC000FF0F751095068100C07A6D6B5F7065728B
:103ED0006970686572616C5F626174746572795F44
:103EE00073746174655F6368616E676564007A6DA1
:103EF0006B5F626174746572795F73746174655F1E
:103F00006368616E676564004241545445525900CC
:103F10007A6D6B5F6869645F696E64696361746F11
:103F200072735F6368616E67656400696E6469637C
:103F300061746F7273004849445F300005010906DF
:103F4000A1018501050719E029E715002501750183
:103F50009508810205077508950181030508190177
:103F600029057501950591020508750395019103D1
:103F70000507150026FF00190029FF750895068121
:103F800000C0050C0901A1018502050C150026FFE2
:103F90000F19002AFF0F751095068100C04C6F772E
:103FA000205072696F7269747920576F726B20515B
:103FB000756575650000070E091C1B1215383F3624
:103FC0003124232A2D4661696C656420746F207248
:103FD00065626F6F743A207370696E6E696E6720E8
:103FE000656E646C6573736C792E2E2E0A00000169
:103FF00001030100030130313233343536373839AB
:10400000414243444546005A4D4B2050726F6A6509
:10401000637400464C4153485F30005352414D5F3A
:10402000300000FFFFFFFFFFFF0000000000000066
:10403000FFFFFFFFFFFF0000000000006E616D65E5
:104040000062742F25732F25303278253032782581
:104050003032782530327825303278253032782564
:10406000752F25730062742F25732F253032782524
:104070003032782530327825303278253032782544
:1040800030327825750062742F2573006274004207
:1040900054204C572057510002FB349B5F80000096
:1040A000800010000000000000574553545F544F3B
:1040B000504449522F7A65706879722F7375627314
:1040C00079732F626C7565746F6F74682F686F7386
:1040D000742F6863695F636F72652E630062745F3B
:1040E0006863695F6576745F6765745F666C616756
:1040F00073286864722D3E65767429202620283145
:10410000554C203C3C20283129290041535345522D
:1041100054494F4E204641494C205B25735D204059
:104120002025733A25640A006576745F666C6167C2
:10413000732026202831554C203C3C20283029294A
:104140000062756600737563636573730009636F5E
:104150006D6D616E64206F70636F646520307825CB
:104160003034782074696D656F75740A00657272F9
:10417000203D3D20300009436F6E74726F6C6C659A
:104180007220756E726573706F6E736976652C2020
:10419000636F6D6D616E64206F70636F6465203056
:1041A00078253034782074696D656F75742077696F
:1041B0007468206572722025640A004254205258A7
:1041C00020575100000909090901020909090909D3
:1041D0000909090909090709090909090609090954
:1041E00009090909090909090909090909055745B9
:1041F00053545F544F504449522F7A657068797216
:104200002F7375627379732F626C7565746F6F7439
:10421000682F686F73742F6863695F636F6D6D6F6C
:104220006E2E6300E69D350E480103CCDBFDF4AC39
:104230001191F4EFB9A5F9E9A7832C5E2CBE97F292
:10424000D203B0208BD28915D08E1C742430ED8F10
:10425000C24563765C15525ABF9A32636DEB2A658C
:10426000499C80DC0101010101020362742F636338
:10427000630062742F686173680062742F63660064
:1042800062742F7363000005061F1F2918120308AC
:10429000020305080A0008010304010504050906D4
:1042A00007010106060800000100010003010003E8
:1042B000020201000200000000000203010003628C
:1042C000742F6B657973006C888391AAF5A53860AB
:1042D000370BDB5A6083BE757362645F776F726BF6
:1042E000710001000201000101010101636C6F63B3
:1042F0006B4034303030303030300072616E646F7B
:104300006D40343030306430303000656E74726F20
:1043100070795F62745F68636900666C6173682DB1
:10432000636F6E74726F6C6C6572403430303165DF
:10433000303030006770696F4035303030303330A6
:1043400030006770696F40353030303030303000C9
:104350006B7363616E30006C6564730074656D70BF
:104360004034303030633030300000000000000155
:1043700001000000000000100111021203130414D8
:104380000515061607170808080808080808181869
:1043900018181818181828282828282828283838DD
:1043A00038383838383848484848484848485858CD
:1043B000585858585858002030303030303030304D
:1043C0003030303030300001000001000000520970
:1043D0006AD53036A538BF40A39E81F3D7FB7CE376
:1043E00039829B2FFF87348E4344C4DEE9CB547B54
:1043F0009432A6C2233DEE4C950B42FAC34E082ED2
:10440000A16628D924B2765BA2496D8BD12572F8BA
:10441000F66486689816D4A45CCC5D65B6926C7020
:104420004850FDEDB9DA5E154657A78D9D8490D8AA
:10443000AB008CBCD30AF7E45805B8B34506D02CC2
:104440001E8FCA3F0F02C1AFBD0301138A6B3A91A1
:1044500011414F67DCEA97F2CFCEF0B4E67396AC29
:104460007422E7AD3585E2F937E81C75DF6E47F158
:104470001A711D29C5896FB7620EAA18BE1BFC569A
:104480003E4BC6D279209ADBC0FE78CD5AF41FDDB0
:10449000A8338807C731B11210592780EC5F6051EB
:1044A0007FA919B54A0D2DE57A9F93C99CEFA0E02D
:1044B0003B4DAE2AF5B0C8EBBB3C83539961172B3B
:1044C000047EBA77D626E169146355210C7D637C9E
:1044D000777BF26B6FC53001672BFED7AB76CA8254
:1044E000C97DFA5947F0ADD4A2AF9CA472C0B7FD04
:1044F0009326363FF7CC34A5E5F171D8311504C7C2
:1045000023C31896059A071280E2EB27B275098338
:104510002C1A1B6E5AA0523BD6B329E32F8453D1D9
:1045200000ED20FCB15B6ACBBE394A4C58CFD0EFCE
:10453000AAFB434D338545F9027F503C9FA851A308
:10454000408F929D38F5BCB6DA2110FFF3D2CD0C26
:1045500013EC5F974417C4A77E3D645D19736081B7
:104560004FDC222A908846EEB814DE5E0BDBE03288
:104570003A0A4906245CC2D3AC629195E479E7C853
:10458000376D8DD54EA96C56F4EA657AAE08BA78C7
:10459000252E1CA6B4C6E8DD741F4BBD8B8A703E69
:1045A000B5664803F60E613557B986C11D9EE1F820
:1045B000981169D98E949B1E87E9CE5528DF8CA16E
:1045C000890DBFE6426841992D0FB054BB16414595
:1045D000532D3235362D434243004145532D313959
:1045E000322D434243004145532D3132382D434251
:1045F00043004145532D3235362D45434200414558
:10460000532D3139322D454342004145532D31322E
:10461000382D45434200141400001C2030401C205B
:1046200000001C2030406D61696E00737973776FF4
:10463000726B71002A2A2A20426F6F74696E67209C
:104640005A6570687972204F53206275696C6420D6
:10465000353861353837346134343661202A2A2AB6
:104660000A00696E66006E616E00286E756C6C29BA
:1046700000000000081505000C15050010150500C8
:104680001415050018150500881505003C160500D1
:1046900040160500441605004C160500C01705001D
:1046A000C4170500CC17050014150500A814050053
:1046B00010150500A81405004C160500841505000A
:1046C0001815050084150500441605008C15050015
:1046D0001015050090150500881505004816050001
:1046E0000C150500C817050088150500F017050012
:1046F00018150500F0170500CC170500F017050088
:084700000C150500F01705007F
:1047080000000000000000000000000000000000A1
:104718000000000000000000000000000000000091
:104728000000000000000000000000000000000081
:104738000000000000000000000000000000000071
:104748000000000000000000000000000000000061
:104758000000000000000000000000000000000051
:104768000000000000000000000000000000000041
:104778000000000000000000000000000000000031
:104788000000000000000000000000000000000021
:104798000000000000000000000000000000000011
:1047A8000000000000000000000000000000000001
:1047B80000000000000000000000000000000000F1
:1047C8000000000000000000A1C802000000000076
:1047D80000000000000000000000000000000000D1
:1047E80000000000000000000000000000000000C1
:1047F80000000000000000000000000000000000B1
:1048080000000000000000000000000000000000A0
:104818000000000000000000000000000000000090
:104828000000000000000000000000000000000080
:104838000000000000000000000000000000000070
:104848000000000000000000000000000000000060
:104858000000000000000000000000000000000050
:10486800000000000000000000000000D00D05005E
:104878000000000000000000000000000000000030
:1048880000000000000000001F0000000000000001
:10489800FFFFFFFFFF1F000000000000600700206F
:1048A80005000000000000000000000000000000FB
:1048B80000000000000000000000000000000000F0
:1048C80000000000000000000000000000000000E0
:1048D8000000000000000000286100200000000027
:1048E80000000000000000004269002000000000F5
:1048F800000000003D8002000000000000000000F1
:1049080000000000B5910400000000000000000055
:104918007D8F020000000000000000000000000081
:1049280023920400000000000000000000000000C6
:1049380000000000E791040000000000C18F0200A1
:10494800E18C020000000000000000000F9204004B
:1049580000000000FB910400000000004C3E050030
:104968000000000000000000418D020031900200AC
:104978000000000000000000000000004B9204004E
:10498800000000000000000000000000E3910400A7
:104998000000000000000000190200005508002077
:1049A8000101000054080020020400005008002003
:1049B80000000000719102000000000000000000EB
:1049C800000000000D91020000000000000000003F
:1049D800003B050000000400103B050000000E002D
:1049E80000000000000000000000000000000000BF
:1049F80000000000000000000000000000000000AF
:104A0800000000000000000000000000000000009E
:104A1800000000004F9204000000000000000000A9
:104A2800243B050000001200000000000000000008
:104A3800000000000000000000000000000000006E
:104A4800000000000000000000000000000000005E
:104A58000000000000000000000000004F92040069
:104A68000000000000000000383B050000001200B4
:104A7800443B050000000200503B05000000020016
:104A880000000000A99202000000000000000000E1
:104A98000000000000000000F19304000000000086
:104AA80000000000B59302000000000000000000B4
:104AB800000000000F940400000000000000000047
:104AC8006398040018180500643B05000000020004
:104AD800703B0500000002007C3B0500000002005E
:104AE80000000000000000000000000000000000BE
:104AF80000000000000000000000000000000000AE
:104B0800000000000000000000000000000000009D
:104B180000000000BDA40400000000000000000028
:104B2800983B050000001200A1AD02000000000043
:104B3800C9A5040000000000ADA504003C04002045
:104B48003C04002000000000000000000E000000EF
:104B580049BA0200800000000000000019BD0200F0
:104B6800000000000000000000000000F9B204008E
:104B780000000000000000000000000099C10200D1
:104B880000000000000000000000000089D80200BA
:104B980000000000000000000000000071D70200C3
:104BA80000000000000000000000000015E1020005
:104BB8000000000000000000000000008DDC020082
:104BC8000000000000000000C8040020C804002005
:104BD800000000000000000025EC020005F80200BB
:104BE800CDC70400000000000000000095F002009E
:104BF800BDC50400E9C4040019EC0200000000006F
:104C0800000000000000000000000000000000009C
:104C180000000000E9090300000000000000000097
:104C280021D3040000000000000000000000000084
:104C3800B43B050000000200C03B050000000A006C
:104C4800D03B05000000200000000000000000002C
:104C5800000000000000000000000000000000004C
:104C6800000000000000000000000000000000003C
:104C7800000000000000000000000000000000002C
:104C880051CC040000000000E43B050000000200D5
:104C9800F03B050000000200FC3B050000000A0094
:104CA800A0050020A0050020000000000000000072
:104CB8000E000000B4050020B4050020C51503004F
:104CC8000000000000000000143600200000000072
:104CD800654A0300000000001C36002000000000A8
:104CE800913A030000000000243600200000000074
:104CF8007DDF0300000000002C36002000000000CB
:104D08007DDF0300000000003436002000000000B2
:104D1800FD36030000000000F444002000000000FD
:104D2800F1EB0300000000000C450020000000002B
:104D38007DDF030000000000144500200000000093
:104D48003D62030000000000A045002000000000B4
:104D5800996C030000000000A84500200000000036
:104D68007DDF030000000000B045002000000000C7
:104D7800356E030000000000B84500200000000068
:104D8800E579030000000000DC4700200000000077
:104D98006C49002000000000FC4A002000000000D0
:104DA8006C4E002000000000E9F80300000000003D
:104DB80058510020000000007DDC030000000000C6
:104DC80084510020000000007DDF03000000000087
:104DD800A055002000000000F52703000000000097
:104DE8009855002000000000F5270300000000008F
:104DF8009055002000000000692403000000000016
:104E08008855002000000000F5270300000000007E
:104E18008055002000000000692403000000000005
:104E28007855002000000000F52703000800000066
:104E380000000000492D040000000000F80C0500E7
:104E48000200000000000000E00C05000F00000058
:104E580001000000E00C05000B000000020000004B
:104E6800F80C05000600200000000000F80C050002
:104E78000800200001000000F80C050014002000C4
:104E880002000000F80C05001800200003000000D4
:104E9800F80C05000B0020000400000000000000D2
:104EA80000000000000000000000000000000000FA
:104EB80000000000000000000000000000000000EA
:104EC80000000000000000000000000000000000DA
:104ED80000000000000000000000000000000000CA
:104EE80000000000000000000000000000000000BA
:104EF80000000000000000000000000000000000AA
:104F08000000000000000000000000000800000091
:104F1800FF00000000000000030000000000000087
:104F2800343905004F040500D5B70200F1B7020077
:104F38003008002030080020FF02000000000000B8
:104F48000000000000000100000000000000000157
:104F580012180F1806C10302010102010100000026
:104F68000300000100000B01501D5E610100640197
:104F78000000000000000000000000000000000029
:104F88000000000000000000000000000000000019
:024F9800000017
:104FA00000000000000000001D7704000000000069
:104FB0000000000000000000B0080020B008002041
:104FC000D17F02000000000000000000000000008F
:104FD00000000000000000000000000000000000D1
:104FE0001D77040000000000000000000000000029
:104FF000E8080020E8080020959202000000000068
:1050000000000000000000000000000000000000A0
:10501000080900200809002014AF0020000000004B
:10502000050000002C000000000000002409002002
:1050300024090020D07E00200000000005000000B0
:10504000B0000000000000004009002040090020DE
:1050500044B0002000000000200000001400000008
:10506000000000005C0900205C090020F0AF002077
:1050700000000000030000001C0000000000000011
:1050800078090020780900200000000000000000DE
:105090000E0000008C0900208C0900200000000098
:0850A000000000000E000000FA
:1050A800A0090020A00900200C0000000400000056
:1050B800C0A00020F0A00020C0A00020C0A00020B8
:1050C80000000000C4090020C409002000000000FE
:1050D800D0090020D00900200C00000005000000C5
:1050E800F0A000202CA10020F0A00020F0A00020BB
:1050F80000000000F4090020F4090020000000006E
:10510800000A0020000A0020080000001400000027
:105118002CA10020CCA100202CA100202CA1002033
:1051280000000000240A0020240A002000000000DB
:10513800300A0020300A00200100000001000000B1
:10514800400A0020400A0020480A0020480A00209F
:105158000100000001000000580A0020580A002041
:10516800600A0020600A002000000000FFFFFFFF27
:08517800700A0020700A0020FB
:105180000000000000000000800A0020800A0020CB
:10519000880A0020880A00200000000000000000AB
:1051A000980A0020980A0020A00A0020A00A0020E7
:1051B0000000000000000000B00A0020B00A00203B
:1051C000B80A0020B80A0020030003001000000005
:1051D000000000006C1A050040AD00200000000037
:1051E00000000000DC0A0020DC0A0020E40A0020A5
:1051F000E40A00200300030010000000B9EF0200E1
:10520000141B05009CAE0020000000000000000000
:10521000080B0020080B0020100B0020100B0020B2
:1052200003000300010000000000000094190500C5
:10523000F8A800200000000000000000340B00204F
:10524000340B00203C0B00203C0B00200500050027
:105250001000000085DB02005C1A050098AB0020FE
:105260000000000000000000600B0020600B002028
:10527000680B0020680B0020030003000100000001
:10528000000000004C1A050044AB002000000000A4
:10529000000000008C0B00208C0B0020940B0020E1
:1052A000940B00201000100006000000C9BF02008F
:1052B000841905006CA6002000000000000000001A
:1052C000B80B0020B80B0020C00B0020C00B002042
:1052D000010001000100000000000000A419050009
:0452E00050AA0020B0
:1052E4001201000200000040501D5E610104010231
:1052F400030109020000000100E03209040000017A
:1053040003000000092111010001220000070580AB
:10531400031000010403090418035A4D4B20507272
:105324006F6A656374000000000000000000000064
:1053340002032203303132333435363738394142AF
:105344004344454600000000000000000000000047
:0653540000000000000053
:10535C0000000000F70B002067A904004DBB020001
:10536C00EDBA02000000000075BA02000100000056
:04537C0050040020B9
:10538000400D0500700D0500A00D0500580D05002D
:04539000880D05007F
:0453940015E015E02B
:040000032000B1C563
:00000001FF
